Distance l,q,q_MSD_numerics,q_* (Theory),q_*(Numerics),MSD_minimum
1,0.001,3349.177288847076,0.9101797211244548,0.9134564564564565,2757.068640015289
1,0.003001001001001001,3349.11475777232,0.9101797211244548,0.9134564564564565,2757.068640015289
1,0.005002002002002002,3348.985450788594,0.9101797211244548,0.9134564564564565,2757.068640015289
1,0.007003003003003003,3348.780982188025,0.9101797211244548,0.9134564564564565,2757.068640015289
1,0.009004004004004005,3348.4889699324,0.9101797211244548,0.9134564564564565,2757.068640015289
1,0.01100500500500501,3348.093303722539,0.9101797211244548,0.9134564564564565,2757.068640015289
1,0.01300600600600601,3347.574550419525,0.9101797211244548,0.9134564564564565,2757.068640015289
1,0.01500700700700701,3346.910528306292,0.9101797211244548,0.9134564564564565,2757.068640015289
1,0.01700800800800801,3346.077077051012,0.9101797211244548,0.9134564564564565,2757.068640015289
1,0.01900900900900901,3345.049037266486,0.9101797211244548,0.9134564564564565,2757.068640015289
1,0.02101001001001001,3343.801431652336,0.9101797211244548,0.9134564564564565,2757.068640015289
1,0.02301101101101101,3342.310809927757,0.9101797211244548,0.9134564564564565,2757.068640015289
1,0.02501201201201201,3340.556685439625,0.9101797211244548,0.9134564564564565,2757.068640015289
1,0.02701301301301301,3338.522958238668,0.9101797211244548,0.9134564564564565,2757.068640015289
1,0.02901401401401402,3336.199195099177,0.9101797211244548,0.9134564564564565,2757.068640015289
1,0.03101501501501502,3333.58162915193,0.9101797211244548,0.9134564564564565,2757.068640015289
1,0.03301601601601602,3330.673756095539,0.9101797211244548,0.9134564564564565,2757.068640015289
1,0.03501701701701702,3327.486441490159,0.9101797211244548,0.9134564564564565,2757.068640015289
1,0.03701801801801802,3324.037509757262,0.9101797211244548,0.9134564564564565,2757.068640015289
1,0.03901901901901902,3320.350850245533,0.9101797211244548,0.9134564564564565,2757.068640015289
1,0.04102002002002002,3316.455136182246,0.9101797211244548,0.9134564564564565,2757.068640015289
1,0.04302102102102102,3312.38229637707,0.9101797211244548,0.9134564564564565,2757.068640015289
1,0.04502202202202202,3308.165899248584,0.9101797211244548,0.9134564564564565,2757.068640015289
1,0.04702302302302303,3303.839602397517,0.9101797211244548,0.9134564564564565,2757.068640015289
1,0.04902402402402403,3299.435792915626,0.9101797211244548,0.9134564564564565,2757.068640015289
1,0.05102502502502503,3294.984502317722,0.9101797211244548,0.9134564564564565,2757.068640015289
1,0.05302602602602603,3290.51263502751,0.9101797211244548,0.9134564564564565,2757.068640015289
1,0.05502702702702703,3286.043508965459,0.9101797211244548,0.9134564564564565,2757.068640015289
1,0.05702802802802803,3281.596676229535,0.9101797211244548,0.9134564564564565,2757.068640015289
1,0.05902902902902903,3277.187973117319,0.9101797211244548,0.9134564564564565,2757.068640015289
1,0.06103003003003003,3272.829741087802,0.9101797211244548,0.9134564564564565,2757.068640015289
1,0.06303103103103103,3268.531161344387,0.9101797211244548,0.9134564564564565,2757.068640015289
1,0.06503203203203203,3264.29865255871,0.9101797211244548,0.9134564564564565,2757.068640015289
1,0.06703303303303304,3260.136291053443,0.9101797211244548,0.9134564564564565,2757.068640015289
1,0.06903403403403403,3256.046223296873,0.9101797211244548,0.9134564564564565,2757.068640015289
1,0.07103503503503504,3252.029050373112,0.9101797211244548,0.9134564564564565,2757.068640015289
1,0.07303603603603603,3248.084172359548,0.9101797211244548,0.9134564564564565,2757.068640015289
1,0.07503703703703704,3244.210086981209,0.9101797211244548,0.9134564564564565,2757.068640015289
1,0.07703803803803803,3240.404641563413,0.9101797211244548,0.9134564564564565,2757.068640015289
1,0.07903903903903904,3236.665240405101,0.9101797211244548,0.9134564564564565,2757.068640015289
1,0.08104004004004003,3232.989011552349,0.9101797211244548,0.9134564564564565,2757.068640015289
1,0.08304104104104104,3229.372937881671,0.9101797211244548,0.9134564564564565,2757.068640015289
1,0.08504204204204205,3225.813957680423,0.9101797211244548,0.9134564564564565,2757.068640015289
1,0.08704304304304304,3222.309039765324,0.9101797211244548,0.9134564564564565,2757.068640015289
1,0.08904404404404405,3218.85523778068,0.9101797211244548,0.9134564564564565,2757.068640015289
1,0.09104504504504504,3215.449727791762,0.9101797211244548,0.9134564564564565,2757.068640015289
1,0.09304604604604605,3212.089832715477,0.9101797211244548,0.9134564564564565,2757.068640015289
1,0.09504704704704704,3208.773036570777,0.9101797211244548,0.9134564564564565,2757.068640015289
1,0.09704804804804805,3205.496991008322,0.9101797211244548,0.9134564564564565,2757.068640015289
1,0.09904904904904906,3202.259516117719,0.9101797211244548,0.9134564564564565,2757.068640015289
1,0.10105005005005,3199.058597107022,0.9101797211244548,0.9134564564564565,2757.068640015289
1,0.1030510510510511,3195.892378113099,0.9101797211244548,0.9134564564564565,2757.068640015289
1,0.1050520520520521,3192.759154117654,0.9101797211244548,0.9134564564564565,2757.068640015289
1,0.1070530530530531,3189.657361716339,0.9101797211244548,0.9134564564564565,2757.068640015289
1,0.1090540540540541,3186.585569300557,0.9101797211244548,0.9134564564564565,2757.068640015289
1,0.1110550550550551,3183.542467066642,0.9101797211244548,0.9134564564564565,2757.068640015289
1,0.1130560560560561,3180.526857148674,0.9101797211244548,0.9134564564564565,2757.068640015289
1,0.1150570570570571,3177.537644082338,0.9101797211244548,0.9134564564564565,2757.068640015289
1,0.1170580580580581,3174.573825737088,0.9101797211244548,0.9134564564564565,2757.068640015289
1,0.1190590590590591,3171.634484801504,0.9101797211244548,0.9134564564564565,2757.068640015289
1,0.1210600600600601,3168.718780867336,0.9101797211244548,0.9134564564564565,2757.068640015289
1,0.1230610610610611,3165.825943128241,0.9101797211244548,0.9134564564564565,2757.068640015289
1,0.1250620620620621,3162.95526368973,0.9101797211244548,0.9134564564564565,2757.068640015289
1,0.1270630630630631,3160.106091471358,0.9101797211244548,0.9134564564564565,2757.068640015289
1,0.1290640640640641,3157.277826672175,0.9101797211244548,0.9134564564564565,2757.068640015289
1,0.1310650650650651,3154.469915766863,0.9101797211244548,0.9134564564564565,2757.068640015289
1,0.1330660660660661,3151.681846993014,0.9101797211244548,0.9134564564564565,2757.068640015289
1,0.1350670670670671,3148.913146292386,0.9101797211244548,0.9134564564564565,2757.068640015289
1,0.1370680680680681,3146.163373666266,0.9101797211244548,0.9134564564564565,2757.068640015289
1,0.1390690690690691,3143.432119907993,0.9101797211244548,0.9134564564564565,2757.068640015289
1,0.1410700700700701,3140.719003676536,0.9101797211244548,0.9134564564564565,2757.068640015289
1,0.1430710710710711,3138.023668877117,0.9101797211244548,0.9134564564564565,2757.068640015289
1,0.1450720720720721,3135.345782318485,0.9101797211244548,0.9134564564564565,2757.068640015289
1,0.1470730730730731,3132.685031616939,0.9101797211244548,0.9134564564564565,2757.068640015289
1,0.1490740740740741,3130.041123321565,0.9101797211244548,0.9134564564564565,2757.068640015289
1,0.1510750750750751,3127.413781236684,0.9101797211244548,0.9134564564564565,2757.068640015289
1,0.1530760760760761,3124.802744919765,0.9101797211244548,0.9134564564564565,2757.068640015289
1,0.1550770770770771,3122.207768335577,0.9101797211244548,0.9134564564564565,2757.068640015289
1,0.1570780780780781,3119.628618649246,0.9101797211244548,0.9134564564564565,2757.068640015289
1,0.1590790790790791,3117.065075142568,0.9101797211244548,0.9134564564564565,2757.068640015289
1,0.1610800800800801,3114.516928240098,0.9101797211244548,0.9134564564564565,2757.068640015289
1,0.1630810810810811,3111.983978632357,0.9101797211244548,0.9134564564564565,2757.068640015289
1,0.1650820820820821,3109.466036485457,0.9101797211244548,0.9134564564564565,2757.068640015289
1,0.1670830830830831,3106.962920727779,0.9101797211244548,0.9134564564564565,2757.068640015289
1,0.1690840840840841,3104.474458404509,0.9101797211244548,0.9134564564564565,2757.068640015289
1,0.1710850850850851,3102.000484093234,0.9101797211244548,0.9134564564564565,2757.068640015289
1,0.1730860860860861,3099.540839373499,0.9101797211244548,0.9134564564564565,2757.068640015289
1,0.1750870870870871,3097.095372344456,0.9101797211244548,0.9134564564564565,2757.068640015289
1,0.1770880880880881,3094.663937185629,0.9101797211244548,0.9134564564564565,2757.068640015289
1,0.1790890890890891,3092.246393756074,0.9101797211244548,0.9134564564564565,2757.068640015289
1,0.1810900900900901,3089.842607227853,0.9101797211244548,0.9134564564564565,2757.068640015289
1,0.1830910910910911,3087.452447750363,0.9101797211244548,0.9134564564564565,2757.068640015289
1,0.1850920920920921,3085.075790142243,0.9101797211244548,0.9134564564564565,2757.068640015289
1,0.1870930930930931,3082.712513608162,0.9101797211244548,0.9134564564564565,2757.068640015289
1,0.1890940940940941,3080.362501478049,0.9101797211244548,0.9134564564564565,2757.068640015289
1,0.1910950950950951,3078.025640966315,0.9101797211244548,0.9134564564564565,2757.068640015289
1,0.1930960960960961,3075.70182294949,0.9101797211244548,0.9134564564564565,2757.068640015289
1,0.1950970970970971,3073.390941760304,0.9101797211244548,0.9134564564564565,2757.068640015289
1,0.1970980980980981,3071.092894996839,0.9101797211244548,0.9134564564564565,2757.068640015289
1,0.1990990990990991,3068.807583345076,0.9101797211244548,0.9134564564564565,2757.068640015289
1,0.2011001001001001,3066.534910414076,0.9101797211244548,0.9134564564564565,2757.068640015289
1,0.2031011011011011,3064.274782582424,0.9101797211244548,0.9134564564564565,2757.068640015289
1,0.2051021021021021,3062.027108854893,0.9101797211244548,0.9134564564564565,2757.068640015289
1,0.2071031031031031,3059.791800728704,0.9101797211244548,0.9134564564564565,2757.068640015289
1,0.2091041041041041,3057.568772068437,0.9101797211244548,0.9134564564564565,2757.068640015289
1,0.2111051051051051,3055.357938988851,0.9101797211244548,0.9134564564564565,2757.068640015289
1,0.2131061061061061,3053.159219745206,0.9101797211244548,0.9134564564564565,2757.068640015289
1,0.2151071071071071,3050.972534630169,0.9101797211244548,0.9134564564564565,2757.068640015289
1,0.2171081081081081,3048.797805877148,0.9101797211244548,0.9134564564564565,2757.068640015289
1,0.2191091091091091,3046.634957569296,0.9101797211244548,0.9134564564564565,2757.068640015289
1,0.2211101101101101,3044.483915553856,0.9101797211244548,0.9134564564564565,2757.068640015289
1,0.2231111111111111,3042.344607361661,0.9101797211244548,0.9134564564564565,2757.068640015289
1,0.2251121121121121,3040.216962131018,0.9101797211244548,0.9134564564564565,2757.068640015289
1,0.2271131131131131,3038.100910536017,0.9101797211244548,0.9134564564564565,2757.068640015289
1,0.2291141141141141,3035.996384718825,0.9101797211244548,0.9134564564564565,2757.068640015289
1,0.2311151151151151,3033.903318225713,0.9101797211244548,0.9134564564564565,2757.068640015289
1,0.2331161161161161,3031.821645946501,0.9101797211244548,0.9134564564564565,2757.068640015289
1,0.2351171171171171,3029.75130405731,0.9101797211244548,0.9134564564564565,2757.068640015289
1,0.2371181181181181,3027.692229966404,0.9101797211244548,0.9134564564564565,2757.068640015289
1,0.2391191191191191,3025.644362262732,0.9101797211244548,0.9134564564564565,2757.068640015289
1,0.2411201201201201,3023.607640667338,0.9101797211244548,0.9134564564564565,2757.068640015289
1,0.2431211211211211,3021.58200598706,0.9101797211244548,0.9134564564564565,2757.068640015289
1,0.2451221221221221,3019.567400070795,0.9101797211244548,0.9134564564564565,2757.068640015289
1,0.2471231231231231,3017.563765767774,0.9101797211244548,0.9134564564564565,2757.068640015289
1,0.2491241241241241,3015.571046888077,0.9101797211244548,0.9134564564564565,2757.068640015289
1,0.2511251251251251,3013.589188165012,0.9101797211244548,0.9134564564564565,2757.068640015289
1,0.2531261261261261,3011.618135219358,0.9101797211244548,0.9134564564564565,2757.068640015289
1,0.2551271271271272,3009.657834525327,0.9101797211244548,0.9134564564564565,2757.068640015289
1,0.2571281281281281,3007.708233378226,0.9101797211244548,0.9134564564564565,2757.068640015289
1,0.2591291291291291,3005.769279863583,0.9101797211244548,0.9134564564564565,2757.068640015289
1,0.2611301301301301,3003.840922827744,0.9101797211244548,0.9134564564564565,2757.068640015289
1,0.2631311311311311,3001.923111849954,0.9101797211244548,0.9134564564564565,2757.068640015289
1,0.2651321321321322,3000.015797215577,0.9101797211244548,0.9134564564564565,2757.068640015289
1,0.2671331331331331,2998.118929890633,0.9101797211244548,0.9134564564564565,2757.068640015289
1,0.2691341341341341,2996.232461497517,0.9101797211244548,0.9134564564564565,2757.068640015289
1,0.2711351351351352,2994.356344291849,0.9101797211244548,0.9134564564564565,2757.068640015289
1,0.2731361361361361,2992.49053114021,0.9101797211244548,0.9134564564564565,2757.068640015289
1,0.2751371371371372,2990.634975499048,0.9101797211244548,0.9134564564564565,2757.068640015289
1,0.2771381381381381,2988.789631394449,0.9101797211244548,0.9134564564564565,2757.068640015289
1,0.2791391391391391,2986.9544534028,0.9101797211244548,0.9134564564564565,2757.068640015289
1,0.2811401401401402,2985.129396632281,0.9101797211244548,0.9134564564564565,2757.068640015289
1,0.2831411411411411,2983.314416705238,0.9101797211244548,0.9134564564564565,2757.068640015289
1,0.2851421421421421,2981.509469741176,0.9101797211244548,0.9134564564564565,2757.068640015289
1,0.2871431431431432,2979.714512340632,0.9101797211244548,0.9134564564564565,2757.068640015289
1,0.2891441441441441,2977.929501569639,0.9101797211244548,0.9134564564564565,2757.068640015289
1,0.2911451451451452,2976.154394944884,0.9101797211244548,0.9134564564564565,2757.068640015289
1,0.2931461461461461,2974.389150419465,0.9101797211244548,0.9134564564564565,2757.068640015289
1,0.2951471471471471,2972.633726369244,0.9101797211244548,0.9134564564564565,2757.068640015289
1,0.2971481481481482,2970.888081579837,0.9101797211244548,0.9134564564564565,2757.068640015289
1,0.2991491491491491,2969.152175233987,0.9101797211244548,0.9134564564564565,2757.068640015289
1,0.3011501501501502,2967.425966899624,0.9101797211244548,0.9134564564564565,2757.068640015289
1,0.3031511511511512,2965.709416518267,0.9101797211244548,0.9134564564564565,2757.068640015289
1,0.3051521521521521,2964.002484393999,0.9101797211244548,0.9134564564564565,2757.068640015289
1,0.3071531531531532,2962.305131182827,0.9101797211244548,0.9134564564564565,2757.068640015289
1,0.3091541541541541,2960.617317882478,0.9101797211244548,0.9134564564564565,2757.068640015289
1,0.3111551551551552,2958.939005822621,0.9101797211244548,0.9134564564564565,2757.068640015289
1,0.3131561561561562,2957.270156655387,0.9101797211244548,0.9134564564564565,2757.068640015289
1,0.3151571571571571,2955.61073234643,0.9101797211244548,0.9134564564564565,2757.068640015289
1,0.3171581581581582,2953.960695166174,0.9101797211244548,0.9134564564564565,2757.068640015289
1,0.3191591591591592,2952.320007681431,0.9101797211244548,0.9134564564564565,2757.068640015289
1,0.3211601601601601,2950.688632747429,0.9101797211244548,0.9134564564564565,2757.068640015289
1,0.3231611611611612,2949.066533500049,0.9101797211244548,0.9134564564564565,2757.068640015289
1,0.3251621621621621,2947.453673348408,0.9101797211244548,0.9134564564564565,2757.068640015289
1,0.3271631631631632,2945.850015967669,0.9101797211244548,0.9134564564564565,2757.068640015289
1,0.3291641641641642,2944.255525292191,0.9101797211244548,0.9134564564564565,2757.068640015289
1,0.3311651651651651,2942.670165508915,0.9101797211244548,0.9134564564564565,2757.068640015289
1,0.3331661661661662,2941.093901050936,0.9101797211244548,0.9134564564564565,2757.068640015289
1,0.3351671671671672,2939.526696591392,0.9101797211244548,0.9134564564564565,2757.068640015289
1,0.3371681681681682,2937.968517037533,0.9101797211244548,0.9134564564564565,2757.068640015289
1,0.3391691691691692,2936.419327525023,0.9101797211244548,0.9134564564564565,2757.068640015289
1,0.3411701701701702,2934.879093412447,0.9101797211244548,0.9134564564564565,2757.068640015289
1,0.3431711711711712,2933.347780275999,0.9101797211244548,0.9134564564564565,2757.068640015289
1,0.3451721721721722,2931.82535390438,0.9101797211244548,0.9134564564564565,2757.068640015289
1,0.3471731731731732,2930.311780293894,0.9101797211244548,0.9134564564564565,2757.068640015289
1,0.3491741741741742,2928.807025643687,0.9101797211244548,0.9134564564564565,2757.068640015289
1,0.3511751751751752,2927.31105635113,0.9101797211244548,0.9134564564564565,2757.068640015289
1,0.3531761761761762,2925.823839007477,0.9101797211244548,0.9134564564564565,2757.068640015289
1,0.3551771771771772,2924.345340393537,0.9101797211244548,0.9134564564564565,2757.068640015289
1,0.3571781781781782,2922.875527475581,0.9101797211244548,0.9134564564564565,2757.068640015289
1,0.3591791791791792,2921.414367401371,0.9101797211244548,0.9134564564564565,2757.068640015289
1,0.3611801801801802,2919.961827496333,0.9101797211244548,0.9134564564564565,2757.068640015289
1,0.3631811811811812,2918.517875259824,0.9101797211244548,0.9134564564564565,2757.068640015289
1,0.3651821821821822,2917.082478361579,0.9101797211244548,0.9134564564564565,2757.068640015289
1,0.3671831831831832,2915.655604638284,0.9101797211244548,0.9134564564564565,2757.068640015289
1,0.3691841841841842,2914.237222090162,0.9101797211244548,0.9134564564564565,2757.068640015289
1,0.3711851851851852,2912.827298877823,0.9101797211244548,0.9134564564564565,2757.068640015289
1,0.3731861861861862,2911.425803319114,0.9101797211244548,0.9134564564564565,2757.068640015289
1,0.3751871871871872,2910.032703886095,0.9101797211244548,0.9134564564564565,2757.068640015289
1,0.3771881881881882,2908.647969202158,0.9101797211244548,0.9134564564564565,2757.068640015289
1,0.3791891891891892,2907.271568039193,0.9101797211244548,0.9134564564564565,2757.068640015289
1,0.3811901901901902,2905.903469314861,0.9101797211244548,0.9134564564564565,2757.068640015289
1,0.3831911911911912,2904.543642089981,0.9101797211244548,0.9134564564564565,2757.068640015289
1,0.3851921921921922,2903.192055565947,0.9101797211244548,0.9134564564564565,2757.068640015289
1,0.3871931931931932,2901.8486790823,0.9101797211244548,0.9134564564564565,2757.068640015289
1,0.3891941941941942,2900.513482114323,0.9101797211244548,0.9134564564564565,2757.068640015289
1,0.3911951951951952,2899.186434270764,0.9101797211244548,0.9134564564564565,2757.068640015289
1,0.3931961961961962,2897.867505291531,0.9101797211244548,0.9134564564564565,2757.068640015289
1,0.3951971971971972,2896.556665045604,0.9101797211244548,0.9134564564564565,2757.068640015289
1,0.3971981981981982,2895.253883528926,0.9101797211244548,0.9134564564564565,2757.068640015289
1,0.3991991991991992,2893.95913086234,0.9101797211244548,0.9134564564564565,2757.068640015289
1,0.4012002002002002,2892.672377289668,0.9101797211244548,0.9134564564564565,2757.068640015289
1,0.4032012012012012,2891.393593175772,0.9101797211244548,0.9134564564564565,2757.068640015289
1,0.4052022022022022,2890.12274900477,0.9101797211244548,0.9134564564564565,2757.068640015289
1,0.4072032032032032,2888.859815378166,0.9101797211244548,0.9134564564564565,2757.068640015289
1,0.4092042042042042,2887.604763013223,0.9101797211244548,0.9134564564564565,2757.068640015289
1,0.4112052052052052,2886.357562741197,0.9101797211244548,0.9134564564564565,2757.068640015289
1,0.4132062062062062,2885.118185505766,0.9101797211244548,0.9134564564564565,2757.068640015289
1,0.4152072072072072,2883.886602361451,0.9101797211244548,0.9134564564564565,2757.068640015289
1,0.4172082082082082,2882.662784472072,0.9101797211244548,0.9134564564564565,2757.068640015289
1,0.4192092092092092,2881.446703109286,0.9101797211244548,0.9134564564564565,2757.068640015289
1,0.4212102102102102,2880.238329651143,0.9101797211244548,0.9134564564564565,2757.068640015289
1,0.4232112112112112,2879.037635580711,0.9101797211244548,0.9134564564564565,2757.068640015289
1,0.4252122122122122,2877.844592484695,0.9101797211244548,0.9134564564564565,2757.068640015289
1,0.4272132132132132,2876.659172052172,0.9101797211244548,0.9134564564564565,2757.068640015289
1,0.4292142142142142,2875.481346073281,0.9101797211244548,0.9134564564564565,2757.068640015289
1,0.4312152152152152,2874.311086438031,0.9101797211244548,0.9134564564564565,2757.068640015289
1,0.4332162162162162,2873.148365135066,0.9101797211244548,0.9134564564564565,2757.068640015289
1,0.4352172172172172,2871.993154250535,0.9101797211244548,0.9134564564564565,2757.068640015289
1,0.4372182182182182,2870.845425966958,0.9101797211244548,0.9134564564564565,2757.068640015289
1,0.4392192192192192,2869.705152562135,0.9101797211244548,0.9134564564564565,2757.068640015289
1,0.4412202202202202,2868.572306408071,0.9101797211244548,0.9134564564564565,2757.068640015289
1,0.4432212212212212,2867.446859969974,0.9101797211244548,0.9134564564564565,2757.068640015289
1,0.4452222222222222,2866.328785805234,0.9101797211244548,0.9134564564564565,2757.068640015289
1,0.4472232232232232,2865.218056562457,0.9101797211244548,0.9134564564564565,2757.068640015289
1,0.4492242242242243,2864.114644980527,0.9101797211244548,0.9134564564564565,2757.068640015289
1,0.4512252252252252,2863.018523887686,0.9101797211244548,0.9134564564564565,2757.068640015289
1,0.4532262262262262,2861.92966620065,0.9101797211244548,0.9134564564564565,2757.068640015289
1,0.4552272272272272,2860.848044923741,0.9101797211244548,0.9134564564564565,2757.068640015289
1,0.4572282282282282,2859.773633148038,0.9101797211244548,0.9134564564564565,2757.068640015289
1,0.4592292292292292,2858.706404050589,0.9101797211244548,0.9134564564564565,2757.068640015289
1,0.4612302302302302,2857.646330893571,0.9101797211244548,0.9134564564564565,2757.068640015289
1,0.4632312312312312,2856.593387023585,0.9101797211244548,0.9134564564564565,2757.068640015289
1,0.4652322322322323,2855.547545870841,0.9101797211244548,0.9134564564564565,2757.068640015289
1,0.4672332332332332,2854.508780948463,0.9101797211244548,0.9134564564564565,2757.068640015289
1,0.4692342342342342,2853.4770658518,0.9101797211244548,0.9134564564564565,2757.068640015289
1,0.4712352352352353,2852.45237425768,0.9101797211244548,0.9134564564564565,2757.068640015289
1,0.4732362362362362,2851.434679923804,0.9101797211244548,0.9134564564564565,2757.068640015289
1,0.4752372372372373,2850.423956688045,0.9101797211244548,0.9134564564564565,2757.068640015289
1,0.4772382382382382,2849.420178467854,0.9101797211244548,0.9134564564564565,2757.068640015289
1,0.4792392392392392,2848.423319259619,0.9101797211244548,0.9134564564564565,2757.068640015289
1,0.4812402402402403,2847.433353138065,0.9101797211244548,0.9134564564564565,2757.068640015289
1,0.4832412412412412,2846.450254255689,0.9101797211244548,0.9134564564564565,2757.068640015289
1,0.4852422422422423,2845.473996842181,0.9101797211244548,0.9134564564564565,2757.068640015289
1,0.4872432432432433,2844.504555203867,0.9101797211244548,0.9134564564564565,2757.068640015289
1,0.4892442442442442,2843.541903723187,0.9101797211244548,0.9134564564564565,2757.068640015289
1,0.4912452452452453,2842.586016858153,0.9101797211244548,0.9134564564564565,2757.068640015289
1,0.4932462462462462,2841.636869141857,0.9101797211244548,0.9134564564564565,2757.068640015289
1,0.4952472472472472,2840.694435181962,0.9101797211244548,0.9134564564564565,2757.068640015289
1,0.4972482482482483,2839.758689660232,0.9101797211244548,0.9134564564564565,2757.068640015289
1,0.4992492492492492,2838.829607332054,0.9101797211244548,0.9134564564564565,2757.068640015289
1,0.5012502502502503,2837.907163025971,0.9101797211244548,0.9134564564564565,2757.068640015289
1,0.5032512512512513,2836.991331643262,0.9101797211244548,0.9134564564564565,2757.068640015289
1,0.5052522522522522,2836.082088157477,0.9101797211244548,0.9134564564564565,2757.068640015289
1,0.5072532532532532,2835.179407614041,0.9101797211244548,0.9134564564564565,2757.068640015289
1,0.5092542542542543,2834.28326512982,0.9101797211244548,0.9134564564564565,2757.068640015289
1,0.5112552552552553,2833.393635892735,0.9101797211244548,0.9134564564564565,2757.068640015289
1,0.5132562562562563,2832.510495161352,0.9101797211244548,0.9134564564564565,2757.068640015289
1,0.5152572572572572,2831.633818264538,0.9101797211244548,0.9134564564564565,2757.068640015289
1,0.5172582582582582,2830.76358060103,0.9101797211244548,0.9134564564564565,2757.068640015289
1,0.5192592592592593,2829.899757639123,0.9101797211244548,0.9134564564564565,2757.068640015289
1,0.5212602602602603,2829.042324916307,0.9101797211244548,0.9134564564564565,2757.068640015289
1,0.5232612612612613,2828.191258038886,0.9101797211244548,0.9134564564564565,2757.068640015289
1,0.5252622622622622,2827.346532681699,0.9101797211244548,0.9134564564564565,2757.068640015289
1,0.5272632632632632,2826.508124587737,0.9101797211244548,0.9134564564564565,2757.068640015289
1,0.5292642642642643,2825.676009567857,0.9101797211244548,0.9134564564564565,2757.068640015289
1,0.5312652652652653,2824.850163500471,0.9101797211244548,0.9134564564564565,2757.068640015289
1,0.5332662662662663,2824.030562331206,0.9101797211244548,0.9134564564564565,2757.068640015289
1,0.5352672672672673,2823.217182072648,0.9101797211244548,0.9134564564564565,2757.068640015289
1,0.5372682682682682,2822.409998804027,0.9101797211244548,0.9134564564564565,2757.068640015289
1,0.5392692692692693,2821.608988670946,0.9101797211244548,0.9134564564564565,2757.068640015289
1,0.5412702702702703,2820.814127885094,0.9101797211244548,0.9134564564564565,2757.068640015289
1,0.5432712712712713,2820.025392723973,0.9101797211244548,0.9134564564564565,2757.068640015289
1,0.5452722722722723,2819.242759530654,0.9101797211244548,0.9134564564564565,2757.068640015289
1,0.5472732732732732,2818.466204713499,0.9101797211244548,0.9134564564564565,2757.068640015289
1,0.5492742742742743,2817.695704745918,0.9101797211244548,0.9134564564564565,2757.068640015289
1,0.5512752752752753,2816.931236166117,0.9101797211244548,0.9134564564564565,2757.068640015289
1,0.5532762762762763,2816.172775576868,0.9101797211244548,0.9134564564564565,2757.068640015289
1,0.5552772772772773,2815.420299645253,0.9101797211244548,0.9134564564564565,2757.068640015289
1,0.5572782782782782,2814.673785102466,0.9101797211244548,0.9134564564564565,2757.068640015289
1,0.5592792792792792,2813.933208743554,0.9101797211244548,0.9134564564564565,2757.068640015289
1,0.5612802802802803,2813.198547427225,0.9101797211244548,0.9134564564564565,2757.068640015289
1,0.5632812812812813,2812.469778075617,0.9101797211244548,0.9134564564564565,2757.068640015289
1,0.5652822822822823,2811.746877674086,0.9101797211244548,0.9134564564564565,2757.068640015289
1,0.5672832832832833,2811.029823271018,0.9101797211244548,0.9134564564564565,2757.068640015289
1,0.5692842842842842,2810.318591977601,0.9101797211244548,0.9134564564564565,2757.068640015289
1,0.5712852852852853,2809.613160967655,0.9101797211244548,0.9134564564564565,2757.068640015289
1,0.5732862862862863,2808.91350747742,0.9101797211244548,0.9134564564564565,2757.068640015289
1,0.5752872872872873,2808.219608805372,0.9101797211244548,0.9134564564564565,2757.068640015289
1,0.5772882882882883,2807.531442312041,0.9101797211244548,0.9134564564564565,2757.068640015289
1,0.5792892892892892,2806.848985419838,0.9101797211244548,0.9134564564564565,2757.068640015289
1,0.5812902902902903,2806.172215612848,0.9101797211244548,0.9134564564564565,2757.068640015289
1,0.5832912912912913,2805.501110436694,0.9101797211244548,0.9134564564564565,2757.068640015289
1,0.5852922922922923,2804.835647498333,0.9101797211244548,0.9134564564564565,2757.068640015289
1,0.5872932932932933,2804.175804465906,0.9101797211244548,0.9134564564564565,2757.068640015289
1,0.5892942942942943,2803.521559068593,0.9101797211244548,0.9134564564564565,2757.068640015289
1,0.5912952952952953,2802.872889096399,0.9101797211244548,0.9134564564564565,2757.068640015289
1,0.5932962962962963,2802.229772400052,0.9101797211244548,0.9134564564564565,2757.068640015289
1,0.5952972972972973,2801.592186890813,0.9101797211244548,0.9134564564564565,2757.068640015289
1,0.5972982982982983,2800.960110540337,0.9101797211244548,0.9134564564564565,2757.068640015289
1,0.5992992992992993,2800.333521380521,0.9101797211244548,0.9134564564564565,2757.068640015289
1,0.6013003003003003,2799.712397503376,0.9101797211244548,0.9134564564564565,2757.068640015289
1,0.6033013013013013,2799.096717060847,0.9101797211244548,0.9134564564564565,2757.068640015289
1,0.6053023023023023,2798.486458264693,0.9101797211244548,0.9134564564564565,2757.068640015289
1,0.6073033033033033,2797.881599386357,0.9101797211244548,0.9134564564564565,2757.068640015289
1,0.6093043043043043,2797.282118756816,0.9101797211244548,0.9134564564564565,2757.068640015289
1,0.6113053053053054,2796.687994766436,0.9101797211244548,0.9134564564564565,2757.068640015289
1,0.6133063063063063,2796.099205864887,0.9101797211244548,0.9134564564564565,2757.068640015289
1,0.6153073073073073,2795.515730560956,0.9101797211244548,0.9134564564564565,2757.068640015289
1,0.6173083083083083,2794.937547422447,0.9101797211244548,0.9134564564564565,2757.068640015289
1,0.6193093093093093,2794.364635076065,0.9101797211244548,0.9134564564564565,2757.068640015289
1,0.6213103103103104,2793.796972207268,0.9101797211244548,0.9134564564564565,2757.068640015289
1,0.6233113113113113,2793.234537560171,0.9101797211244548,0.9134564564564565,2757.068640015289
1,0.6253123123123123,2792.677309937405,0.9101797211244548,0.9134564564564565,2757.068640015289
1,0.6273133133133133,2792.125268200021,0.9101797211244548,0.9134564564564565,2757.068640015289
1,0.6293143143143143,2791.57839126734,0.9101797211244548,0.9134564564564565,2757.068640015289
1,0.6313153153153154,2791.036658116888,0.9101797211244548,0.9134564564564565,2757.068640015289
1,0.6333163163163164,2790.500047784227,0.9101797211244548,0.9134564564564565,2757.068640015289
1,0.6353173173173173,2789.968539362897,0.9101797211244548,0.9134564564564565,2757.068640015289
1,0.6373183183183183,2789.442112004266,0.9101797211244548,0.9134564564564565,2757.068640015289
1,0.6393193193193193,2788.920744917455,0.9101797211244548,0.9134564564564565,2757.068640015289
1,0.6413203203203203,2788.404417369183,0.9101797211244548,0.9134564564564565,2757.068640015289
1,0.6433213213213214,2787.893108683724,0.9101797211244548,0.9134564564564565,2757.068640015289
1,0.6453223223223223,2787.38679824276,0.9101797211244548,0.9134564564564565,2757.068640015289
1,0.6473233233233233,2786.885465485291,0.9101797211244548,0.9134564564564565,2757.068640015289
1,0.6493243243243243,2786.38908990753,0.9101797211244548,0.9134564564564565,2757.068640015289
1,0.6513253253253253,2785.89765106281,0.9101797211244548,0.9134564564564565,2757.068640015289
1,0.6533263263263264,2785.411128561479,0.9101797211244548,0.9134564564564565,2757.068640015289
1,0.6553273273273273,2784.929502070806,0.9101797211244548,0.9134564564564565,2757.068640015289
1,0.6573283283283283,2784.45275131488,0.9101797211244548,0.9134564564564565,2757.068640015289
1,0.6593293293293293,2783.98085607451,0.9101797211244548,0.9134564564564565,2757.068640015289
1,0.6613303303303303,2783.513796187156,0.9101797211244548,0.9134564564564565,2757.068640015289
1,0.6633313313313314,2783.051551546791,0.9101797211244548,0.9134564564564565,2757.068640015289
1,0.6653323323323324,2782.594102103852,0.9101797211244548,0.9134564564564565,2757.068640015289
1,0.6673333333333333,2782.141427865125,0.9101797211244548,0.9134564564564565,2757.068640015289
1,0.6693343343343343,2781.693508893648,0.9101797211244548,0.9134564564564565,2757.068640015289
1,0.6713353353353353,2781.250325308647,0.9101797211244548,0.9134564564564565,2757.068640015289
1,0.6733363363363364,2780.811857285417,0.9101797211244548,0.9134564564564565,2757.068640015289
1,0.6753373373373374,2780.378085055255,0.9101797211244548,0.9134564564564565,2757.068640015289
1,0.6773383383383383,2779.948988905362,0.9101797211244548,0.9134564564564565,2757.068640015289
1,0.6793393393393393,2779.524549178755,0.9101797211244548,0.9134564564564565,2757.068640015289
1,0.6813403403403403,2779.104746274194,0.9101797211244548,0.9134564564564565,2757.068640015289
1,0.6833413413413414,2778.689560646068,0.9101797211244548,0.9134564564564565,2757.068640015289
1,0.6853423423423424,2778.278972804353,0.9101797211244548,0.9134564564564565,2757.068640015289
1,0.6873433433433433,2777.872963314476,0.9101797211244548,0.9134564564564565,2757.068640015289
1,0.6893443443443443,2777.471512797272,0.9101797211244548,0.9134564564564565,2757.068640015289
1,0.6913453453453453,2777.074601928882,0.9101797211244548,0.9134564564564565,2757.068640015289
1,0.6933463463463464,2776.682211440684,0.9101797211244548,0.9134564564564565,2757.068640015289
1,0.6953473473473474,2776.29432211918,0.9101797211244548,0.9134564564564565,2757.068640015289
1,0.6973483483483484,2775.910914805958,0.9101797211244548,0.9134564564564565,2757.068640015289
1,0.6993493493493493,2775.531970397572,0.9101797211244548,0.9134564564564565,2757.068640015289
1,0.7013503503503503,2775.157469845486,0.9101797211244548,0.9134564564564565,2757.068640015289
1,0.7033513513513514,2774.787394155978,0.9101797211244548,0.9134564564564565,2757.068640015289
1,0.7053523523523524,2774.421724390068,0.9101797211244548,0.9134564564564565,2757.068640015289
1,0.7073533533533534,2774.060441663439,0.9101797211244548,0.9134564564564565,2757.068640015289
1,0.7093543543543543,2773.703527146363,0.9101797211244548,0.9134564564564565,2757.068640015289
1,0.7113553553553553,2773.350962063589,0.9101797211244548,0.9134564564564565,2757.068640015289
1,0.7133563563563564,2773.002727694321,0.9101797211244548,0.9134564564564565,2757.068640015289
1,0.7153573573573574,2772.658805372084,0.9101797211244548,0.9134564564564565,2757.068640015289
1,0.7173583583583584,2772.319176484687,0.9101797211244548,0.9134564564564565,2757.068640015289
1,0.7193593593593594,2771.983822474123,0.9101797211244548,0.9134564564564565,2757.068640015289
1,0.7213603603603603,2771.652724836493,0.9101797211244548,0.9134564564564565,2757.068640015289
1,0.7233613613613614,2771.325865121939,0.9101797211244548,0.9134564564564565,2757.068640015289
1,0.7253623623623624,2771.003224934561,0.9101797211244548,0.9134564564564565,2757.068640015289
1,0.7273633633633634,2770.684785932336,0.9101797211244548,0.9134564564564565,2757.068640015289
1,0.7293643643643644,2770.370529827045,0.9101797211244548,0.9134564564564565,2757.068640015289
1,0.7313653653653653,2770.060438384209,0.9101797211244548,0.9134564564564565,2757.068640015289
1,0.7333663663663663,2769.754493422983,0.9101797211244548,0.9134564564564565,2757.068640015289
1,0.7353673673673674,2769.452676816115,0.9101797211244548,0.9134564564564565,2757.068640015289
1,0.7373683683683684,2769.154970489844,0.9101797211244548,0.9134564564564565,2757.068640015289
1,0.7393693693693694,2768.86135642384,0.9101797211244548,0.9134564564564565,2757.068640015289
1,0.7413703703703703,2768.571816651114,0.9101797211244548,0.9134564564564565,2757.068640015289
1,0.7433713713713713,2768.286333257951,0.9101797211244548,0.9134564564564565,2757.068640015289
1,0.7453723723723724,2768.004888383844,0.9101797211244548,0.9134564564564565,2757.068640015289
1,0.7473733733733734,2767.727464221393,0.9101797211244548,0.9134564564564565,2757.068640015289
1,0.7493743743743744,2767.454043016263,0.9101797211244548,0.9134564564564565,2757.068640015289
1,0.7513753753753754,2767.184607067077,0.9101797211244548,0.9134564564564565,2757.068640015289
1,0.7533763763763763,2766.919138725362,0.9101797211244548,0.9134564564564565,2757.068640015289
1,0.7553773773773774,2766.657620395463,0.9101797211244548,0.9134564564564565,2757.068640015289
1,0.7573783783783784,2766.400034534478,0.9101797211244548,0.9134564564564565,2757.068640015289
1,0.7593793793793794,2766.146363652171,0.9101797211244548,0.9134564564564565,2757.068640015289
1,0.7613803803803804,2765.896590310902,0.9101797211244548,0.9134564564564565,2757.068640015289
1,0.7633813813813813,2765.650697125558,0.9101797211244548,0.9134564564564565,2757.068640015289
1,0.7653823823823824,2765.408666763469,0.9101797211244548,0.9134564564564565,2757.068640015289
1,0.7673833833833834,2765.170481944337,0.9101797211244548,0.9134564564564565,2757.068640015289
1,0.7693843843843844,2764.936125440166,0.9101797211244548,0.9134564564564565,2757.068640015289
1,0.7713853853853854,2764.705580075176,0.9101797211244548,0.9134564564564565,2757.068640015289
1,0.7733863863863863,2764.478828725733,0.9101797211244548,0.9134564564564565,2757.068640015289
1,0.7753873873873874,2764.25585432028,0.9101797211244548,0.9134564564564565,2757.068640015289
1,0.7773883883883884,2764.036639839257,0.9101797211244548,0.9134564564564565,2757.068640015289
1,0.7793893893893894,2763.821168315013,0.9101797211244548,0.9134564564564565,2757.068640015289
1,0.7813903903903904,2763.609422831764,0.9101797211244548,0.9134564564564565,2757.068640015289
1,0.7833913913913914,2763.401386525473,0.9101797211244548,0.9134564564564565,2757.068640015289
1,0.7853923923923924,2763.197042583819,0.9101797211244548,0.9134564564564565,2757.068640015289
1,0.7873933933933934,2762.996374246084,0.9101797211244548,0.9134564564564565,2757.068640015289
1,0.7893943943943944,2762.79936480311,0.9101797211244548,0.9134564564564565,2757.068640015289
1,0.7913953953953954,2762.605997597191,0.9101797211244548,0.9134564564564565,2757.068640015289
1,0.7933963963963964,2762.416256022026,0.9101797211244548,0.9134564564564565,2757.068640015289
1,0.7953973973973975,2762.230123522633,0.9101797211244548,0.9134564564564565,2757.068640015289
1,0.7973983983983984,2762.04758359526,0.9101797211244548,0.9134564564564565,2757.068640015289
1,0.7993993993993994,2761.868619787328,0.9101797211244548,0.9134564564564565,2757.068640015289
1,0.8014004004004004,2761.693215697345,0.9101797211244548,0.9134564564564565,2757.068640015289
1,0.8034014014014014,2761.521354974829,0.9101797211244548,0.9134564564564565,2757.068640015289
1,0.8054024024024025,2761.353021320238,0.9101797211244548,0.9134564564564565,2757.068640015289
1,0.8074034034034034,2761.188198484887,0.9101797211244548,0.9134564564564565,2757.068640015289
1,0.8094044044044044,2761.026870270882,0.9101797211244548,0.9134564564564565,2757.068640015289
1,0.8114054054054054,2760.869020531021,0.9101797211244548,0.9134564564564565,2757.068640015289
1,0.8134064064064064,2760.714633168741,0.9101797211244548,0.9134564564564565,2757.068640015289
1,0.8154074074074074,2760.563692138031,0.9101797211244548,0.9134564564564565,2757.068640015289
1,0.8174084084084084,2760.416181443351,0.9101797211244548,0.9134564564564565,2757.068640015289
1,0.8194094094094094,2760.272085139564,0.9101797211244548,0.9134564564564565,2757.068640015289
1,0.8214104104104104,2760.131387331846,0.9101797211244548,0.9134564564564565,2757.068640015289
1,0.8234114114114114,2759.994072175627,0.9101797211244548,0.9134564564564565,2757.068640015289
1,0.8254124124124124,2759.860123876487,0.9101797211244548,0.9134564564564565,2757.068640015289
1,0.8274134134134135,2759.7295266901,0.9101797211244548,0.9134564564564565,2757.068640015289
1,0.8294144144144144,2759.602264922155,0.9101797211244548,0.9134564564564565,2757.068640015289
1,0.8314154154154154,2759.47832292826,0.9101797211244548,0.9134564564564565,2757.068640015289
1,0.8334164164164164,2759.357685113881,0.9101797211244548,0.9134564564564565,2757.068640015289
1,0.8354174174174174,2759.240335934261,0.9101797211244548,0.9134564564564565,2757.068640015289
1,0.8374184184184185,2759.126259894327,0.9101797211244548,0.9134564564564565,2757.068640015289
1,0.8394194194194194,2759.015441548621,0.9101797211244548,0.9134564564564565,2757.068640015289
1,0.8414204204204204,2758.907865501239,0.9101797211244548,0.9134564564564565,2757.068640015289
1,0.8434214214214214,2758.803516405713,0.9101797211244548,0.9134564564564565,2757.068640015289
1,0.8454224224224224,2758.702378964969,0.9101797211244548,0.9134564564564565,2757.068640015289
1,0.8474234234234235,2758.604437931214,0.9101797211244548,0.9134564564564565,2757.068640015289
1,0.8494244244244245,2758.509678105882,0.9101797211244548,0.9134564564564565,2757.068640015289
1,0.8514254254254254,2758.418084339558,0.9101797211244548,0.9134564564564565,2757.068640015289
1,0.8534264264264264,2758.329641531849,0.9101797211244548,0.9134564564564565,2757.068640015289
1,0.8554274274274274,2758.244334631378,0.9101797211244548,0.9134564564564565,2757.068640015289
1,0.8574284284284285,2758.162148635639,0.9101797211244548,0.9134564564564565,2757.068640015289
1,0.8594294294294295,2758.083068590952,0.9101797211244548,0.9134564564564565,2757.068640015289
1,0.8614304304304304,2758.007079592368,0.9101797211244548,0.9134564564564565,2757.068640015289
1,0.8634314314314314,2757.934166783592,0.9101797211244548,0.9134564564564565,2757.068640015289
1,0.8654324324324324,2757.864315356905,0.9101797211244548,0.9134564564564565,2757.068640015289
1,0.8674334334334335,2757.797510553074,0.9101797211244548,0.9134564564564565,2757.068640015289
1,0.8694344344344345,2757.733737661275,0.9101797211244548,0.9134564564564565,2757.068640015289
1,0.8714354354354354,2757.67298201901,0.9101797211244548,0.9134564564564565,2757.068640015289
1,0.8734364364364364,2757.61522901203,0.9101797211244548,0.9134564564564565,2757.068640015289
1,0.8754374374374374,2757.560464074248,0.9101797211244548,0.9134564564564565,2757.068640015289
1,0.8774384384384385,2757.508672687643,0.9101797211244548,0.9134564564564565,2757.068640015289
1,0.8794394394394395,2757.459840382219,0.9101797211244548,0.9134564564564565,2757.068640015289
1,0.8814404404404405,2757.413952735865,0.9101797211244548,0.9134564564564565,2757.068640015289
1,0.8834414414414414,2757.370995374316,0.9101797211244548,0.9134564564564565,2757.068640015289
1,0.8854424424424424,2757.330953971055,0.9101797211244548,0.9134564564564565,2757.068640015289
1,0.8874434434434435,2757.293814247229,0.9101797211244548,0.9134564564564565,2757.068640015289
1,0.8894444444444445,2757.259561971558,0.9101797211244548,0.9134564564564565,2757.068640015289
1,0.8914454454454455,2757.228182960267,0.9101797211244548,0.9134564564564565,2757.068640015289
1,0.8934464464464464,2757.199663076991,0.9101797211244548,0.9134564564564565,2757.068640015289
1,0.8954474474474474,2757.173988232689,0.9101797211244548,0.9134564564564565,2757.068640015289
1,0.8974484484484485,2757.151144385572,0.9101797211244548,0.9134564564564565,2757.068640015289
1,0.8994494494494495,2757.131117540999,0.9101797211244548,0.9134564564564565,2757.068640015289
1,0.9014504504504505,2757.113893751422,0.9101797211244548,0.9134564564564565,2757.068640015289
1,0.9034514514514514,2757.099459116262,0.9101797211244548,0.9134564564564565,2757.068640015289
1,0.9054524524524524,2757.087799781855,0.9101797211244548,0.9134564564564565,2757.068640015289
1,0.9074534534534534,2757.078901941351,0.9101797211244548,0.9134564564564565,2757.068640015289
1,0.9094544544544545,2757.072751834646,0.9101797211244548,0.9134564564564565,2757.068640015289
1,0.9114554554554555,2757.069335748258,0.9101797211244548,0.9134564564564565,2757.068640015289
1,0.9134564564564565,2757.068640015289,0.9101797211244548,0.9134564564564565,2757.068640015289
1,0.9154574574574574,2757.070651015308,0.9101797211244548,0.9134564564564565,2757.068640015289
1,0.9174584584584584,2757.075355174282,0.9101797211244548,0.9134564564564565,2757.068640015289
1,0.9194594594594595,2757.082738964454,0.9101797211244548,0.9134564564564565,2757.068640015289
1,0.9214604604604605,2757.092788904317,0.9101797211244548,0.9134564564564565,2757.068640015289
1,0.9234614614614615,2757.105491558461,0.9101797211244548,0.9134564564564565,2757.068640015289
1,0.9254624624624624,2757.120833537545,0.9101797211244548,0.9134564564564565,2757.068640015289
1,0.9274634634634634,2757.138801498165,0.9101797211244548,0.9134564564564565,2757.068640015289
1,0.9294644644644645,2757.159382142784,0.9101797211244548,0.9134564564564565,2757.068640015289
1,0.9314654654654655,2757.182562219656,0.9101797211244548,0.9134564564564565,2757.068640015289
1,0.9334664664664665,2757.208328522715,0.9101797211244548,0.9134564564564565,2757.068640015289
1,0.9354674674674675,2757.236667891502,0.9101797211244548,0.9134564564564565,2757.068640015289
1,0.9374684684684684,2757.267567211078,0.9101797211244548,0.9134564564564565,2757.068640015289
1,0.9394694694694695,2757.301013411922,0.9101797211244548,0.9134564564564565,2757.068640015289
1,0.9414704704704705,2757.336993469853,0.9101797211244548,0.9134564564564565,2757.068640015289
1,0.9434714714714715,2757.375494405955,0.9101797211244548,0.9134564564564565,2757.068640015289
1,0.9454724724724725,2757.416503286445,0.9101797211244548,0.9134564564564565,2757.068640015289
1,0.9474734734734734,2757.460007222633,0.9101797211244548,0.9134564564564565,2757.068640015289
1,0.9494744744744745,2757.505993370811,0.9101797211244548,0.9134564564564565,2757.068640015289
1,0.9514754754754755,2757.554448932147,0.9101797211244548,0.9134564564564565,2757.068640015289
1,0.9534764764764765,2757.605361152636,0.9101797211244548,0.9134564564564565,2757.068640015289
1,0.9554774774774775,2757.658717322967,0.9101797211244548,0.9134564564564565,2757.068640015289
1,0.9574784784784784,2757.714504778466,0.9101797211244548,0.9134564564564565,2757.068640015289
1,0.9594794794794795,2757.772710898992,0.9101797211244548,0.9134564564564565,2757.068640015289
1,0.9614804804804805,2757.833323108835,0.9101797211244548,0.9134564564564565,2757.068640015289
1,0.9634814814814815,2757.896328876653,0.9101797211244548,0.9134564564564565,2757.068640015289
1,0.9654824824824825,2757.961715715358,0.9101797211244548,0.9134564564564565,2757.068640015289
1,0.9674834834834835,2758.029471182045,0.9101797211244548,0.9134564564564565,2757.068640015289
1,0.9694844844844845,2758.099582877878,0.9101797211244548,0.9134564564564565,2757.068640015289
1,0.9714854854854855,2758.172038448021,0.9101797211244548,0.9134564564564565,2757.068640015289
1,0.9734864864864865,2758.246825581529,0.9101797211244548,0.9134564564564565,2757.068640015289
1,0.9754874874874875,2758.323932011271,0.9101797211244548,0.9134564564564565,2757.068640015289
1,0.9774884884884885,2758.403345513835,0.9101797211244548,0.9134564564564565,2757.068640015289
1,0.9794894894894896,2758.485053909425,0.9101797211244548,0.9134564564564565,2757.068640015289
1,0.9814904904904905,2758.569045061797,0.9101797211244548,0.9134564564564565,2757.068640015289
1,0.9834914914914915,2758.655306878121,0.9101797211244548,0.9134564564564565,2757.068640015289
1,0.9854924924924925,2758.743827308938,0.9101797211244548,0.9134564564564565,2757.068640015289
1,0.9874934934934935,2758.834594348044,0.9101797211244548,0.9134564564564565,2757.068640015289
1,0.9894944944944944,2758.927596032392,0.9101797211244548,0.9134564564564565,2757.068640015289
1,0.9914954954954955,2759.022820442012,0.9101797211244548,0.9134564564564565,2757.068640015289
1,0.9934964964964965,2759.120255699919,0.9101797211244548,0.9134564564564565,2757.068640015289
1,0.9954974974974975,2759.219889972008,0.9101797211244548,0.9134564564564565,2757.068640015289
1,0.9974984984984985,2759.321711466975,0.9101797211244548,0.9134564564564565,2757.068640015289
1,0.9994994994994995,2759.425708436211,0.9101797211244548,0.9134564564564565,2757.068640015289
1,1.0015005005005,2759.53186917373,0.9101797211244548,0.9134564564564565,2757.068640015289
1,1.003501501501501,2759.640182016042,0.9101797211244548,0.9134564564564565,2757.068640015289
1,1.005502502502502,2759.750635342095,0.9101797211244548,0.9134564564564565,2757.068640015289
1,1.007503503503503,2759.863217573161,0.9101797211244548,0.9134564564564565,2757.068640015289
1,1.009504504504504,2759.977917172742,0.9101797211244548,0.9134564564564565,2757.068640015289
1,1.011505505505505,2760.094722646492,0.9101797211244548,0.9134564564564565,2757.068640015289
1,1.013506506506506,2760.21362254211,0.9101797211244548,0.9134564564564565,2757.068640015289
1,1.015507507507508,2760.334605449244,0.9101797211244548,0.9134564564564565,2757.068640015289
1,1.017508508508508,2760.457659999412,0.9101797211244548,0.9134564564564565,2757.068640015289
1,1.019509509509509,2760.58277486588,0.9101797211244548,0.9134564564564565,2757.068640015289
1,1.02151051051051,2760.709938763604,0.9101797211244548,0.9134564564564565,2757.068640015289
1,1.023511511511511,2760.839140449115,0.9101797211244548,0.9134564564564565,2757.068640015289
1,1.025512512512512,2760.970368720419,0.9101797211244548,0.9134564564564565,2757.068640015289
1,1.027513513513513,2761.103612416917,0.9101797211244548,0.9134564564564565,2757.068640015289
1,1.029514514514514,2761.2388604193,0.9101797211244548,0.9134564564564565,2757.068640015289
1,1.031515515515515,2761.376101649462,0.9101797211244548,0.9134564564564565,2757.068640015289
1,1.033516516516516,2761.515325070398,0.9101797211244548,0.9134564564564565,2757.068640015289
1,1.035517517517517,2761.656519686119,0.9101797211244548,0.9134564564564565,2757.068640015289
1,1.037518518518519,2761.799674541542,0.9101797211244548,0.9134564564564565,2757.068640015289
1,1.039519519519519,2761.944778722414,0.9101797211244548,0.9134564564564565,2757.068640015289
1,1.04152052052052,2762.091821355189,0.9101797211244548,0.9134564564564565,2757.068640015289
1,1.043521521521521,2762.240791606965,0.9101797211244548,0.9134564564564565,2757.068640015289
1,1.045522522522522,2762.391678685375,0.9101797211244548,0.9134564564564565,2757.068640015289
1,1.047523523523523,2762.54447183848,0.9101797211244548,0.9134564564564565,2757.068640015289
1,1.049524524524524,2762.699160354688,0.9101797211244548,0.9134564564564565,2757.068640015289
1,1.051525525525525,2762.855733562651,0.9101797211244548,0.9134564564564565,2757.068640015289
1,1.053526526526526,2763.014180831191,0.9101797211244548,0.9134564564564565,2757.068640015289
1,1.055527527527527,2763.174491569155,0.9101797211244548,0.9134564564564565,2757.068640015289
1,1.057528528528529,2763.336655225368,0.9101797211244548,0.9134564564564565,2757.068640015289
1,1.05952952952953,2763.50066128852,0.9101797211244548,0.9134564564564565,2757.068640015289
1,1.06153053053053,2763.666499287065,0.9101797211244548,0.9134564564564565,2757.068640015289
1,1.063531531531531,2763.834158789128,0.9101797211244548,0.9134564564564565,2757.068640015289
1,1.065532532532532,2764.00362940241,0.9101797211244548,0.9134564564564565,2757.068640015289
1,1.067533533533533,2764.174900774099,0.9101797211244548,0.9134564564564565,2757.068640015289
1,1.069534534534534,2764.347962590754,0.9101797211244548,0.9134564564564565,2757.068640015289
1,1.071535535535535,2764.52280457823,0.9101797211244548,0.9134564564564565,2757.068640015289
1,1.073536536536536,2764.699416501572,0.9101797211244548,0.9134564564564565,2757.068640015289
1,1.075537537537537,2764.877788164918,0.9101797211244548,0.9134564564564565,2757.068640015289
1,1.077538538538539,2765.057909411403,0.9101797211244548,0.9134564564564565,2757.068640015289
1,1.07953953953954,2765.239770123063,0.9101797211244548,0.9134564564564565,2757.068640015289
1,1.08154054054054,2765.423360220743,0.9101797211244548,0.9134564564564565,2757.068640015289
1,1.083541541541541,2765.608669663999,0.9101797211244548,0.9134564564564565,2757.068640015289
1,1.085542542542542,2765.795688450984,0.9101797211244548,0.9134564564564565,2757.068640015289
1,1.087543543543543,2765.984406618389,0.9101797211244548,0.9134564564564565,2757.068640015289
1,1.089544544544544,2766.174814241301,0.9101797211244548,0.9134564564564565,2757.068640015289
1,1.091545545545545,2766.366901433141,0.9101797211244548,0.9134564564564565,2757.068640015289
1,1.093546546546546,2766.560658345553,0.9101797211244548,0.9134564564564565,2757.068640015289
1,1.095547547547547,2766.756075168312,0.9101797211244548,0.9134564564564565,2757.068640015289
1,1.097548548548549,2766.953142129214,0.9101797211244548,0.9134564564564565,2757.068640015289
1,1.09954954954955,2767.151849494001,0.9101797211244548,0.9134564564564565,2757.068640015289
1,1.101550550550551,2767.352187566241,0.9101797211244548,0.9134564564564565,2757.068640015289
1,1.103551551551551,2767.554146687258,0.9101797211244548,0.9134564564564565,2757.068640015289
1,1.105552552552552,2767.757717236003,0.9101797211244548,0.9134564564564565,2757.068640015289
1,1.107553553553553,2767.962889628987,0.9101797211244548,0.9134564564564565,2757.068640015289
1,1.109554554554554,2768.169654320153,0.9101797211244548,0.9134564564564565,2757.068640015289
1,1.111555555555555,2768.378001800821,0.9101797211244548,0.9134564564564565,2757.068640015289
1,1.113556556556556,2768.587922599545,0.9101797211244548,0.9134564564564565,2757.068640015289
1,1.115557557557557,2768.799407282041,0.9101797211244548,0.9134564564564565,2757.068640015289
1,1.117558558558558,2769.012446451103,0.9101797211244548,0.9134564564564565,2757.068640015289
1,1.11955955955956,2769.22703074646,0.9101797211244548,0.9134564564564565,2757.068640015289
1,1.121560560560561,2769.443150844738,0.9101797211244548,0.9134564564564565,2757.068640015289
1,1.123561561561562,2769.66079745931,0.9101797211244548,0.9134564564564565,2757.068640015289
1,1.125562562562562,2769.879961340234,0.9101797211244548,0.9134564564564565,2757.068640015289
1,1.127563563563563,2770.100633274144,0.9101797211244548,0.9134564564564565,2757.068640015289
1,1.129564564564564,2770.32280408414,0.9101797211244548,0.9134564564564565,2757.068640015289
1,1.131565565565565,2770.546464629716,0.9101797211244548,0.9134564564564565,2757.068640015289
1,1.133566566566566,2770.771605806638,0.9101797211244548,0.9134564564564565,2757.068640015289
1,1.135567567567567,2770.998218546881,0.9101797211244548,0.9134564564564565,2757.068640015289
1,1.137568568568568,2771.226293818486,0.9101797211244548,0.9134564564564565,2757.068640015289
1,1.13956956956957,2771.455822625501,0.9101797211244548,0.9134564564564565,2757.068640015289
1,1.141570570570571,2771.686796007852,0.9101797211244548,0.9134564564564565,2757.068640015289
1,1.143571571571572,2771.91920504129,0.9101797211244548,0.9134564564564565,2757.068640015289
1,1.145572572572573,2772.153040837245,0.9101797211244548,0.9134564564564565,2757.068640015289
1,1.147573573573573,2772.388294542767,0.9101797211244548,0.9134564564564565,2757.068640015289
1,1.149574574574574,2772.6249573404,0.9101797211244548,0.9134564564564565,2757.068640015289
1,1.151575575575575,2772.863020448106,0.9101797211244548,0.9134564564564565,2757.068640015289
1,1.153576576576576,2773.102475119154,0.9101797211244548,0.9134564564564565,2757.068640015289
1,1.155577577577577,2773.343312642039,0.9101797211244548,0.9134564564564565,2757.068640015289
1,1.157578578578578,2773.585524340363,0.9101797211244548,0.9134564564564565,2757.068640015289
1,1.15957957957958,2773.829101572761,0.9101797211244548,0.9134564564564565,2757.068640015289
1,1.161580580580581,2774.074035732782,0.9101797211244548,0.9134564564564565,2757.068640015289
1,1.163581581581582,2774.320318248811,0.9101797211244548,0.9134564564564565,2757.068640015289
1,1.165582582582583,2774.567940583969,0.9101797211244548,0.9134564564564565,2757.068640015289
1,1.167583583583583,2774.816894235994,0.9101797211244548,0.9134564564564565,2757.068640015289
1,1.169584584584584,2775.067170737185,0.9101797211244548,0.9134564564564565,2757.068640015289
1,1.171585585585585,2775.318761654257,0.9101797211244548,0.9134564564564565,2757.068640015289
1,1.173586586586586,2775.57165858829,0.9101797211244548,0.9134564564564565,2757.068640015289
1,1.175587587587587,2775.825853174591,0.9101797211244548,0.9134564564564565,2757.068640015289
1,1.177588588588588,2776.081337082647,0.9101797211244548,0.9134564564564565,2757.068640015289
1,1.17958958958959,2776.338102015968,0.9101797211244548,0.9134564564564565,2757.068640015289
1,1.181590590590591,2776.59613971204,0.9101797211244548,0.9134564564564565,2757.068640015289
1,1.183591591591592,2776.855441942197,0.9101797211244548,0.9134564564564565,2757.068640015289
1,1.185592592592593,2777.116000511553,0.9101797211244548,0.9134564564564565,2757.068640015289
1,1.187593593593594,2777.377807258878,0.9101797211244548,0.9134564564564565,2757.068640015289
1,1.189594594594594,2777.640854056513,0.9101797211244548,0.9134564564564565,2757.068640015289
1,1.191595595595595,2777.905132810282,0.9101797211244548,0.9134564564564565,2757.068640015289
1,1.193596596596596,2778.170635459385,0.9101797211244548,0.9134564564564565,2757.068640015289
1,1.195597597597597,2778.437353976296,0.9101797211244548,0.9134564564564565,2757.068640015289
1,1.197598598598598,2778.705280366689,0.9101797211244548,0.9134564564564565,2757.068640015289
1,1.199599599599599,2778.974406669322,0.9101797211244548,0.9134564564564565,2757.068640015289
1,1.201600600600601,2779.244724955941,0.9101797211244548,0.9134564564564565,2757.068640015289
1,1.203601601601602,2779.516227331191,0.9101797211244548,0.9134564564564565,2757.068640015289
1,1.205602602602603,2779.788905932534,0.9101797211244548,0.9134564564564565,2757.068640015289
1,1.207603603603604,2780.062752930115,0.9101797211244548,0.9134564564564565,2757.068640015289
1,1.209604604604605,2780.337760526711,0.9101797211244548,0.9134564564564565,2757.068640015289
1,1.211605605605605,2780.613920957601,0.9101797211244548,0.9134564564564565,2757.068640015289
1,1.213606606606606,2780.891226490483,0.9101797211244548,0.9134564564564565,2757.068640015289
1,1.215607607607607,2781.169669425384,0.9101797211244548,0.9134564564564565,2757.068640015289
1,1.217608608608608,2781.449242094547,0.9101797211244548,0.9134564564564565,2757.068640015289
1,1.219609609609609,2781.729936862362,0.9101797211244548,0.9134564564564565,2757.068640015289
1,1.221610610610611,2782.011746125245,0.9101797211244548,0.9134564564564565,2757.068640015289
1,1.223611611611612,2782.294662311558,0.9101797211244548,0.9134564564564565,2757.068640015289
1,1.225612612612613,2782.578677881506,0.9101797211244548,0.9134564564564565,2757.068640015289
1,1.227613613613614,2782.863785327048,0.9101797211244548,0.9134564564564565,2757.068640015289
1,1.229614614614615,2783.149977171796,0.9101797211244548,0.9134564564564565,2757.068640015289
1,1.231615615615615,2783.43724597092,0.9101797211244548,0.9134564564564565,2757.068640015289
1,1.233616616616616,2783.725584311061,0.9101797211244548,0.9134564564564565,2757.068640015289
1,1.235617617617617,2784.014984810229,0.9101797211244548,0.9134564564564565,2757.068640015289
1,1.237618618618618,2784.305440117711,0.9101797211244548,0.9134564564564565,2757.068640015289
1,1.239619619619619,2784.59694291396,0.9101797211244548,0.9134564564564565,2757.068640015289
1,1.241620620620621,2784.889485910546,0.9101797211244548,0.9134564564564565,2757.068640015289
1,1.243621621621622,2785.183061850006,0.9101797211244548,0.9134564564564565,2757.068640015289
1,1.245622622622623,2785.477663505783,0.9101797211244548,0.9134564564564565,2757.068640015289
1,1.247623623623624,2785.773283682121,0.9101797211244548,0.9134564564564565,2757.068640015289
1,1.249624624624625,2786.069915213981,0.9101797211244548,0.9134564564564565,2757.068640015289
1,1.251625625625626,2786.367550966923,0.9101797211244548,0.9134564564564565,2757.068640015289
1,1.253626626626626,2786.666183837043,0.9101797211244548,0.9134564564564565,2757.068640015289
1,1.255627627627627,2786.965806750856,0.9101797211244548,0.9134564564564565,2757.068640015289
1,1.257628628628628,2787.266412665214,0.9101797211244548,0.9134564564564565,2757.068640015289
1,1.259629629629629,2787.5679945672,0.9101797211244548,0.9134564564564565,2757.068640015289
1,1.261630630630631,2787.870545474056,0.9101797211244548,0.9134564564564565,2757.068640015289
1,1.263631631631632,2788.174058433056,0.9101797211244548,0.9134564564564565,2757.068640015289
1,1.265632632632633,2788.478526521456,0.9101797211244548,0.9134564564564565,2757.068640015289
1,1.267633633633634,2788.783942846359,0.9101797211244548,0.9134564564564565,2757.068640015289
1,1.269634634634635,2789.090300544648,0.9101797211244548,0.9134564564564565,2757.068640015289
1,1.271635635635636,2789.397592782884,0.9101797211244548,0.9134564564564565,2757.068640015289
1,1.273636636636637,2789.705812757208,0.9101797211244548,0.9134564564564565,2757.068640015289
1,1.275637637637637,2790.014953693259,0.9101797211244548,0.9134564564564565,2757.068640015289
1,1.277638638638638,2790.325008846076,0.9101797211244548,0.9134564564564565,2757.068640015289
1,1.279639639639639,2790.635971500001,0.9101797211244548,0.9134564564564565,2757.068640015289
1,1.28164064064064,2790.947834968593,0.9101797211244548,0.9134564564564565,2757.068640015289
1,1.283641641641642,2791.260592594537,0.9101797211244548,0.9134564564564565,2757.068640015289
1,1.285642642642643,2791.574237749533,0.9101797211244548,0.9134564564564565,2757.068640015289
1,1.287643643643644,2791.888763834239,0.9101797211244548,0.9134564564564565,2757.068640015289
1,1.289644644644645,2792.204164278138,0.9101797211244548,0.9134564564564565,2757.068640015289
1,1.291645645645646,2792.520432539487,0.9101797211244548,0.9134564564564565,2757.068640015289
1,1.293646646646647,2792.83756210518,0.9101797211244548,0.9134564564564565,2757.068640015289
1,1.295647647647648,2793.155546490702,0.9101797211244548,0.9134564564564565,2757.068640015289
1,1.297648648648648,2793.47437924,0.9101797211244548,0.9134564564564565,2757.068640015289
1,1.299649649649649,2793.794053925422,0.9101797211244548,0.9134564564564565,2757.068640015289
1,1.30165065065065,2794.114564147598,0.9101797211244548,0.9134564564564565,2757.068640015289
1,1.303651651651652,2794.435903535367,0.9101797211244548,0.9134564564564565,2757.068640015289
1,1.305652652652653,2794.758065745677,0.9101797211244548,0.9134564564564565,2757.068640015289
1,1.307653653653654,2795.081044463505,0.9101797211244548,0.9134564564564565,2757.068640015289
1,1.309654654654655,2795.404833401749,0.9101797211244548,0.9134564564564565,2757.068640015289
1,1.311655655655656,2795.729426301148,0.9101797211244548,0.9134564564564565,2757.068640015289
1,1.313656656656657,2796.0548169302,0.9101797211244548,0.9134564564564565,2757.068640015289
1,1.315657657657658,2796.380999085048,0.9101797211244548,0.9134564564564565,2757.068640015289
1,1.317658658658658,2796.707966589414,0.9101797211244548,0.9134564564564565,2757.068640015289
1,1.319659659659659,2797.035713294485,0.9101797211244548,0.9134564564564565,2757.068640015289
1,1.32166066066066,2797.364233078852,0.9101797211244548,0.9134564564564565,2757.068640015289
1,1.323661661661662,2797.693519848381,0.9101797211244548,0.9134564564564565,2757.068640015289
1,1.325662662662663,2798.023567536176,0.9101797211244548,0.9134564564564565,2757.068640015289
1,1.327663663663664,2798.354370102434,0.9101797211244548,0.9134564564564565,2757.068640015289
1,1.329664664664665,2798.685921534385,0.9101797211244548,0.9134564564564565,2757.068640015289
1,1.331665665665666,2799.018215846208,0.9101797211244548,0.9134564564564565,2757.068640015289
1,1.333666666666667,2799.351247078923,0.9101797211244548,0.9134564564564565,2757.068640015289
1,1.335667667667668,2799.685009300311,0.9101797211244548,0.9134564564564565,2757.068640015289
1,1.337668668668669,2800.019496604831,0.9101797211244548,0.9134564564564565,2757.068640015289
1,1.339669669669669,2800.354703113512,0.9101797211244548,0.9134564564564565,2757.068640015289
1,1.34167067067067,2800.690622973892,0.9101797211244548,0.9134564564564565,2757.068640015289
1,1.343671671671672,2801.027250359906,0.9101797211244548,0.9134564564564565,2757.068640015289
1,1.345672672672673,2801.364579471802,0.9101797211244548,0.9134564564564565,2757.068640015289
1,1.347673673673674,2801.702604536069,0.9101797211244548,0.9134564564564565,2757.068640015289
1,1.349674674674675,2802.041319805317,0.9101797211244548,0.9134564564564565,2757.068640015289
1,1.351675675675676,2802.380719558227,0.9101797211244548,0.9134564564564565,2757.068640015289
1,1.353676676676677,2802.720798099436,0.9101797211244548,0.9134564564564565,2757.068640015289
1,1.355677677677678,2803.061549759462,0.9101797211244548,0.9134564564564565,2757.068640015289
1,1.357678678678679,2803.402968894603,0.9101797211244548,0.9134564564564565,2757.068640015289
1,1.35967967967968,2803.745049886867,0.9101797211244548,0.9134564564564565,2757.068640015289
1,1.36168068068068,2804.087787143875,0.9101797211244548,0.9134564564564565,2757.068640015289
1,1.363681681681682,2804.431175098777,0.9101797211244548,0.9134564564564565,2757.068640015289
1,1.365682682682683,2804.775208210156,0.9101797211244548,0.9134564564564565,2757.068640015289
1,1.367683683683684,2805.119880961959,0.9101797211244548,0.9134564564564565,2757.068640015289
1,1.369684684684685,2805.465187863387,0.9101797211244548,0.9134564564564565,2757.068640015289
1,1.371685685685686,2805.811123448838,0.9101797211244548,0.9134564564564565,2757.068640015289
1,1.373686686686687,2806.157682277783,0.9101797211244548,0.9134564564564565,2757.068640015289
1,1.375687687687688,2806.504858934728,0.9101797211244548,0.9134564564564565,2757.068640015289
1,1.377688688688689,2806.852648029072,0.9101797211244548,0.9134564564564565,2757.068640015289
1,1.37968968968969,2807.201044195071,0.9101797211244548,0.9134564564564565,2757.068640015289
1,1.381690690690691,2807.550042091724,0.9101797211244548,0.9134564564564565,2757.068640015289
1,1.383691691691691,2807.899636402693,0.9101797211244548,0.9134564564564565,2757.068640015289
1,1.385692692692693,2808.249821836219,0.9101797211244548,0.9134564564564565,2757.068640015289
1,1.387693693693694,2808.600593125039,0.9101797211244548,0.9134564564564565,2757.068640015289
1,1.389694694694695,2808.951945026307,0.9101797211244548,0.9134564564564565,2757.068640015289
1,1.391695695695696,2809.303872321481,0.9101797211244548,0.9134564564564565,2757.068640015289
1,1.393696696696697,2809.656369816284,0.9101797211244548,0.9134564564564565,2757.068640015289
1,1.395697697697698,2810.009432340569,0.9101797211244548,0.9134564564564565,2757.068640015289
1,1.397698698698699,2810.363054748284,0.9101797211244548,0.9134564564564565,2757.068640015289
1,1.3996996996997,2810.717231917333,0.9101797211244548,0.9134564564564565,2757.068640015289
1,1.401700700700701,2811.071958749552,0.9101797211244548,0.9134564564564565,2757.068640015289
1,1.403701701701701,2811.427230170579,0.9101797211244548,0.9134564564564565,2757.068640015289
1,1.405702702702703,2811.783041129783,0.9101797211244548,0.9134564564564565,2757.068640015289
1,1.407703703703704,2812.139386600198,0.9101797211244548,0.9134564564564565,2757.068640015289
1,1.409704704704705,2812.496261578414,0.9101797211244548,0.9134564564564565,2757.068640015289
1,1.411705705705706,2812.853661084507,0.9101797211244548,0.9134564564564565,2757.068640015289
1,1.413706706706707,2813.211580161961,0.9101797211244548,0.9134564564564565,2757.068640015289
1,1.415707707707708,2813.570013877564,0.9101797211244548,0.9134564564564565,2757.068640015289
1,1.417708708708709,2813.928957321355,0.9101797211244548,0.9134564564564565,2757.068640015289
1,1.41970970970971,2814.28840560652,0.9101797211244548,0.9134564564564565,2757.068640015289
1,1.421710710710711,2814.648353869306,0.9101797211244548,0.9134564564564565,2757.068640015289
1,1.423711711711712,2815.008797268956,0.9101797211244548,0.9134564564564565,2757.068640015289
1,1.425712712712713,2815.369730987626,0.9101797211244548,0.9134564564564565,2757.068640015289
1,1.427713713713714,2815.731150230286,0.9101797211244548,0.9134564564564565,2757.068640015289
1,1.429714714714715,2816.093050224646,0.9101797211244548,0.9134564564564565,2757.068640015289
1,1.431715715715716,2816.455426221088,0.9101797211244548,0.9134564564564565,2757.068640015289
1,1.433716716716717,2816.818273492565,0.9101797211244548,0.9134564564564565,2757.068640015289
1,1.435717717717718,2817.18158733453,0.9101797211244548,0.9134564564564565,2757.068640015289
1,1.437718718718719,2817.545363064858,0.9101797211244548,0.9134564564564565,2757.068640015289
1,1.43971971971972,2817.909596023752,0.9101797211244548,0.9134564564564565,2757.068640015289
1,1.441720720720721,2818.274281573674,0.9101797211244548,0.9134564564564565,2757.068640015289
1,1.443721721721722,2818.639415099264,0.9101797211244548,0.9134564564564565,2757.068640015289
1,1.445722722722723,2819.004992007258,0.9101797211244548,0.9134564564564565,2757.068640015289
1,1.447723723723724,2819.371007726401,0.9101797211244548,0.9134564564564565,2757.068640015289
1,1.449724724724725,2819.73745770737,0.9101797211244548,0.9134564564564565,2757.068640015289
1,1.451725725725726,2820.104337422712,0.9101797211244548,0.9134564564564565,2757.068640015289
1,1.453726726726727,2820.471642366734,0.9101797211244548,0.9134564564564565,2757.068640015289
1,1.455727727727728,2820.839368055437,0.9101797211244548,0.9134564564564565,2757.068640015289
1,1.457728728728729,2821.207510026462,0.9101797211244548,0.9134564564564565,2757.068640015289
1,1.45972972972973,2821.576063838958,0.9101797211244548,0.9134564564564565,2757.068640015289
1,1.461730730730731,2821.945025073557,0.9101797211244548,0.9134564564564565,2757.068640015289
1,1.463731731731732,2822.314389332249,0.9101797211244548,0.9134564564564565,2757.068640015289
1,1.465732732732733,2822.684152238347,0.9101797211244548,0.9134564564564565,2757.068640015289
1,1.467733733733734,2823.054309436364,0.9101797211244548,0.9134564564564565,2757.068640015289
1,1.469734734734735,2823.424856591983,0.9101797211244548,0.9134564564564565,2757.068640015289
1,1.471735735735736,2823.795789391933,0.9101797211244548,0.9134564564564565,2757.068640015289
1,1.473736736736737,2824.167103543941,0.9101797211244548,0.9134564564564565,2757.068640015289
1,1.475737737737738,2824.538794776649,0.9101797211244548,0.9134564564564565,2757.068640015289
1,1.477738738738739,2824.910858839522,0.9101797211244548,0.9134564564564565,2757.068640015289
1,1.47973973973974,2825.28329150279,0.9101797211244548,0.9134564564564565,2757.068640015289
1,1.481740740740741,2825.656088557357,0.9101797211244548,0.9134564564564565,2757.068640015289
1,1.483741741741742,2826.029245814743,0.9101797211244548,0.9134564564564565,2757.068640015289
1,1.485742742742743,2826.40275910698,0.9101797211244548,0.9134564564564565,2757.068640015289
1,1.487743743743744,2826.776624286545,0.9101797211244548,0.9134564564564565,2757.068640015289
1,1.489744744744745,2827.150837226303,0.9101797211244548,0.9134564564564565,2757.068640015289
1,1.491745745745746,2827.525393819409,0.9101797211244548,0.9134564564564565,2757.068640015289
1,1.493746746746747,2827.900289979243,0.9101797211244548,0.9134564564564565,2757.068640015289
1,1.495747747747748,2828.275521639318,0.9101797211244548,0.9134564564564565,2757.068640015289
1,1.497748748748749,2828.651084753231,0.9101797211244548,0.9134564564564565,2757.068640015289
1,1.49974974974975,2829.02697529456,0.9101797211244548,0.9134564564564565,2757.068640015289
1,1.501750750750751,2829.403189256813,0.9101797211244548,0.9134564564564565,2757.068640015289
1,1.503751751751752,2829.779722653335,0.9101797211244548,0.9134564564564565,2757.068640015289
1,1.505752752752753,2830.156571517246,0.9101797211244548,0.9134564564564565,2757.068640015289
1,1.507753753753754,2830.533731901352,0.9101797211244548,0.9134564564564565,2757.068640015289
1,1.509754754754755,2830.911199878086,0.9101797211244548,0.9134564564564565,2757.068640015289
1,1.511755755755756,2831.288971539416,0.9101797211244548,0.9134564564564565,2757.068640015289
1,1.513756756756757,2831.667042996791,0.9101797211244548,0.9134564564564565,2757.068640015289
1,1.515757757757758,2832.045410381059,0.9101797211244548,0.9134564564564565,2757.068640015289
1,1.517758758758759,2832.42406984238,0.9101797211244548,0.9134564564564565,2757.068640015289
1,1.51975975975976,2832.803017550177,0.9101797211244548,0.9134564564564565,2757.068640015289
1,1.521760760760761,2833.18224969304,0.9101797211244548,0.9134564564564565,2757.068640015289
1,1.523761761761762,2833.561762478662,0.9101797211244548,0.9134564564564565,2757.068640015289
1,1.525762762762763,2833.941552133777,0.9101797211244548,0.9134564564564565,2757.068640015289
1,1.527763763763764,2834.32161490406,0.9101797211244548,0.9134564564564565,2757.068640015289
1,1.529764764764765,2834.701947054091,0.9101797211244548,0.9134564564564565,2757.068640015289
1,1.531765765765766,2835.082544867244,0.9101797211244548,0.9134564564564565,2757.068640015289
1,1.533766766766767,2835.463404645644,0.9101797211244548,0.9134564564564565,2757.068640015289
1,1.535767767767768,2835.844522710078,0.9101797211244548,0.9134564564564565,2757.068640015289
1,1.537768768768769,2836.225895399941,0.9101797211244548,0.9134564564564565,2757.068640015289
1,1.53976976976977,2836.607519073129,0.9101797211244548,0.9134564564564565,2757.068640015289
1,1.541770770770771,2836.989390106011,0.9101797211244548,0.9134564564564565,2757.068640015289
1,1.543771771771772,2837.371504893341,0.9101797211244548,0.9134564564564565,2757.068640015289
1,1.545772772772773,2837.753859848165,0.9101797211244548,0.9134564564564565,2757.068640015289
1,1.547773773773774,2838.136451401783,0.9101797211244548,0.9134564564564565,2757.068640015289
1,1.549774774774775,2838.519276003657,0.9101797211244548,0.9134564564564565,2757.068640015289
1,1.551775775775776,2838.902330121356,0.9101797211244548,0.9134564564564565,2757.068640015289
1,1.553776776776777,2839.285610240462,0.9101797211244548,0.9134564564564565,2757.068640015289
1,1.555777777777778,2839.669112864528,0.9101797211244548,0.9134564564564565,2757.068640015289
1,1.557778778778779,2840.052834514991,0.9101797211244548,0.9134564564564565,2757.068640015289
1,1.55977977977978,2840.436771731104,0.9101797211244548,0.9134564564564565,2757.068640015289
1,1.561780780780781,2840.820921069871,0.9101797211244548,0.9134564564564565,2757.068640015289
1,1.563781781781782,2841.20527910597,0.9101797211244548,0.9134564564564565,2757.068640015289
1,1.565782782782783,2841.589842431697,0.9101797211244548,0.9134564564564565,2757.068640015289
1,1.567783783783784,2841.974607656884,0.9101797211244548,0.9134564564564565,2757.068640015289
1,1.569784784784785,2842.359571408833,0.9101797211244548,0.9134564564564565,2757.068640015289
1,1.571785785785786,2842.744730332253,0.9101797211244548,0.9134564564564565,2757.068640015289
1,1.573786786786787,2843.130081089183,0.9101797211244548,0.9134564564564565,2757.068640015289
1,1.575787787787788,2843.515620358936,0.9101797211244548,0.9134564564564565,2757.068640015289
1,1.577788788788789,2843.901344838018,0.9101797211244548,0.9134564564564565,2757.068640015289
1,1.57978978978979,2844.287251240061,0.9101797211244548,0.9134564564564565,2757.068640015289
1,1.581790790790791,2844.673336295768,0.9101797211244548,0.9134564564564565,2757.068640015289
1,1.583791791791792,2845.059596752842,0.9101797211244548,0.9134564564564565,2757.068640015289
1,1.585792792792793,2845.446029375894,0.9101797211244548,0.9134564564564565,2757.068640015289
1,1.587793793793794,2845.832630946406,0.9101797211244548,0.9134564564564565,2757.068640015289
1,1.589794794794795,2846.219398262671,0.9101797211244548,0.9134564564564565,2757.068640015289
1,1.591795795795796,2846.606328139679,0.9101797211244548,0.9134564564564565,2757.068640015289
1,1.593796796796797,2846.993417409103,0.9101797211244548,0.9134564564564565,2757.068640015289
1,1.595797797797798,2847.380662919196,0.9101797211244548,0.9134564564564565,2757.068640015289
1,1.597798798798799,2847.768061534748,0.9101797211244548,0.9134564564564565,2757.068640015289
1,1.5997997997998,2848.155610137008,0.9101797211244548,0.9134564564564565,2757.068640015289
1,1.601800800800801,2848.543305623621,0.9101797211244548,0.9134564564564565,2757.068640015289
1,1.603801801801802,2848.931144908555,0.9101797211244548,0.9134564564564565,2757.068640015289
1,1.605802802802803,2849.319124922061,0.9101797211244548,0.9134564564564565,2757.068640015289
1,1.607803803803804,2849.707242610569,0.9101797211244548,0.9134564564564565,2757.068640015289
1,1.609804804804805,2850.095494936661,0.9101797211244548,0.9134564564564565,2757.068640015289
1,1.611805805805806,2850.483878878972,0.9101797211244548,0.9134564564564565,2757.068640015289
1,1.613806806806807,2850.872391432158,0.9101797211244548,0.9134564564564565,2757.068640015289
1,1.615807807807808,2851.261029606807,0.9101797211244548,0.9134564564564565,2757.068640015289
1,1.617808808808809,2851.649790429377,0.9101797211244548,0.9134564564564565,2757.068640015289
1,1.61980980980981,2852.038670942164,0.9101797211244548,0.9134564564564565,2757.068640015289
1,1.621810810810811,2852.427668203176,0.9101797211244548,0.9134564564564565,2757.068640015289
1,1.623811811811812,2852.816779286131,0.9101797211244548,0.9134564564564565,2757.068640015289
1,1.625812812812813,2853.206001280361,0.9101797211244548,0.9134564564564565,2757.068640015289
1,1.627813813813814,2853.595331290755,0.9101797211244548,0.9134564564564565,2757.068640015289
1,1.629814814814815,2853.984766437694,0.9101797211244548,0.9134564564564565,2757.068640015289
1,1.631815815815816,2854.374303856996,0.9101797211244548,0.9134564564564565,2757.068640015289
1,1.633816816816817,2854.763940699841,0.9101797211244548,0.9134564564564565,2757.068640015289
1,1.635817817817818,2855.153674132722,0.9101797211244548,0.9134564564564565,2757.068640015289
1,1.637818818818819,2855.543501337374,0.9101797211244548,0.9134564564564565,2757.068640015289
1,1.63981981981982,2855.933419510703,0.9101797211244548,0.9134564564564565,2757.068640015289
1,1.641820820820821,2856.323425864753,0.9101797211244548,0.9134564564564565,2757.068640015289
1,1.643821821821822,2856.713517626608,0.9101797211244548,0.9134564564564565,2757.068640015289
1,1.645822822822823,2857.103692038359,0.9101797211244548,0.9134564564564565,2757.068640015289
1,1.647823823823824,2857.493946357023,0.9101797211244548,0.9134564564564565,2757.068640015289
1,1.649824824824825,2857.884277854498,0.9101797211244548,0.9134564564564565,2757.068640015289
1,1.651825825825826,2858.274683817493,0.9101797211244548,0.9134564564564565,2757.068640015289
1,1.653826826826827,2858.665161547462,0.9101797211244548,0.9134564564564565,2757.068640015289
1,1.655827827827828,2859.055708360548,0.9101797211244548,0.9134564564564565,2757.068640015289
1,1.657828828828829,2859.446321587537,0.9101797211244548,0.9134564564564565,2757.068640015289
1,1.65982982982983,2859.836998573771,0.9101797211244548,0.9134564564564565,2757.068640015289
1,1.661830830830831,2860.227736679103,0.9101797211244548,0.9134564564564565,2757.068640015289
1,1.663831831831832,2860.618533277843,0.9101797211244548,0.9134564564564565,2757.068640015289
1,1.665832832832833,2861.009385758681,0.9101797211244548,0.9134564564564565,2757.068640015289
1,1.667833833833834,2861.400291524646,0.9101797211244548,0.9134564564564565,2757.068640015289
1,1.669834834834835,2861.791247993026,0.9101797211244548,0.9134564564564565,2757.068640015289
1,1.671835835835836,2862.182252595332,0.9101797211244548,0.9134564564564565,2757.068640015289
1,1.673836836836837,2862.573302777215,0.9101797211244548,0.9134564564564565,2757.068640015289
1,1.675837837837838,2862.964395998432,0.9101797211244548,0.9134564564564565,2757.068640015289
1,1.677838838838839,2863.355529732768,0.9101797211244548,0.9134564564564565,2757.068640015289
1,1.67983983983984,2863.746701467974,0.9101797211244548,0.9134564564564565,2757.068640015289
1,1.681840840840841,2864.13790870574,0.9101797211244548,0.9134564564564565,2757.068640015289
1,1.683841841841842,2864.529148961601,0.9101797211244548,0.9134564564564565,2757.068640015289
1,1.685842842842843,2864.920419764891,0.9101797211244548,0.9134564564564565,2757.068640015289
1,1.687843843843844,2865.3117186587,0.9101797211244548,0.9134564564564565,2757.068640015289
1,1.689844844844845,2865.70304319979,0.9101797211244548,0.9134564564564565,2757.068640015289
1,1.691845845845846,2866.094390958567,0.9101797211244548,0.9134564564564565,2757.068640015289
1,1.693846846846847,2866.485759518995,0.9101797211244548,0.9134564564564565,2757.068640015289
1,1.695847847847848,2866.87714647856,0.9101797211244548,0.9134564564564565,2757.068640015289
1,1.697848848848849,2867.268549448202,0.9101797211244548,0.9134564564564565,2757.068640015289
1,1.69984984984985,2867.659966052269,0.9101797211244548,0.9134564564564565,2757.068640015289
1,1.701850850850851,2868.051393928439,0.9101797211244548,0.9134564564564565,2757.068640015289
1,1.703851851851852,2868.442830727697,0.9101797211244548,0.9134564564564565,2757.068640015289
1,1.705852852852853,2868.834274114247,0.9101797211244548,0.9134564564564565,2757.068640015289
1,1.707853853853854,2869.225721765465,0.9101797211244548,0.9134564564564565,2757.068640015289
1,1.709854854854855,2869.617171371864,0.9101797211244548,0.9134564564564565,2757.068640015289
1,1.711855855855856,2870.008620637014,0.9101797211244548,0.9134564564564565,2757.068640015289
1,1.713856856856857,2870.400067277483,0.9101797211244548,0.9134564564564565,2757.068640015289
1,1.715857857857858,2870.79150902281,0.9101797211244548,0.9134564564564565,2757.068640015289
1,1.717858858858859,2871.182943615422,0.9101797211244548,0.9134564564564565,2757.068640015289
1,1.71985985985986,2871.574368810602,0.9101797211244548,0.9134564564564565,2757.068640015289
1,1.721860860860861,2871.965782376404,0.9101797211244548,0.9134564564564565,2757.068640015289
1,1.723861861861862,2872.357182093636,0.9101797211244548,0.9134564564564565,2757.068640015289
1,1.725862862862863,2872.74856575578,0.9101797211244548,0.9134564564564565,2757.068640015289
1,1.727863863863864,2873.139931168934,0.9101797211244548,0.9134564564564565,2757.068640015289
1,1.729864864864865,2873.531276151782,0.9101797211244548,0.9134564564564565,2757.068640015289
1,1.731865865865866,2873.922598535524,0.9101797211244548,0.9134564564564565,2757.068640015289
1,1.733866866866867,2874.313896163827,0.9101797211244548,0.9134564564564565,2757.068640015289
1,1.735867867867868,2874.70516689276,0.9101797211244548,0.9134564564564565,2757.068640015289
1,1.737868868868869,2875.096408590757,0.9101797211244548,0.9134564564564565,2757.068640015289
1,1.73986986986987,2875.487619138565,0.9101797211244548,0.9134564564564565,2757.068640015289
1,1.741870870870871,2875.878796429175,0.9101797211244548,0.9134564564564565,2757.068640015289
1,1.743871871871872,2876.269938367775,0.9101797211244548,0.9134564564564565,2757.068640015289
1,1.745872872872873,2876.661042871704,0.9101797211244548,0.9134564564564565,2757.068640015289
1,1.747873873873874,2877.052107870393,0.9101797211244548,0.9134564564564565,2757.068640015289
1,1.749874874874875,2877.443131305331,0.9101797211244548,0.9134564564564565,2757.068640015289
1,1.751875875875876,2877.834111129976,0.9101797211244548,0.9134564564564565,2757.068640015289
1,1.753876876876877,2878.225045309739,0.9101797211244548,0.9134564564564565,2757.068640015289
1,1.755877877877878,2878.615931821914,0.9101797211244548,0.9134564564564565,2757.068640015289
1,1.757878878878879,2879.006768655629,0.9101797211244548,0.9134564564564565,2757.068640015289
1,1.75987987987988,2879.397553811792,0.9101797211244548,0.9134564564564565,2757.068640015289
1,1.761880880880881,2879.788285303065,0.9101797211244548,0.9134564564564565,2757.068640015289
1,1.763881881881882,2880.178961153771,0.9101797211244548,0.9134564564564565,2757.068640015289
1,1.765882882882883,2880.56957939987,0.9101797211244548,0.9134564564564565,2757.068640015289
1,1.767883883883884,2880.960138088903,0.9101797211244548,0.9134564564564565,2757.068640015289
1,1.769884884884885,2881.350635279947,0.9101797211244548,0.9134564564564565,2757.068640015289
1,1.771885885885886,2881.741069043554,0.9101797211244548,0.9134564564564565,2757.068640015289
1,1.773886886886887,2882.131437461706,0.9101797211244548,0.9134564564564565,2757.068640015289
1,1.775887887887888,2882.52173862777,0.9101797211244548,0.9134564564564565,2757.068640015289
1,1.777888888888889,2882.911970646432,0.9101797211244548,0.9134564564564565,2757.068640015289
1,1.77988988988989,2883.302131633674,0.9101797211244548,0.9134564564564565,2757.068640015289
1,1.781890890890891,2883.692219716704,0.9101797211244548,0.9134564564564565,2757.068640015289
1,1.783891891891892,2884.082233033902,0.9101797211244548,0.9134564564564565,2757.068640015289
1,1.785892892892893,2884.472169734794,0.9101797211244548,0.9134564564564565,2757.068640015289
1,1.787893893893894,2884.862027979982,0.9101797211244548,0.9134564564564565,2757.068640015289
1,1.789894894894895,2885.251805941117,0.9101797211244548,0.9134564564564565,2757.068640015289
1,1.791895895895896,2885.641501800818,0.9101797211244548,0.9134564564564565,2757.068640015289
1,1.793896896896897,2886.031113752658,0.9101797211244548,0.9134564564564565,2757.068640015289
1,1.795897897897898,2886.420640001089,0.9101797211244548,0.9134564564564565,2757.068640015289
1,1.797898898898899,2886.810078761412,0.9101797211244548,0.9134564564564565,2757.068640015289
1,1.7998998998999,2887.19942825972,0.9101797211244548,0.9134564564564565,2757.068640015289
1,1.801900900900901,2887.588686732857,0.9101797211244548,0.9134564564564565,2757.068640015289
1,1.803901901901902,2887.977852428359,0.9101797211244548,0.9134564564564565,2757.068640015289
1,1.805902902902903,2888.36692360442,0.9101797211244548,0.9134564564564565,2757.068640015289
1,1.807903903903904,2888.755898529832,0.9101797211244548,0.9134564564564565,2757.068640015289
1,1.809904904904905,2889.144775483956,0.9101797211244548,0.9134564564564565,2757.068640015289
1,1.811905905905906,2889.533552756646,0.9101797211244548,0.9134564564564565,2757.068640015289
1,1.813906906906907,2889.922228648235,0.9101797211244548,0.9134564564564565,2757.068640015289
1,1.815907907907908,2890.310801469466,0.9101797211244548,0.9134564564564565,2757.068640015289
1,1.817908908908909,2890.699269541461,0.9101797211244548,0.9134564564564565,2757.068640015289
1,1.81990990990991,2891.087631195654,0.9101797211244548,0.9134564564564565,2757.068640015289
1,1.821910910910911,2891.475884773767,0.9101797211244548,0.9134564564564565,2757.068640015289
1,1.823911911911912,2891.864028627754,0.9101797211244548,0.9134564564564565,2757.068640015289
1,1.825912912912913,2892.252061119754,0.9101797211244548,0.9134564564564565,2757.068640015289
1,1.827913913913914,2892.639980622049,0.9101797211244548,0.9134564564564565,2757.068640015289
1,1.829914914914915,2893.027785517009,0.9101797211244548,0.9134564564564565,2757.068640015289
1,1.831915915915916,2893.415474197071,0.9101797211244548,0.9134564564564565,2757.068640015289
1,1.833916916916917,2893.803045064662,0.9101797211244548,0.9134564564564565,2757.068640015289
1,1.835917917917918,2894.190496532178,0.9101797211244548,0.9134564564564565,2757.068640015289
1,1.837918918918919,2894.577827021937,0.9101797211244548,0.9134564564564565,2757.068640015289
1,1.83991991991992,2894.965034966108,0.9101797211244548,0.9134564564564565,2757.068640015289
1,1.841920920920921,2895.35211880671,0.9101797211244548,0.9134564564564565,2757.068640015289
1,1.843921921921922,2895.739076995538,0.9101797211244548,0.9134564564564565,2757.068640015289
1,1.845922922922923,2896.125907994111,0.9101797211244548,0.9134564564564565,2757.068640015289
1,1.847923923923924,2896.512610273665,0.9101797211244548,0.9134564564564565,2757.068640015289
1,1.849924924924925,2896.899182315071,0.9101797211244548,0.9134564564564565,2757.068640015289
1,1.851925925925926,2897.285622608816,0.9101797211244548,0.9134564564564565,2757.068640015289
1,1.853926926926927,2897.67192965495,0.9101797211244548,0.9134564564564565,2757.068640015289
1,1.855927927927928,2898.058101963039,0.9101797211244548,0.9134564564564565,2757.068640015289
1,1.857928928928929,2898.444138052128,0.9101797211244548,0.9134564564564565,2757.068640015289
1,1.85992992992993,2898.830036450698,0.9101797211244548,0.9134564564564565,2757.068640015289
1,1.861930930930931,2899.215795696626,0.9101797211244548,0.9134564564564565,2757.068640015289
1,1.863931931931932,2899.601414337128,0.9101797211244548,0.9134564564564565,2757.068640015289
1,1.865932932932933,2899.986890928732,0.9101797211244548,0.9134564564564565,2757.068640015289
1,1.867933933933934,2900.37222403723,0.9101797211244548,0.9134564564564565,2757.068640015289
1,1.869934934934935,2900.75741223764,0.9101797211244548,0.9134564564564565,2757.068640015289
1,1.871935935935936,2901.142454114148,0.9101797211244548,0.9134564564564565,2757.068640015289
1,1.873936936936937,2901.527348260095,0.9101797211244548,0.9134564564564565,2757.068640015289
1,1.875937937937938,2901.912093277897,0.9101797211244548,0.9134564564564565,2757.068640015289
1,1.877938938938939,2902.296687779044,0.9101797211244548,0.9134564564564565,2757.068640015289
1,1.87993993993994,2902.68113038403,0.9101797211244548,0.9134564564564565,2757.068640015289
1,1.881940940940941,2903.06541972232,0.9101797211244548,0.9134564564564565,2757.068640015289
1,1.883941941941942,2903.449554432313,0.9101797211244548,0.9134564564564565,2757.068640015289
1,1.885942942942943,2903.833533161296,0.9101797211244548,0.9134564564564565,2757.068640015289
1,1.887943943943944,2904.217354565405,0.9101797211244548,0.9134564564564565,2757.068640015289
1,1.889944944944945,2904.601017309586,0.9101797211244548,0.9134564564564565,2757.068640015289
1,1.891945945945946,2904.984520067552,0.9101797211244548,0.9134564564564565,2757.068640015289
1,1.893946946946947,2905.367861521743,0.9101797211244548,0.9134564564564565,2757.068640015289
1,1.895947947947948,2905.751040363288,0.9101797211244548,0.9134564564564565,2757.068640015289
1,1.897948948948949,2906.134055291951,0.9101797211244548,0.9134564564564565,2757.068640015289
1,1.89994994994995,2906.516905016125,0.9101797211244548,0.9134564564564565,2757.068640015289
1,1.901950950950951,2906.899588252752,0.9101797211244548,0.9134564564564565,2757.068640015289
1,1.903951951951952,2907.282103727319,0.9101797211244548,0.9134564564564565,2757.068640015289
1,1.905952952952953,2907.664450173774,0.9101797211244548,0.9134564564564565,2757.068640015289
1,1.907953953953954,2908.046626334547,0.9101797211244548,0.9134564564564565,2757.068640015289
1,1.909954954954955,2908.428630960451,0.9101797211244548,0.9134564564564565,2757.068640015289
1,1.911955955955956,2908.81046281069,0.9101797211244548,0.9134564564564565,2757.068640015289
1,1.913956956956957,2909.192120652781,0.9101797211244548,0.9134564564564565,2757.068640015289
1,1.915957957957958,2909.573603262555,0.9101797211244548,0.9134564564564565,2757.068640015289
1,1.917958958958959,2909.954909424077,0.9101797211244548,0.9134564564564565,2757.068640015289
1,1.91995995995996,2910.336037929644,0.9101797211244548,0.9134564564564565,2757.068640015289
1,1.921960960960961,2910.71698757973,0.9101797211244548,0.9134564564564565,2757.068640015289
1,1.923961961961962,2911.09775718293,0.9101797211244548,0.9134564564564565,2757.068640015289
1,1.925962962962963,2911.478345555964,0.9101797211244548,0.9134564564564565,2757.068640015289
1,1.927963963963964,2911.858751523606,0.9101797211244548,0.9134564564564565,2757.068640015289
1,1.929964964964965,2912.238973918657,0.9101797211244548,0.9134564564564565,2757.068640015289
1,1.931965965965966,2912.619011581907,0.9101797211244548,0.9134564564564565,2757.068640015289
1,1.933966966966967,2912.998863362092,0.9101797211244548,0.9134564564564565,2757.068640015289
1,1.935967967967968,2913.378528115878,0.9101797211244548,0.9134564564564565,2757.068640015289
1,1.937968968968969,2913.758004707786,0.9101797211244548,0.9134564564564565,2757.068640015289
1,1.93996996996997,2914.137292010199,0.9101797211244548,0.9134564564564565,2757.068640015289
1,1.941970970970971,2914.51638890328,0.9101797211244548,0.9134564564564565,2757.068640015289
1,1.943971971971972,2914.895294274982,0.9101797211244548,0.9134564564564565,2757.068640015289
1,1.945972972972973,2915.27400702097,0.9101797211244548,0.9134564564564565,2757.068640015289
1,1.947973973973974,2915.652526044614,0.9101797211244548,0.9134564564564565,2757.068640015289
1,1.949974974974975,2916.030850256936,0.9101797211244548,0.9134564564564565,2757.068640015289
1,1.951975975975976,2916.408978576572,0.9101797211244548,0.9134564564564565,2757.068640015289
1,1.953976976976977,2916.786909929757,0.9101797211244548,0.9134564564564565,2757.068640015289
1,1.955977977977978,2917.164643250267,0.9101797211244548,0.9134564564564565,2757.068640015289
1,1.957978978978979,2917.54217747939,0.9101797211244548,0.9134564564564565,2757.068640015289
1,1.95997997997998,2917.919511565903,0.9101797211244548,0.9134564564564565,2757.068640015289
1,1.961980980980981,2918.296644466014,0.9101797211244548,0.9134564564564565,2757.068640015289
1,1.963981981981982,2918.673575143335,0.9101797211244548,0.9134564564564565,2757.068640015289
1,1.965982982982983,2919.05030256886,0.9101797211244548,0.9134564564564565,2757.068640015289
1,1.967983983983984,2919.426825720921,0.9101797211244548,0.9134564564564565,2757.068640015289
1,1.969984984984985,2919.803143585145,0.9101797211244548,0.9134564564564565,2757.068640015289
1,1.971985985985986,2920.179255154428,0.9101797211244548,0.9134564564564565,2757.068640015289
1,1.973986986986987,2920.5551594289,0.9101797211244548,0.9134564564564565,2757.068640015289
1,1.975987987987988,2920.930855415884,0.9101797211244548,0.9134564564564565,2757.068640015289
1,1.977988988988989,2921.306342129884,0.9101797211244548,0.9134564564564565,2757.068640015289
1,1.97998998998999,2921.681618592511,0.9101797211244548,0.9134564564564565,2757.068640015289
1,1.981990990990991,2922.056683832484,0.9101797211244548,0.9134564564564565,2757.068640015289
1,1.983991991991992,2922.431536885585,0.9101797211244548,0.9134564564564565,2757.068640015289
1,1.985992992992993,2922.806176794619,0.9101797211244548,0.9134564564564565,2757.068640015289
1,1.987993993993994,2923.180602609387,0.9101797211244548,0.9134564564564565,2757.068640015289
1,1.989994994994995,2923.55481338665,0.9101797211244548,0.9134564564564565,2757.068640015289
1,1.991995995995996,2923.928808190091,0.9101797211244548,0.9134564564564565,2757.068640015289
1,1.993996996996997,2924.3025860903,0.9101797211244548,0.9134564564564565,2757.068640015289
1,1.995997997997998,2924.676146164722,0.9101797211244548,0.9134564564564565,2757.068640015289
1,1.997998998998999,2925.049487497621,0.9101797211244548,0.9134564564564565,2757.068640015289
1,2,2925.42260918007,0.9101797211244548,0.9134564564564565,2757.068640015289
2,0.001,3348.236915115541,0.4858682717566457,0.4912452452452453,3029.267717693494
2,0.003001001001001001,3348.171428441978,0.4858682717566457,0.4912452452452453,3029.267717693494
2,0.005002002002002002,3348.036405130084,0.4858682717566457,0.4912452452452453,3029.267717693494
2,0.007003003003003003,3347.823854868048,0.4858682717566457,0.4912452452452453,3029.267717693494
2,0.009004004004004005,3347.521998247034,0.4858682717566457,0.4912452452452453,3029.267717693494
2,0.01100500500500501,3347.115544081945,0.4858682717566457,0.4912452452452453,3029.267717693494
2,0.01300600600600601,3346.586103602057,0.4858682717566457,0.4912452452452453,3029.267717693494
2,0.01500700700700701,3345.912770068811,0.4858682717566457,0.4912452452452453,3029.267717693494
2,0.01700800800800801,3345.072887286683,0.4858682717566457,0.4912452452452453,3029.267717693494
2,0.01900900900900901,3344.043017361301,0.4858682717566457,0.4912452452452453,3029.267717693494
2,0.02101001001001001,3342.800096481676,0.4858682717566457,0.4912452452452453,3029.267717693494
2,0.02301101101101101,3341.322738656233,0.4858682717566457,0.4912452452452453,3029.267717693494
2,0.02501201201201201,3339.592614596469,0.4858682717566457,0.4912452452452453,3029.267717693494
2,0.02701301301301301,3337.595802000829,0.4858682717566457,0.4912452452452453,3029.267717693494
2,0.02901401401401402,3335.323981627308,0.4858682717566457,0.4912452452452453,3029.267717693494
2,0.03101501501501502,3332.775348065935,0.4858682717566457,0.4912452452452453,3029.267717693494
2,0.03301601601601602,3329.95512009918,0.4858682717566457,0.4912452452452453,3029.267717693494
2,0.03501701701701702,3326.875573644126,0.4858682717566457,0.4912452452452453,3029.267717693494
2,0.03701801801801802,3323.55557557307,0.4858682717566457,0.4912452452452453,3029.267717693494
2,0.03901901901901902,3320.01965928405,0.4858682717566457,0.4912452452452453,3029.267717693494
2,0.04102002002002002,3316.296740244487,0.4858682717566457,0.4912452452452453,3029.267717693494
2,0.04302102102102102,3312.418610332675,0.4858682717566457,0.4912452452452453,3029.267717693494
2,0.04502202202202202,3308.41836643151,0.4858682717566457,0.4912452452452453,3029.267717693494
2,0.04702302302302303,3304.328920217243,0.4858682717566457,0.4912452452452453,3029.267717693494
2,0.04902402402402403,3300.181707097804,0.4858682717566457,0.4912452452452453,3029.267717693494
2,0.05102502502502503,3296.005671179156,0.4858682717566457,0.4912452452452453,3029.267717693494
2,0.05302602602602603,3291.82655932965,0.4858682717566457,0.4912452452452453,3029.267717693494
2,0.05502702702702703,3287.666518705772,0.4858682717566457,0.4912452452452453,3029.267717693494
2,0.05702802802802803,3283.543963346732,0.4858682717566457,0.4912452452452453,3029.267717693494
2,0.05902902902902903,3279.473658339486,0.4858682717566457,0.4912452452452453,3029.267717693494
2,0.06103003003003003,3275.466963662158,0.4858682717566457,0.4912452452452453,3029.267717693494
2,0.06303103103103103,3271.532181743045,0.4858682717566457,0.4912452452452453,3029.267717693494
2,0.06503203203203203,3267.674960047401,0.4858682717566457,0.4912452452452453,3029.267717693494
2,0.06703303303303304,3263.898709919294,0.4858682717566457,0.4912452452452453,3029.267717693494
2,0.06903403403403403,3260.205013339347,0.4858682717566457,0.4912452452452453,3029.267717693494
2,0.07103503503503504,3256.593998830768,0.4858682717566457,0.4912452452452453,3029.267717693494
2,0.07303603603603603,3253.064675720271,0.4858682717566457,0.4912452452452453,3029.267717693494
2,0.07503703703703704,3249.615222098032,0.4858682717566457,0.4912452452452453,3029.267717693494
2,0.07703803803803803,3246.243226198007,0.4858682717566457,0.4912452452452453,3029.267717693494
2,0.07903903903903904,3242.945883789576,0.4858682717566457,0.4912452452452453,3029.267717693494
2,0.08104004004004003,3239.720155843186,0.4858682717566457,0.4912452452452453,3029.267717693494
2,0.08304104104104104,3236.562891523594,0.4858682717566457,0.4912452452452453,3029.267717693494
2,0.08504204204204205,3233.470921741477,0.4858682717566457,0.4912452452452453,3029.267717693494
2,0.08704304304304304,3230.441128280102,0.4858682717566457,0.4912452452452453,3029.267717693494
2,0.08904404404404405,3227.470493072002,0.4858682717566457,0.4912452452452453,3029.267717693494
2,0.09104504504504504,3224.556131648754,0.4858682717566457,0.4912452452452453,3029.267717693494
2,0.09304604604604605,3221.695314205453,0.4858682717566457,0.4912452452452453,3029.267717693494
2,0.09504704704704704,3218.88547715716,0.4858682717566457,0.4912452452452453,3029.267717693494
2,0.09704804804804805,3216.124227549091,0.4858682717566457,0.4912452452452453,3029.267717693494
2,0.09904904904904906,3213.409342224854,0.4858682717566457,0.4912452452452453,3029.267717693494
2,0.10105005005005,3210.738763267213,0.4858682717566457,0.4912452452452453,3029.267717693494
2,0.1030510510510511,3208.110590895491,0.4858682717566457,0.4912452452452453,3029.267717693494
2,0.1050520520520521,3205.523074733589,0.4858682717566457,0.4912452452452453,3029.267717693494
2,0.1070530530530531,3202.974604140821,0.4858682717566457,0.4912452452452453,3029.267717693494
2,0.1090540540540541,3200.463698122793,0.4858682717566457,0.4912452452452453,3029.267717693494
2,0.1110550550550551,3197.988995197536,0.4858682717566457,0.4912452452452453,3029.267717693494
2,0.1130560560560561,3195.549243483965,0.4858682717566457,0.4912452452452453,3029.267717693494
2,0.1150570570570571,3193.14329119482,0.4858682717566457,0.4912452452452453,3029.267717693494
2,0.1170580580580581,3190.770077651126,0.4858682717566457,0.4912452452452453,3029.267717693494
2,0.1190590590590591,3188.428624887104,0.4858682717566457,0.4912452452452453,3029.267717693494
2,0.1210600600600601,3186.118029878367,0.4858682717566457,0.4912452452452453,3029.267717693494
2,0.1230610610610611,3183.837457399969,0.4858682717566457,0.4912452452452453,3029.267717693494
2,0.1250620620620621,3181.5861335025,0.4858682717566457,0.4912452452452453,3029.267717693494
2,0.1270630630630631,3179.363339581936,0.4858682717566457,0.4912452452452453,3029.267717693494
2,0.1290640640640641,3177.168407010914,0.4858682717566457,0.4912452452452453,3029.267717693494
2,0.1310650650650651,3175.00071229377,0.4858682717566457,0.4912452452452453,3029.267717693494
2,0.1330660660660661,3172.859672706129,0.4858682717566457,0.4912452452452453,3029.267717693494
2,0.1350670670670671,3170.744742378624,0.4858682717566457,0.4912452452452453,3029.267717693494
2,0.1370680680680681,3168.655408785367,0.4858682717566457,0.4912452452452453,3029.267717693494
2,0.1390690690690691,3166.591189599106,0.4858682717566457,0.4912452452452453,3029.267717693494
2,0.1410700700700701,3164.551629877277,0.4858682717566457,0.4912452452452453,3029.267717693494
2,0.1430710710710711,3162.536299545452,0.4858682717566457,0.4912452452452453,3029.267717693494
2,0.1450720720720721,3160.544791147329,0.4858682717566457,0.4912452452452453,3029.267717693494
2,0.1470730730730731,3158.576717832875,0.4858682717566457,0.4912452452452453,3029.267717693494
2,0.1490740740740741,3156.631711558929,0.4858682717566457,0.4912452452452453,3029.267717693494
2,0.1510750750750751,3154.709421479185,0.4858682717566457,0.4912452452452453,3029.267717693494
2,0.1530760760760761,3152.809512502333,0.4858682717566457,0.4912452452452453,3029.267717693494
2,0.1550770770770771,3150.931663999901,0.4858682717566457,0.4912452452452453,3029.267717693494
2,0.1570780780780781,3149.075568646731,0.4858682717566457,0.4912452452452453,3029.267717693494
2,0.1590790790790791,3147.240931379538,0.4858682717566457,0.4912452452452453,3029.267717693494
2,0.1610800800800801,3145.427468459928,0.4858682717566457,0.4912452452452453,3029.267717693494
2,0.1630810810810811,3143.634906630434,0.4858682717566457,0.4912452452452453,3029.267717693494
2,0.1650820820820821,3141.86298235283,0.4858682717566457,0.4912452452452453,3029.267717693494
2,0.1670830830830831,3140.11144111986,0.4858682717566457,0.4912452452452453,3029.267717693494
2,0.1690840840840841,3138.380036832042,0.4858682717566457,0.4912452452452453,3029.267717693494
2,0.1710850850850851,3136.66853123219,0.4858682717566457,0.4912452452452453,3029.267717693494
2,0.1730860860860861,3134.976693391851,0.4858682717566457,0.4912452452452453,3029.267717693494
2,0.1750870870870871,3133.304299243518,0.4858682717566457,0.4912452452452453,3029.267717693494
2,0.1770880880880881,3131.651131153912,0.4858682717566457,0.4912452452452453,3029.267717693494
2,0.1790890890890891,3130.016977534078,0.4858682717566457,0.4912452452452453,3029.267717693494
2,0.1810900900900901,3128.401632482199,0.4858682717566457,0.4912452452452453,3029.267717693494
2,0.1830910910910911,3126.804895456062,0.4858682717566457,0.4912452452452453,3029.267717693494
2,0.1850920920920921,3125.226570971811,0.4858682717566457,0.4912452452452453,3029.267717693494
2,0.1870930930930931,3123.666468326614,0.4858682717566457,0.4912452452452453,3029.267717693494
2,0.1890940940940941,3122.124401342884,0.4858682717566457,0.4912452452452453,3029.267717693494
2,0.1910950950950951,3120.600188131763,0.4858682717566457,0.4912452452452453,3029.267717693494
2,0.1930960960960961,3119.093650874159,0.4858682717566457,0.4912452452452453,3029.267717693494
2,0.1950970970970971,3117.604615617862,0.4858682717566457,0.4912452452452453,3029.267717693494
2,0.1970980980980981,3116.132912088877,0.4858682717566457,0.4912452452452453,3029.267717693494
2,0.1990990990990991,3114.678373516156,0.4858682717566457,0.4912452452452453,3029.267717693494
2,0.2011001001001001,3113.240836468133,0.4858682717566457,0.4912452452452453,3029.267717693494
2,0.2031011011011011,3111.820140700243,0.4858682717566457,0.4912452452452453,3029.267717693494
2,0.2051021021021021,3110.416129012647,0.4858682717566457,0.4912452452452453,3029.267717693494
2,0.2071031031031031,3109.028647116866,0.4858682717566457,0.4912452452452453,3029.267717693494
2,0.2091041041041041,3107.657543511085,0.4858682717566457,0.4912452452452453,3029.267717693494
2,0.2111051051051051,3106.302669363161,0.4858682717566457,0.4912452452452453,3029.267717693494
2,0.2131061061061061,3104.963878400695,0.4858682717566457,0.4912452452452453,3029.267717693494
2,0.2151071071071071,3103.64102680789,0.4858682717566457,0.4912452452452453,3029.267717693494
2,0.2171081081081081,3102.333973128365,0.4858682717566457,0.4912452452452453,3029.267717693494
2,0.2191091091091091,3101.042578173704,0.4858682717566457,0.4912452452452453,3029.267717693494
2,0.2211101101101101,3099.766704937197,0.4858682717566457,0.4912452452452453,3029.267717693494
2,0.2231111111111111,3098.506218512548,0.4858682717566457,0.4912452452452453,3029.267717693494
2,0.2251121121121121,3097.260986017007,0.4858682717566457,0.4912452452452453,3029.267717693494
2,0.2271131131131131,3096.030876518734,0.4858682717566457,0.4912452452452453,3029.267717693494
2,0.2291141141141141,3094.815760968163,0.4858682717566457,0.4912452452452453,3029.267717693494
2,0.2311151151151151,3093.615512132935,0.4858682717566457,0.4912452452452453,3029.267717693494
2,0.2331161161161161,3092.430004536326,0.4858682717566457,0.4912452452452453,3029.267717693494
2,0.2351171171171171,3091.25911439888,0.4858682717566457,0.4912452452452453,3029.267717693494
2,0.2371181181181181,3090.102719582947,0.4858682717566457,0.4912452452452453,3029.267717693494
2,0.2391191191191191,3088.960699540139,0.4858682717566457,0.4912452452452453,3029.267717693494
2,0.2411201201201201,3087.832935261359,0.4858682717566457,0.4912452452452453,3029.267717693494
2,0.2431211211211211,3086.719309229306,0.4858682717566457,0.4912452452452453,3029.267717693494
2,0.2451221221221221,3085.619705373326,0.4858682717566457,0.4912452452452453,3029.267717693494
2,0.2471231231231231,3084.534009026414,0.4858682717566457,0.4912452452452453,3029.267717693494
2,0.2491241241241241,3083.462106884296,0.4858682717566457,0.4912452452452453,3029.267717693494
2,0.2511251251251251,3082.403886966406,0.4858682717566457,0.4912452452452453,3029.267717693494
2,0.2531261261261261,3081.359238578735,0.4858682717566457,0.4912452452452453,3029.267717693494
2,0.2551271271271272,3080.328052278389,0.4858682717566457,0.4912452452452453,3029.267717693494
2,0.2571281281281281,3079.310219839669,0.4858682717566457,0.4912452452452453,3029.267717693494
2,0.2591291291291291,3078.305634221865,0.4858682717566457,0.4912452452452453,3029.267717693494
2,0.2611301301301301,3077.314189538305,0.4858682717566457,0.4912452452452453,3029.267717693494
2,0.2631311311311311,3076.335781026879,0.4858682717566457,0.4912452452452453,3029.267717693494
2,0.2651321321321322,3075.370305021851,0.4858682717566457,0.4912452452452453,3029.267717693494
2,0.2671331331331331,3074.417658926834,0.4858682717566457,0.4912452452452453,3029.267717693494
2,0.2691341341341341,3073.477741188975,0.4858682717566457,0.4912452452452453,3029.267717693494
2,0.2711351351351352,3072.550451274195,0.4858682717566457,0.4912452452452453,3029.267717693494
2,0.2731361361361361,3071.635689643507,0.4858682717566457,0.4912452452452453,3029.267717693494
2,0.2751371371371372,3070.733357730265,0.4858682717566457,0.4912452452452453,3029.267717693494
2,0.2771381381381381,3069.843357918409,0.4858682717566457,0.4912452452452453,3029.267717693494
2,0.2791391391391391,3068.96559352156,0.4858682717566457,0.4912452452452453,3029.267717693494
2,0.2811401401401402,3068.09996876292,0.4858682717566457,0.4912452452452453,3029.267717693494
2,0.2831411411411411,3067.24638875603,0.4858682717566457,0.4912452452452453,3029.267717693494
2,0.2851421421421421,3066.404759486279,0.4858682717566457,0.4912452452452453,3029.267717693494
2,0.2871431431431432,3065.574987793095,0.4858682717566457,0.4912452452452453,3029.267717693494
2,0.2891441441441441,3064.756981352837,0.4858682717566457,0.4912452452452453,3029.267717693494
2,0.2911451451451452,3063.950648662351,0.4858682717566457,0.4912452452452453,3029.267717693494
2,0.2931461461461461,3063.155899023184,0.4858682717566457,0.4912452452452453,3029.267717693494
2,0.2951471471471471,3062.372642526244,0.4858682717566457,0.4912452452452453,3029.267717693494
2,0.2971481481481482,3061.600790037236,0.4858682717566457,0.4912452452452453,3029.267717693494
2,0.2991491491491491,3060.84025318242,0.4858682717566457,0.4912452452452453,3029.267717693494
2,0.3011501501501502,3060.090944335079,0.4858682717566457,0.4912452452452453,3029.267717693494
2,0.3031511511511512,3059.352776602269,0.4858682717566457,0.4912452452452453,3029.267717693494
2,0.3051521521521521,3058.62566381222,0.4858682717566457,0.4912452452452453,3029.267717693494
2,0.3071531531531532,3057.909520502059,0.4858682717566457,0.4912452452452453,3029.267717693494
2,0.3091541541541541,3057.204261906008,0.4858682717566457,0.4912452452452453,3029.267717693494
2,0.3111551551551552,3056.509803943975,0.4858682717566457,0.4912452452452453,3029.267717693494
2,0.3131561561561562,3055.826063210513,0.4858682717566457,0.4912452452452453,3029.267717693494
2,0.3151571571571571,3055.152956964193,0.4858682717566457,0.4912452452452453,3029.267717693494
2,0.3171581581581582,3054.490403117251,0.4858682717566457,0.4912452452452453,3029.267717693494
2,0.3191591591591592,3053.838320225654,0.4858682717566457,0.4912452452452453,3029.267717693494
2,0.3211601601601601,3053.196627479469,0.4858682717566457,0.4912452452452453,3029.267717693494
2,0.3231611611611612,3052.565244693471,0.4858682717566457,0.4912452452452453,3029.267717693494
2,0.3251621621621621,3051.94409229814,0.4858682717566457,0.4912452452452453,3029.267717693494
2,0.3271631631631632,3051.333091330866,0.4858682717566457,0.4912452452452453,3029.267717693494
2,0.3291641641641642,3050.732163427503,0.4858682717566457,0.4912452452452453,3029.267717693494
2,0.3311651651651651,3050.141230814079,0.4858682717566457,0.4912452452452453,3029.267717693494
2,0.3331661661661662,3049.560216298838,0.4858682717566457,0.4912452452452453,3029.267717693494
2,0.3351671671671672,3048.989043264495,0.4858682717566457,0.4912452452452453,3029.267717693494
2,0.3371681681681682,3048.427635660693,0.4858682717566457,0.4912452452452453,3029.267717693494
2,0.3391691691691692,3047.875917996721,0.4858682717566457,0.4912452452452453,3029.267717693494
2,0.3411701701701702,3047.333815334393,0.4858682717566457,0.4912452452452453,3029.267717693494
2,0.3431711711711712,3046.801253281186,0.4858682717566457,0.4912452452452453,3029.267717693494
2,0.3451721721721722,3046.278157983502,0.4858682717566457,0.4912452452452453,3029.267717693494
2,0.3471731731731732,3045.764456120175,0.4858682717566457,0.4912452452452453,3029.267717693494
2,0.3491741741741742,3045.260074896134,0.4858682717566457,0.4912452452452453,3029.267717693494
2,0.3511751751751752,3044.764942036219,0.4858682717566457,0.4912452452452453,3029.267717693494
2,0.3531761761761762,3044.278985779182,0.4858682717566457,0.4912452452452453,3029.267717693494
2,0.3551771771771772,3043.802134871831,0.4858682717566457,0.4912452452452453,3029.267717693494
2,0.3571781781781782,3043.334318563359,0.4858682717566457,0.4912452452452453,3029.267717693494
2,0.3591791791791792,3042.875466599779,0.4858682717566457,0.4912452452452453,3029.267717693494
2,0.3611801801801802,3042.425509218499,0.4858682717566457,0.4912452452452453,3029.267717693494
2,0.3631811811811812,3041.984377143061,0.4858682717566457,0.4912452452452453,3029.267717693494
2,0.3651821821821822,3041.552001578011,0.4858682717566457,0.4912452452452453,3029.267717693494
2,0.3671831831831832,3041.128314203835,0.4858682717566457,0.4912452452452453,3029.267717693494
2,0.3691841841841842,3040.713247172092,0.4858682717566457,0.4912452452452453,3029.267717693494
2,0.3711851851851852,3040.306733100625,0.4858682717566457,0.4912452452452453,3029.267717693494
2,0.3731861861861862,3039.908705068874,0.4858682717566457,0.4912452452452453,3029.267717693494
2,0.3751871871871872,3039.519096613315,0.4858682717566457,0.4912452452452453,3029.267717693494
2,0.3771881881881882,3039.137841722989,0.4858682717566457,0.4912452452452453,3029.267717693494
2,0.3791891891891892,3038.764874835178,0.4858682717566457,0.4912452452452453,3029.267717693494
2,0.3811901901901902,3038.400130831054,0.4858682717566457,0.4912452452452453,3029.267717693494
2,0.3831911911911912,3038.043545031604,0.4858682717566457,0.4912452452452453,3029.267717693494
2,0.3851921921921922,3037.695053193455,0.4858682717566457,0.4912452452452453,3029.267717693494
2,0.3871931931931932,3037.354591504958,0.4858682717566457,0.4912452452452453,3029.267717693494
2,0.3891941941941942,3037.022096582191,0.4858682717566457,0.4912452452452453,3029.267717693494
2,0.3911951951951952,3036.697505465198,0.4858682717566457,0.4912452452452453,3029.267717693494
2,0.3931961961961962,3036.380755614172,0.4858682717566457,0.4912452452452453,3029.267717693494
2,0.3951971971971972,3036.071784905816,0.4858682717566457,0.4912452452452453,3029.267717693494
2,0.3971981981981982,3035.770531629691,0.4858682717566457,0.4912452452452453,3029.267717693494
2,0.3991991991991992,3035.476934484728,0.4858682717566457,0.4912452452452453,3029.267717693494
2,0.4012002002002002,3035.190932575726,0.4858682717566457,0.4912452452452453,3029.267717693494
2,0.4032012012012012,3034.912465409925,0.4858682717566457,0.4912452452452453,3029.267717693494
2,0.4052022022022022,3034.641472893702,0.4858682717566457,0.4912452452452453,3029.267717693494
2,0.4072032032032032,3034.377895329278,0.4858682717566457,0.4912452452452453,3029.267717693494
2,0.4092042042042042,3034.121673411488,0.4858682717566457,0.4912452452452453,3029.267717693494
2,0.4112052052052052,3033.872748224617,0.4858682717566457,0.4912452452452453,3029.267717693494
2,0.4132062062062062,3033.631061239281,0.4858682717566457,0.4912452452452453,3029.267717693494
2,0.4152072072072072,3033.396554309409,0.4858682717566457,0.4912452452452453,3029.267717693494
2,0.4172082082082082,3033.169169669192,0.4858682717566457,0.4912452452452453,3029.267717693494
2,0.4192092092092092,3032.948849930156,0.4858682717566457,0.4912452452452453,3029.267717693494
2,0.4212102102102102,3032.73553807826,0.4858682717566457,0.4912452452452453,3029.267717693494
2,0.4232112112112112,3032.529177471022,0.4858682717566457,0.4912452452452453,3029.267717693494
2,0.4252122122122122,3032.32971183473,0.4858682717566457,0.4912452452452453,3029.267717693494
2,0.4272132132132132,3032.137085261651,0.4858682717566457,0.4912452452452453,3029.267717693494
2,0.4292142142142142,3031.951242207333,0.4858682717566457,0.4912452452452453,3029.267717693494
2,0.4312152152152152,3031.772127487905,0.4858682717566457,0.4912452452452453,3029.267717693494
2,0.4332162162162162,3031.59968627744,0.4858682717566457,0.4912452452452453,3029.267717693494
2,0.4352172172172172,3031.433864105362,0.4858682717566457,0.4912452452452453,3029.267717693494
2,0.4372182182182182,3031.274606853875,0.4858682717566457,0.4912452452452453,3029.267717693494
2,0.4392192192192192,3031.121860755447,0.4858682717566457,0.4912452452452453,3029.267717693494
2,0.4412202202202202,3030.975572390304,0.4858682717566457,0.4912452452452453,3029.267717693494
2,0.4432212212212212,3030.835688684,0.4858682717566457,0.4912452452452453,3029.267717693494
2,0.4452222222222222,3030.702156904964,0.4858682717566457,0.4912452452452453,3029.267717693494
2,0.4472232232232232,3030.574924662146,0.4858682717566457,0.4912452452452453,3029.267717693494
2,0.4492242242242243,3030.453939902643,0.4858682717566457,0.4912452452452453,3029.267717693494
2,0.4512252252252252,3030.339150909377,0.4858682717566457,0.4912452452452453,3029.267717693494
2,0.4532262262262262,3030.23050629882,0.4858682717566457,0.4912452452452453,3029.267717693494
2,0.4552272272272272,3030.127955018695,0.4858682717566457,0.4912452452452453,3029.267717693494
2,0.4572282282282282,3030.031446345773,0.4858682717566457,0.4912452452452453,3029.267717693494
2,0.4592292292292292,3029.940929883665,0.4858682717566457,0.4912452452452453,3029.267717693494
2,0.4612302302302302,3029.856355560618,0.4858682717566457,0.4912452452452453,3029.267717693494
2,0.4632312312312312,3029.777673627381,0.4858682717566457,0.4912452452452453,3029.267717693494
2,0.4652322322322323,3029.704834655092,0.4858682717566457,0.4912452452452453,3029.267717693494
2,0.4672332332332332,3029.63778953314,0.4858682717566457,0.4912452452452453,3029.267717693494
2,0.4692342342342342,3029.576489467123,0.4858682717566457,0.4912452452452453,3029.267717693494
2,0.4712352352352353,3029.520885976784,0.4858682717566457,0.4912452452452453,3029.267717693494
2,0.4732362362362362,3029.470930893966,0.4858682717566457,0.4912452452452453,3029.267717693494
2,0.4752372372372373,3029.426576360624,0.4858682717566457,0.4912452452452453,3029.267717693494
2,0.4772382382382382,3029.387774826841,0.4858682717566457,0.4912452452452453,3029.267717693494
2,0.4792392392392392,3029.354479048861,0.4858682717566457,0.4912452452452453,3029.267717693494
2,0.4812402402402403,3029.326642087138,0.4858682717566457,0.4912452452452453,3029.267717693494
2,0.4832412412412412,3029.304217304435,0.4858682717566457,0.4912452452452453,3029.267717693494
2,0.4852422422422423,3029.287158363899,0.4858682717566457,0.4912452452452453,3029.267717693494
2,0.4872432432432433,3029.275419227212,0.4858682717566457,0.4912452452452453,3029.267717693494
2,0.4892442442442442,3029.268954152699,0.4858682717566457,0.4912452452452453,3029.267717693494
2,0.4912452452452453,3029.267717693494,0.4858682717566457,0.4912452452452453,3029.267717693494
2,0.4932462462462462,3029.271664695742,0.4858682717566457,0.4912452452452453,3029.267717693494
2,0.4952472472472472,3029.280750296738,0.4858682717566457,0.4912452452452453,3029.267717693494
2,0.4972482482482483,3029.2949299232,0.4858682717566457,0.4912452452452453,3029.267717693494
2,0.4992492492492492,3029.314159289436,0.4858682717566457,0.4912452452452453,3029.267717693494
2,0.5012502502502503,3029.338394395653,0.4858682717566457,0.4912452452452453,3029.267717693494
2,0.5032512512512513,3029.367591526169,0.4858682717566457,0.4912452452452453,3029.267717693494
2,0.5052522522522522,3029.401707247707,0.4858682717566457,0.4912452452452453,3029.267717693494
2,0.5072532532532532,3029.440698407695,0.4858682717566457,0.4912452452452453,3029.267717693494
2,0.5092542542542543,3029.48452213256,0.4858682717566457,0.4912452452452453,3029.267717693494
2,0.5112552552552553,3029.533135826066,0.4858682717566457,0.4912452452452453,3029.267717693494
2,0.5132562562562563,3029.586497167651,0.4858682717566457,0.4912452452452453,3029.267717693494
2,0.5152572572572572,3029.644564110769,0.4858682717566457,0.4912452452452453,3029.267717693494
2,0.5172582582582582,3029.707294881264,0.4858682717566457,0.4912452452452453,3029.267717693494
2,0.5192592592592593,3029.774647975752,0.4858682717566457,0.4912452452452453,3029.267717693494
2,0.5212602602602603,3029.846582160012,0.4858682717566457,0.4912452452452453,3029.267717693494
2,0.5232612612612613,3029.923056467411,0.4858682717566457,0.4912452452452453,3029.267717693494
2,0.5252622622622622,3030.004030197284,0.4858682717566457,0.4912452452452453,3029.267717693494
2,0.5272632632632632,3030.08946291342,0.4858682717566457,0.4912452452452453,3029.267717693494
2,0.5292642642642643,3030.179314442467,0.4858682717566457,0.4912452452452453,3029.267717693494
2,0.5312652652652653,3030.273544872417,0.4858682717566457,0.4912452452452453,3029.267717693494
2,0.5332662662662663,3030.372114551059,0.4858682717566457,0.4912452452452453,3029.267717693494
2,0.5352672672672673,3030.47498408447,0.4858682717566457,0.4912452452452453,3029.267717693494
2,0.5372682682682682,3030.582114335518,0.4858682717566457,0.4912452452452453,3029.267717693494
2,0.5392692692692693,3030.693466422351,0.4858682717566457,0.4912452452452453,3029.267717693494
2,0.5412702702702703,3030.809001716921,0.4858682717566457,0.4912452452452453,3029.267717693494
2,0.5432712712712713,3030.928681843528,0.4858682717566457,0.4912452452452453,3029.267717693494
2,0.5452722722722723,3031.052468677328,0.4858682717566457,0.4912452452452453,3029.267717693494
2,0.5472732732732732,3031.18032434291,0.4858682717566457,0.4912452452452453,3029.267717693494
2,0.5492742742742743,3031.312211212855,0.4858682717566457,0.4912452452452453,3029.267717693494
2,0.5512752752752753,3031.448091906282,0.4858682717566457,0.4912452452452453,3029.267717693494
2,0.5532762762762763,3031.587929287464,0.4858682717566457,0.4912452452452453,3029.267717693494
2,0.5552772772772773,3031.731686464376,0.4858682717566457,0.4912452452452453,3029.267717693494
2,0.5572782782782782,3031.879326787356,0.4858682717566457,0.4912452452452453,3029.267717693494
2,0.5592792792792792,3032.030813847661,0.4858682717566457,0.4912452452452453,3029.267717693494
2,0.5612802802802803,3032.186111476109,0.4858682717566457,0.4912452452452453,3029.267717693494
2,0.5632812812812813,3032.345183741712,0.4858682717566457,0.4912452452452453,3029.267717693494
2,0.5652822822822823,3032.507994950312,0.4858682717566457,0.4912452452452453,3029.267717693494
2,0.5672832832832833,3032.67450964322,0.4858682717566457,0.4912452452452453,3029.267717693494
2,0.5692842842842842,3032.844692595892,0.4858682717566457,0.4912452452452453,3029.267717693494
2,0.5712852852852853,3033.018508816572,0.4858682717566457,0.4912452452452453,3029.267717693494
2,0.5732862862862863,3033.195923544982,0.4858682717566457,0.4912452452452453,3029.267717693494
2,0.5752872872872873,3033.376902251017,0.4858682717566457,0.4912452452452453,3029.267717693494
2,0.5772882882882883,3033.561410633402,0.4858682717566457,0.4912452452452453,3029.267717693494
2,0.5792892892892892,3033.749414618429,0.4858682717566457,0.4912452452452453,3029.267717693494
2,0.5812902902902903,3033.940880358633,0.4858682717566457,0.4912452452452453,3029.267717693494
2,0.5832912912912913,3034.135774231537,0.4858682717566457,0.4912452452452453,3029.267717693494
2,0.5852922922922923,3034.334062838354,0.4858682717566457,0.4912452452452453,3029.267717693494
2,0.5872932932932933,3034.535713002738,0.4858682717566457,0.4912452452452453,3029.267717693494
2,0.5892942942942943,3034.740691769509,0.4858682717566457,0.4912452452452453,3029.267717693494
2,0.5912952952952953,3034.94896640342,0.4858682717566457,0.4912452452452453,3029.267717693494
2,0.5932962962962963,3035.160504387884,0.4858682717566457,0.4912452452452453,3029.267717693494
2,0.5952972972972973,3035.375273423778,0.4858682717566457,0.4912452452452453,3029.267717693494
2,0.5972982982982983,3035.593241428161,0.4858682717566457,0.4912452452452453,3029.267717693494
2,0.5992992992992993,3035.814376533111,0.4858682717566457,0.4912452452452453,3029.267717693494
2,0.6013003003003003,3036.038647084455,0.4858682717566457,0.4912452452452453,3029.267717693494
2,0.6033013013013013,3036.266021640607,0.4858682717566457,0.4912452452452453,3029.267717693494
2,0.6053023023023023,3036.496468971332,0.4858682717566457,0.4912452452452453,3029.267717693494
2,0.6073033033033033,3036.72995805658,0.4858682717566457,0.4912452452452453,3029.267717693494
2,0.6093043043043043,3036.966458085287,0.4858682717566457,0.4912452452452453,3029.267717693494
2,0.6113053053053054,3037.205938454194,0.4858682717566457,0.4912452452452453,3029.267717693494
2,0.6133063063063063,3037.448368766684,0.4858682717566457,0.4912452452452453,3029.267717693494
2,0.6153073073073073,3037.693718831589,0.4858682717566457,0.4912452452452453,3029.267717693494
2,0.6173083083083083,3037.941958662077,0.4858682717566457,0.4912452452452453,3029.267717693494
2,0.6193093093093093,3038.193058474449,0.4858682717566457,0.4912452452452453,3029.267717693494
2,0.6213103103103104,3038.446988687042,0.4858682717566457,0.4912452452452453,3029.267717693494
2,0.6233113113113113,3038.703719919035,0.4858682717566457,0.4912452452452453,3029.267717693494
2,0.6253123123123123,3038.96322298937,0.4858682717566457,0.4912452452452453,3029.267717693494
2,0.6273133133133133,3039.225468915578,0.4858682717566457,0.4912452452452453,3029.267717693494
2,0.6293143143143143,3039.490428912695,0.4858682717566457,0.4912452452452453,3029.267717693494
2,0.6313153153153154,3039.758074392115,0.4858682717566457,0.4912452452452453,3029.267717693494
2,0.6333163163163164,3040.028376960512,0.4858682717566457,0.4912452452452453,3029.267717693494
2,0.6353173173173173,3040.301308418716,0.4858682717566457,0.4912452452452453,3029.267717693494
2,0.6373183183183183,3040.576840760617,0.4858682717566457,0.4912452452452453,3029.267717693494
2,0.6393193193193193,3040.854946172089,0.4858682717566457,0.4912452452452453,3029.267717693494
2,0.6413203203203203,3041.135597029892,0.4858682717566457,0.4912452452452453,3029.267717693494
2,0.6433213213213214,3041.418765900595,0.4858682717566457,0.4912452452452453,3029.267717693494
2,0.6453223223223223,3041.704425539511,0.4858682717566457,0.4912452452452453,3029.267717693494
2,0.6473233233233233,3041.992548889617,0.4858682717566457,0.4912452452452453,3029.267717693494
2,0.6493243243243243,3042.283109080501,0.4858682717566457,0.4912452452452453,3029.267717693494
2,0.6513253253253253,3042.576079427298,0.4858682717566457,0.4912452452452453,3029.267717693494
2,0.6533263263263264,3042.871433429663,0.4858682717566457,0.4912452452452453,3029.267717693494
2,0.6553273273273273,3043.169144770681,0.4858682717566457,0.4912452452452453,3029.267717693494
2,0.6573283283283283,3043.46918731587,0.4858682717566457,0.4912452452452453,3029.267717693494
2,0.6593293293293293,3043.771535112132,0.4858682717566457,0.4912452452452453,3029.267717693494
2,0.6613303303303303,3044.076162386717,0.4858682717566457,0.4912452452452453,3029.267717693494
2,0.6633313313313314,3044.383043546203,0.4858682717566457,0.4912452452452453,3029.267717693494
2,0.6653323323323324,3044.692153175493,0.4858682717566457,0.4912452452452453,3029.267717693494
2,0.6673333333333333,3045.003466036772,0.4858682717566457,0.4912452452452453,3029.267717693494
2,0.6693343343343343,3045.316957068533,0.4858682717566457,0.4912452452452453,3029.267717693494
2,0.6713353353353353,3045.632601384554,0.4858682717566457,0.4912452452452453,3029.267717693494
2,0.6733363363363364,3045.9503742729,0.4858682717566457,0.4912452452452453,3029.267717693494
2,0.6753373373373374,3046.270251194942,0.4858682717566457,0.4912452452452453,3029.267717693494
2,0.6773383383383383,3046.592207784362,0.4858682717566457,0.4912452452452453,3029.267717693494
2,0.6793393393393393,3046.916219846178,0.4858682717566457,0.4912452452452453,3029.267717693494
2,0.6813403403403403,3047.24226335576,0.4858682717566457,0.4912452452452453,3029.267717693494
2,0.6833413413413414,3047.570314457857,0.4858682717566457,0.4912452452452453,3029.267717693494
2,0.6853423423423424,3047.900349465639,0.4858682717566457,0.4912452452452453,3029.267717693494
2,0.6873433433433433,3048.232344859728,0.4858682717566457,0.4912452452452453,3029.267717693494
2,0.6893443443443443,3048.566277287234,0.4858682717566457,0.4912452452452453,3029.267717693494
2,0.6913453453453453,3048.902123560824,0.4858682717566457,0.4912452452452453,3029.267717693494
2,0.6933463463463464,3049.239860657757,0.4858682717566457,0.4912452452452453,3029.267717693494
2,0.6953473473473474,3049.579465718938,0.4858682717566457,0.4912452452452453,3029.267717693494
2,0.6973483483483484,3049.920916047994,0.4858682717566457,0.4912452452452453,3029.267717693494
2,0.6993493493493493,3050.264189110327,0.4858682717566457,0.4912452452452453,3029.267717693494
2,0.7013503503503503,3050.609262532207,0.4858682717566457,0.4912452452452453,3029.267717693494
2,0.7033513513513514,3050.956114099811,0.4858682717566457,0.4912452452452453,3029.267717693494
2,0.7053523523523524,3051.304721758339,0.4858682717566457,0.4912452452452453,3029.267717693494
2,0.7073533533533534,3051.655063611088,0.4858682717566457,0.4912452452452453,3029.267717693494
2,0.7093543543543543,3052.007117918532,0.4858682717566457,0.4912452452452453,3029.267717693494
2,0.7113553553553553,3052.360863097419,0.4858682717566457,0.4912452452452453,3029.267717693494
2,0.7133563563563564,3052.716277719883,0.4858682717566457,0.4912452452452453,3029.267717693494
2,0.7153573573573574,3053.073340512545,0.4858682717566457,0.4912452452452453,3029.267717693494
2,0.7173583583583584,3053.432030355594,0.4858682717566457,0.4912452452452453,3029.267717693494
2,0.7193593593593594,3053.792326281924,0.4858682717566457,0.4912452452452453,3029.267717693494
2,0.7213603603603603,3054.154207476264,0.4858682717566457,0.4912452452452453,3029.267717693494
2,0.7233613613613614,3054.517653274262,0.4858682717566457,0.4912452452452453,3029.267717693494
2,0.7253623623623624,3054.882643161632,0.4858682717566457,0.4912452452452453,3029.267717693494
2,0.7273633633633634,3055.249156773285,0.4858682717566457,0.4912452452452453,3029.267717693494
2,0.7293643643643644,3055.617173892455,0.4858682717566457,0.4912452452452453,3029.267717693494
2,0.7313653653653653,3055.98667444984,0.4858682717566457,0.4912452452452453,3029.267717693494
2,0.7333663663663663,3056.357638522739,0.4858682717566457,0.4912452452452453,3029.267717693494
2,0.7353673673673674,3056.730046334223,0.4858682717566457,0.4912452452452453,3029.267717693494
2,0.7373683683683684,3057.103878252243,0.4858682717566457,0.4912452452452453,3029.267717693494
2,0.7393693693693694,3057.479114788823,0.4858682717566457,0.4912452452452453,3029.267717693494
2,0.7413703703703703,3057.855736599205,0.4858682717566457,0.4912452452452453,3029.267717693494
2,0.7433713713713713,3058.233724481006,0.4858682717566457,0.4912452452452453,3029.267717693494
2,0.7453723723723724,3058.613059373405,0.4858682717566457,0.4912452452452453,3029.267717693494
2,0.7473733733733734,3058.993722356282,0.4858682717566457,0.4912452452452453,3029.267717693494
2,0.7493743743743744,3059.375694649433,0.4858682717566457,0.4912452452452453,3029.267717693494
2,0.7513753753753754,3059.758957611718,0.4858682717566457,0.4912452452452453,3029.267717693494
2,0.7533763763763763,3060.143492740264,0.4858682717566457,0.4912452452452453,3029.267717693494
2,0.7553773773773774,3060.529281669638,0.4858682717566457,0.4912452452452453,3029.267717693494
2,0.7573783783783784,3060.916306171053,0.4858682717566457,0.4912452452452453,3029.267717693494
2,0.7593793793793794,3061.304548151552,0.4858682717566457,0.4912452452452453,3029.267717693494
2,0.7613803803803804,3061.693989653223,0.4858682717566457,0.4912452452452453,3029.267717693494
2,0.7633813813813813,3062.084612852374,0.4858682717566457,0.4912452452452453,3029.267717693494
2,0.7653823823823824,3062.476400058777,0.4858682717566457,0.4912452452452453,3029.267717693494
2,0.7673833833833834,3062.869333714852,0.4858682717566457,0.4912452452452453,3029.267717693494
2,0.7693843843843844,3063.263396394897,0.4858682717566457,0.4912452452452453,3029.267717693494
2,0.7713853853853854,3063.658570804299,0.4858682717566457,0.4912452452452453,3029.267717693494
2,0.7733863863863863,3064.054839778756,0.4858682717566457,0.4912452452452453,3029.267717693494
2,0.7753873873873874,3064.45218628352,0.4858682717566457,0.4912452452452453,3029.267717693494
2,0.7773883883883884,3064.850593412595,0.4858682717566457,0.4912452452452453,3029.267717693494
2,0.7793893893893894,3065.250044388025,0.4858682717566457,0.4912452452452453,3029.267717693494
2,0.7813903903903904,3065.650522559064,0.4858682717566457,0.4912452452452453,3029.267717693494
2,0.7833913913913914,3066.052011401468,0.4858682717566457,0.4912452452452453,3029.267717693494
2,0.7853923923923924,3066.454494516739,0.4858682717566457,0.4912452452452453,3029.267717693494
2,0.7873933933933934,3066.857955631346,0.4858682717566457,0.4912452452452453,3029.267717693494
2,0.7893943943943944,3067.262378596001,0.4858682717566457,0.4912452452452453,3029.267717693494
2,0.7913953953953954,3067.667747384889,0.4858682717566457,0.4912452452452453,3029.267717693494
2,0.7933963963963964,3068.074046094985,0.4858682717566457,0.4912452452452453,3029.267717693494
2,0.7953973973973975,3068.481258945249,0.4858682717566457,0.4912452452452453,3029.267717693494
2,0.7973983983983984,3068.889370275946,0.4858682717566457,0.4912452452452453,3029.267717693494
2,0.7993993993993994,3069.298364547885,0.4858682717566457,0.4912452452452453,3029.267717693494
2,0.8014004004004004,3069.70822634172,0.4858682717566457,0.4912452452452453,3029.267717693494
2,0.8034014014014014,3070.118940357195,0.4858682717566457,0.4912452452452453,3029.267717693494
2,0.8054024024024025,3070.530491412475,0.4858682717566457,0.4912452452452453,3029.267717693494
2,0.8074034034034034,3070.942864443376,0.4858682717566457,0.4912452452452453,3029.267717693494
2,0.8094044044044044,3071.356044502699,0.4858682717566457,0.4912452452452453,3029.267717693494
2,0.8114054054054054,3071.770016759496,0.4858682717566457,0.4912452452452453,3029.267717693494
2,0.8134064064064064,3072.184766498386,0.4858682717566457,0.4912452452452453,3029.267717693494
2,0.8154074074074074,3072.600279118839,0.4858682717566457,0.4912452452452453,3029.267717693494
2,0.8174084084084084,3073.016540134483,0.4858682717566457,0.4912452452452453,3029.267717693494
2,0.8194094094094094,3073.433535172414,0.4858682717566457,0.4912452452452453,3029.267717693494
2,0.8214104104104104,3073.851249972511,0.4858682717566457,0.4912452452452453,3029.267717693494
2,0.8234114114114114,3074.269670386735,0.4858682717566457,0.4912452452452453,3029.267717693494
2,0.8254124124124124,3074.688782378475,0.4858682717566457,0.4912452452452453,3029.267717693494
2,0.8274134134134135,3075.108572021809,0.4858682717566457,0.4912452452452453,3029.267717693494
2,0.8294144144144144,3075.529025500912,0.4858682717566457,0.4912452452452453,3029.267717693494
2,0.8314154154154154,3075.950129109315,0.4858682717566457,0.4912452452452453,3029.267717693494
2,0.8334164164164164,3076.371869249269,0.4858682717566457,0.4912452452452453,3029.267717693494
2,0.8354174174174174,3076.794232431056,0.4858682717566457,0.4912452452452453,3029.267717693494
2,0.8374184184184185,3077.217205272355,0.4858682717566457,0.4912452452452453,3029.267717693494
2,0.8394194194194194,3077.640774497562,0.4858682717566457,0.4912452452452453,3029.267717693494
2,0.8414204204204204,3078.064926937138,0.4858682717566457,0.4912452452452453,3029.267717693494
2,0.8434214214214214,3078.489649526964,0.4858682717566457,0.4912452452452453,3029.267717693494
2,0.8454224224224224,3078.91492930768,0.4858682717566457,0.4912452452452453,3029.267717693494
2,0.8474234234234235,3079.340753424046,0.4858682717566457,0.4912452452452453,3029.267717693494
2,0.8494244244244245,3079.767109124298,0.4858682717566457,0.4912452452452453,3029.267717693494
2,0.8514254254254254,3080.193983759509,0.4858682717566457,0.4912452452452453,3029.267717693494
2,0.8534264264264264,3080.621364782949,0.4858682717566457,0.4912452452452453,3029.267717693494
2,0.8554274274274274,3081.049239749463,0.4858682717566457,0.4912452452452453,3029.267717693494
2,0.8574284284284285,3081.477596314816,0.4858682717566457,0.4912452452452453,3029.267717693494
2,0.8594294294294295,3081.906422235102,0.4858682717566457,0.4912452452452453,3029.267717693494
2,0.8614304304304304,3082.335705366079,0.4858682717566457,0.4912452452452453,3029.267717693494
2,0.8634314314314314,3082.765433662596,0.4858682717566457,0.4912452452452453,3029.267717693494
2,0.8654324324324324,3083.195595177925,0.4858682717566457,0.4912452452452453,3029.267717693494
2,0.8674334334334335,3083.626178063194,0.4858682717566457,0.4912452452452453,3029.267717693494
2,0.8694344344344345,3084.057170566743,0.4858682717566457,0.4912452452452453,3029.267717693494
2,0.8714354354354354,3084.488561033518,0.4858682717566457,0.4912452452452453,3029.267717693494
2,0.8734364364364364,3084.920337904498,0.4858682717566457,0.4912452452452453,3029.267717693494
2,0.8754374374374374,3085.352489716047,0.4858682717566457,0.4912452452452453,3029.267717693494
2,0.8774384384384385,3085.785005099357,0.4858682717566457,0.4912452452452453,3029.267717693494
2,0.8794394394394395,3086.217872779823,0.4858682717566457,0.4912452452452453,3029.267717693494
2,0.8814404404404405,3086.65108157646,0.4858682717566457,0.4912452452452453,3029.267717693494
2,0.8834414414414414,3087.084620401328,0.4858682717566457,0.4912452452452453,3029.267717693494
2,0.8854424424424424,3087.518478258919,0.4858682717566457,0.4912452452452453,3029.267717693494
2,0.8874434434434435,3087.952644245593,0.4858682717566457,0.4912452452452453,3029.267717693494
2,0.8894444444444445,3088.387107548993,0.4858682717566457,0.4912452452452453,3029.267717693494
2,0.8914454454454455,3088.821857447459,0.4858682717566457,0.4912452452452453,3029.267717693494
2,0.8934464464464464,3089.256883309464,0.4858682717566457,0.4912452452452453,3029.267717693494
2,0.8954474474474474,3089.692174593042,0.4858682717566457,0.4912452452452453,3029.267717693494
2,0.8974484484484485,3090.127720845212,0.4858682717566457,0.4912452452452453,3029.267717693494
2,0.8994494494494495,3090.563511701423,0.4858682717566457,0.4912452452452453,3029.267717693494
2,0.9014504504504505,3090.99953688497,0.4858682717566457,0.4912452452452453,3029.267717693494
2,0.9034514514514514,3091.435786206463,0.4858682717566457,0.4912452452452453,3029.267717693494
2,0.9054524524524524,3091.872249563251,0.4858682717566457,0.4912452452452453,3029.267717693494
2,0.9074534534534534,3092.308916938873,0.4858682717566457,0.4912452452452453,3029.267717693494
2,0.9094544544544545,3092.745778402505,0.4858682717566457,0.4912452452452453,3029.267717693494
2,0.9114554554554555,3093.182824108416,0.4858682717566457,0.4912452452452453,3029.267717693494
2,0.9134564564564565,3093.620044295422,0.4858682717566457,0.4912452452452453,3029.267717693494
2,0.9154574574574574,3094.057429286329,0.4858682717566457,0.4912452452452453,3029.267717693494
2,0.9174584584584584,3094.494969487414,0.4858682717566457,0.4912452452452453,3029.267717693494
2,0.9194594594594595,3094.932655387892,0.4858682717566457,0.4912452452452453,3029.267717693494
2,0.9214604604604605,3095.370477559346,0.4858682717566457,0.4912452452452453,3029.267717693494
2,0.9234614614614615,3095.808426655236,0.4858682717566457,0.4912452452452453,3029.267717693494
2,0.9254624624624624,3096.24649341034,0.4858682717566457,0.4912452452452453,3029.267717693494
2,0.9274634634634634,3096.684668640258,0.4858682717566457,0.4912452452452453,3029.267717693494
2,0.9294644644644645,3097.122943240856,0.4858682717566457,0.4912452452452453,3029.267717693494
2,0.9314654654654655,3097.561308187776,0.4858682717566457,0.4912452452452453,3029.267717693494
2,0.9334664664664665,3097.999754535895,0.4858682717566457,0.4912452452452453,3029.267717693494
2,0.9354674674674675,3098.438273418821,0.4858682717566457,0.4912452452452453,3029.267717693494
2,0.9374684684684684,3098.876856048392,0.4858682717566457,0.4912452452452453,3029.267717693494
2,0.9394694694694695,3099.315493714143,0.4858682717566457,0.4912452452452453,3029.267717693494
2,0.9414704704704705,3099.754177782805,0.4858682717566457,0.4912452452452453,3029.267717693494
2,0.9434714714714715,3100.192899697824,0.4858682717566457,0.4912452452452453,3029.267717693494
2,0.9454724724724725,3100.631650978832,0.4858682717566457,0.4912452452452453,3029.267717693494
2,0.9474734734734734,3101.070423221161,0.4858682717566457,0.4912452452452453,3029.267717693494
2,0.9494744744744745,3101.509208095348,0.4858682717566457,0.4912452452452453,3029.267717693494
2,0.9514754754754755,3101.947997346634,0.4858682717566457,0.4912452452452453,3029.267717693494
2,0.9534764764764765,3102.386782794479,0.4858682717566457,0.4912452452452453,3029.267717693494
2,0.9554774774774775,3102.82555633207,0.4858682717566457,0.4912452452452453,3029.267717693494
2,0.9574784784784784,3103.264309925851,0.4858682717566457,0.4912452452452453,3029.267717693494
2,0.9594794794794795,3103.703035615013,0.4858682717566457,0.4912452452452453,3029.267717693494
2,0.9614804804804805,3104.141725511038,0.4858682717566457,0.4912452452452453,3029.267717693494
2,0.9634814814814815,3104.5803717972,0.4858682717566457,0.4912452452452453,3029.267717693494
2,0.9654824824824825,3105.018966728122,0.4858682717566457,0.4912452452452453,3029.267717693494
2,0.9674834834834835,3105.45750262926,0.4858682717566457,0.4912452452452453,3029.267717693494
2,0.9694844844844845,3105.895971896467,0.4858682717566457,0.4912452452452453,3029.267717693494
2,0.9714854854854855,3106.334366995517,0.4858682717566457,0.4912452452452453,3029.267717693494
2,0.9734864864864865,3106.772680461623,0.4858682717566457,0.4912452452452453,3029.267717693494
2,0.9754874874874875,3107.210904899014,0.4858682717566457,0.4912452452452453,3029.267717693494
2,0.9774884884884885,3107.649032980425,0.4858682717566457,0.4912452452452453,3029.267717693494
2,0.9794894894894896,3108.087057446673,0.4858682717566457,0.4912452452452453,3029.267717693494
2,0.9814904904904905,3108.5249711062,0.4858682717566457,0.4912452452452453,3029.267717693494
2,0.9834914914914915,3108.962766834607,0.4858682717566457,0.4912452452452453,3029.267717693494
2,0.9854924924924925,3109.400437574206,0.4858682717566457,0.4912452452452453,3029.267717693494
2,0.9874934934934935,3109.837976333591,0.4858682717566457,0.4912452452452453,3029.267717693494
2,0.9894944944944944,3110.275376187167,0.4858682717566457,0.4912452452452453,3029.267717693494
2,0.9914954954954955,3110.712630274727,0.4858682717566457,0.4912452452452453,3029.267717693494
2,0.9934964964964965,3111.149731800992,0.4858682717566457,0.4912452452452453,3029.267717693494
2,0.9954974974974975,3111.5866740352,0.4858682717566457,0.4912452452452453,3029.267717693494
2,0.9974984984984985,3112.023450310651,0.4858682717566457,0.4912452452452453,3029.267717693494
2,0.9994994994994995,3112.460054024268,0.4858682717566457,0.4912452452452453,3029.267717693494
2,1.0015005005005,3112.896478636199,0.4858682717566457,0.4912452452452453,3029.267717693494
2,1.003501501501501,3113.332717669334,0.4858682717566457,0.4912452452452453,3029.267717693494
2,1.005502502502502,3113.768764708944,0.4858682717566457,0.4912452452452453,3029.267717693494
2,1.007503503503503,3114.204613402207,0.4858682717566457,0.4912452452452453,3029.267717693494
2,1.009504504504504,3114.640257457802,0.4858682717566457,0.4912452452452453,3029.267717693494
2,1.011505505505505,3115.075690645502,0.4858682717566457,0.4912452452452453,3029.267717693494
2,1.013506506506506,3115.510906795742,0.4858682717566457,0.4912452452452453,3029.267717693494
2,1.015507507507508,3115.945899799213,0.4858682717566457,0.4912452452452453,3029.267717693494
2,1.017508508508508,3116.380663606451,0.4858682717566457,0.4912452452452453,3029.267717693494
2,1.019509509509509,3116.815192227408,0.4858682717566457,0.4912452452452453,3029.267717693494
2,1.02151051051051,3117.249479731083,0.4858682717566457,0.4912452452452453,3029.267717693494
2,1.023511511511511,3117.68352024507,0.4858682717566457,0.4912452452452453,3029.267717693494
2,1.025512512512512,3118.117307955192,0.4858682717566457,0.4912452452452453,3029.267717693494
2,1.027513513513513,3118.550837105092,0.4858682717566457,0.4912452452452453,3029.267717693494
2,1.029514514514514,3118.984101995825,0.4858682717566457,0.4912452452452453,3029.267717693494
2,1.031515515515515,3119.417096985449,0.4858682717566457,0.4912452452452453,3029.267717693494
2,1.033516516516516,3119.84981648868,0.4858682717566457,0.4912452452452453,3029.267717693494
2,1.035517517517517,3120.282254976441,0.4858682717566457,0.4912452452452453,3029.267717693494
2,1.037518518518519,3120.714406975518,0.4858682717566457,0.4912452452452453,3029.267717693494
2,1.039519519519519,3121.146267068145,0.4858682717566457,0.4912452452452453,3029.267717693494
2,1.04152052052052,3121.577829891634,0.4858682717566457,0.4912452452452453,3029.267717693494
2,1.043521521521521,3122.009090137974,0.4858682717566457,0.4912452452452453,3029.267717693494
2,1.045522522522522,3122.44004255349,0.4858682717566457,0.4912452452452453,3029.267717693494
2,1.047523523523523,3122.870681938401,0.4858682717566457,0.4912452452452453,3029.267717693494
2,1.049524524524524,3123.301003146507,0.4858682717566457,0.4912452452452453,3029.267717693494
2,1.051525525525525,3123.731001084766,0.4858682717566457,0.4912452452452453,3029.267717693494
2,1.053526526526526,3124.160670712963,0.4858682717566457,0.4912452452452453,3029.267717693494
2,1.055527527527527,3124.590007043305,0.4858682717566457,0.4912452452452453,3029.267717693494
2,1.057528528528529,3125.019005140064,0.4858682717566457,0.4912452452452453,3029.267717693494
2,1.05952952952953,3125.447660119226,0.4858682717566457,0.4912452452452453,3029.267717693494
2,1.06153053053053,3125.875967148108,0.4858682717566457,0.4912452452452453,3029.267717693494
2,1.063531531531531,3126.303921445008,0.4858682717566457,0.4912452452452453,3029.267717693494
2,1.065532532532532,3126.731518278827,0.4858682717566457,0.4912452452452453,3029.267717693494
2,1.067533533533533,3127.158752968744,0.4858682717566457,0.4912452452452453,3029.267717693494
2,1.069534534534534,3127.585620883829,0.4858682717566457,0.4912452452452453,3029.267717693494
2,1.071535535535535,3128.012117442697,0.4858682717566457,0.4912452452452453,3029.267717693494
2,1.073536536536536,3128.438238113171,0.4858682717566457,0.4912452452452453,3029.267717693494
2,1.075537537537537,3128.863978411922,0.4858682717566457,0.4912452452452453,3029.267717693494
2,1.077538538538539,3129.289333904117,0.4858682717566457,0.4912452452452453,3029.267717693494
2,1.07953953953954,3129.714300203069,0.4858682717566457,0.4912452452452453,3029.267717693494
2,1.08154054054054,3130.138872969925,0.4858682717566457,0.4912452452452453,3029.267717693494
2,1.083541541541541,3130.563047913287,0.4858682717566457,0.4912452452452453,3029.267717693494
2,1.085542542542542,3130.986820788881,0.4858682717566457,0.4912452452452453,3029.267717693494
2,1.087543543543543,3131.410187399246,0.4858682717566457,0.4912452452452453,3029.267717693494
2,1.089544544544544,3131.833143593358,0.4858682717566457,0.4912452452452453,3029.267717693494
2,1.091545545545545,3132.255685266326,0.4858682717566457,0.4912452452452453,3029.267717693494
2,1.093546546546546,3132.67780835905,0.4858682717566457,0.4912452452452453,3029.267717693494
2,1.095547547547547,3133.099508857894,0.4858682717566457,0.4912452452452453,3029.267717693494
2,1.097548548548549,3133.520782794344,0.4858682717566457,0.4912452452452453,3029.267717693494
2,1.09954954954955,3133.941626244708,0.4858682717566457,0.4912452452452453,3029.267717693494
2,1.101550550550551,3134.362035329777,0.4858682717566457,0.4912452452452453,3029.267717693494
2,1.103551551551551,3134.782006214494,0.4858682717566457,0.4912452452452453,3029.267717693494
2,1.105552552552552,3135.201535107641,0.4858682717566457,0.4912452452452453,3029.267717693494
2,1.107553553553553,3135.620618261537,0.4858682717566457,0.4912452452452453,3029.267717693494
2,1.109554554554554,3136.039251971698,0.4858682717566457,0.4912452452452453,3029.267717693494
2,1.111555555555555,3136.457432576531,0.4858682717566457,0.4912452452452453,3029.267717693494
2,1.113556556556556,3136.875156457028,0.4858682717566457,0.4912452452452453,3029.267717693494
2,1.115557557557557,3137.292420036442,0.4858682717566457,0.4912452452452453,3029.267717693494
2,1.117558558558558,3137.70921977998,0.4858682717566457,0.4912452452452453,3029.267717693494
2,1.11955955955956,3138.125552194517,0.4858682717566457,0.4912452452452453,3029.267717693494
2,1.121560560560561,3138.541413828263,0.4858682717566457,0.4912452452452453,3029.267717693494
2,1.123561561561562,3138.956801270461,0.4858682717566457,0.4912452452452453,3029.267717693494
2,1.125562562562562,3139.371711151109,0.4858682717566457,0.4912452452452453,3029.267717693494
2,1.127563563563563,3139.786140140642,0.4858682717566457,0.4912452452452453,3029.267717693494
2,1.129564564564564,3140.200084949628,0.4858682717566457,0.4912452452452453,3029.267717693494
2,1.131565565565565,3140.613542328488,0.4858682717566457,0.4912452452452453,3029.267717693494
2,1.133566566566566,3141.026509067192,0.4858682717566457,0.4912452452452453,3029.267717693494
2,1.135567567567567,3141.43898199497,0.4858682717566457,0.4912452452452453,3029.267717693494
2,1.137568568568568,3141.850957980007,0.4858682717566457,0.4912452452452453,3029.267717693494
2,1.13956956956957,3142.262433929178,0.4858682717566457,0.4912452452452453,3029.267717693494
2,1.141570570570571,3142.673406787737,0.4858682717566457,0.4912452452452453,3029.267717693494
2,1.143571571571572,3143.083873539043,0.4858682717566457,0.4912452452452453,3029.267717693494
2,1.145572572572573,3143.493831204274,0.4858682717566457,0.4912452452452453,3029.267717693494
2,1.147573573573573,3143.903276842146,0.4858682717566457,0.4912452452452453,3029.267717693494
2,1.149574574574574,3144.312207548629,0.4858682717566457,0.4912452452452453,3029.267717693494
2,1.151575575575575,3144.720620456663,0.4858682717566457,0.4912452452452453,3029.267717693494
2,1.153576576576576,3145.128512735895,0.4858682717566457,0.4912452452452453,3029.267717693494
2,1.155577577577577,3145.535881592386,0.4858682717566457,0.4912452452452453,3029.267717693494
2,1.157578578578578,3145.942724268345,0.4858682717566457,0.4912452452452453,3029.267717693494
2,1.15957957957958,3146.349038041865,0.4858682717566457,0.4912452452452453,3029.267717693494
2,1.161580580580581,3146.754820226631,0.4858682717566457,0.4912452452452453,3029.267717693494
2,1.163581581581582,3147.160068171675,0.4858682717566457,0.4912452452452453,3029.267717693494
2,1.165582582582583,3147.564779261082,0.4858682717566457,0.4912452452452453,3029.267717693494
2,1.167583583583583,3147.96895091376,0.4858682717566457,0.4912452452452453,3029.267717693494
2,1.169584584584584,3148.372580583134,0.4858682717566457,0.4912452452452453,3029.267717693494
2,1.171585585585585,3148.775665756908,0.4858682717566457,0.4912452452452453,3029.267717693494
2,1.173586586586586,3149.178203956809,0.4858682717566457,0.4912452452452453,3029.267717693494
2,1.175587587587587,3149.580192738311,0.4858682717566457,0.4912452452452453,3029.267717693494
2,1.177588588588588,3149.98162969038,0.4858682717566457,0.4912452452452453,3029.267717693494
2,1.17958958958959,3150.382512435231,0.4858682717566457,0.4912452452452453,3029.267717693494
2,1.181590590590591,3150.78283862805,0.4858682717566457,0.4912452452452453,3029.267717693494
2,1.183591591591592,3151.182605956767,0.4858682717566457,0.4912452452452453,3029.267717693494
2,1.185592592592593,3151.581812141786,0.4858682717566457,0.4912452452452453,3029.267717693494
2,1.187593593593594,3151.980454935743,0.4858682717566457,0.4912452452452453,3029.267717693494
2,1.189594594594594,3152.37853212325,0.4858682717566457,0.4912452452452453,3029.267717693494
2,1.191595595595595,3152.776041520662,0.4858682717566457,0.4912452452452453,3029.267717693494
2,1.193596596596596,3153.172980975808,0.4858682717566457,0.4912452452452453,3029.267717693494
2,1.195597597597597,3153.569348367777,0.4858682717566457,0.4912452452452453,3029.267717693494
2,1.197598598598598,3153.965141606656,0.4858682717566457,0.4912452452452453,3029.267717693494
2,1.199599599599599,3154.360358633283,0.4858682717566457,0.4912452452452453,3029.267717693494
2,1.201600600600601,3154.754997419031,0.4858682717566457,0.4912452452452453,3029.267717693494
2,1.203601601601602,3155.149055965542,0.4858682717566457,0.4912452452452453,3029.267717693494
2,1.205602602602603,3155.54253230452,0.4858682717566457,0.4912452452452453,3029.267717693494
2,1.207603603603604,3155.935424497467,0.4858682717566457,0.4912452452452453,3029.267717693494
2,1.209604604604605,3156.32773063548,0.4858682717566457,0.4912452452452453,3029.267717693494
2,1.211605605605605,3156.719448838986,0.4858682717566457,0.4912452452452453,3029.267717693494
2,1.213606606606606,3157.110577257536,0.4858682717566457,0.4912452452452453,3029.267717693494
2,1.215607607607607,3157.50111406956,0.4858682717566457,0.4912452452452453,3029.267717693494
2,1.217608608608608,3157.891057482162,0.4858682717566457,0.4912452452452453,3029.267717693494
2,1.219609609609609,3158.280405730861,0.4858682717566457,0.4912452452452453,3029.267717693494
2,1.221610610610611,3158.66915707939,0.4858682717566457,0.4912452452452453,3029.267717693494
2,1.223611611611612,3159.057309819473,0.4858682717566457,0.4912452452452453,3029.267717693494
2,1.225612612612613,3159.444862270578,0.4858682717566457,0.4912452452452453,3029.267717693494
2,1.227613613613614,3159.831812779732,0.4858682717566457,0.4912452452452453,3029.267717693494
2,1.229614614614615,3160.21815972128,0.4858682717566457,0.4912452452452453,3029.267717693494
2,1.231615615615615,3160.603901496658,0.4858682717566457,0.4912452452452453,3029.267717693494
2,1.233616616616616,3160.989036534198,0.4858682717566457,0.4912452452452453,3029.267717693494
2,1.235617617617617,3161.373563288921,0.4858682717566457,0.4912452452452453,3029.267717693494
2,1.237618618618618,3161.757480242272,0.4858682717566457,0.4912452452452453,3029.267717693494
2,1.239619619619619,3162.140785901965,0.4858682717566457,0.4912452452452453,3029.267717693494
2,1.241620620620621,3162.523478801743,0.4858682717566457,0.4912452452452453,3029.267717693494
2,1.243621621621622,3162.905557501178,0.4858682717566457,0.4912452452452453,3029.267717693494
2,1.245622622622623,3163.28702058545,0.4858682717566457,0.4912452452452453,3029.267717693494
2,1.247623623623624,3163.667866665157,0.4858682717566457,0.4912452452452453,3029.267717693494
2,1.249624624624625,3164.048094376094,0.4858682717566457,0.4912452452452453,3029.267717693494
2,1.251625625625626,3164.427702379057,0.4858682717566457,0.4912452452452453,3029.267717693494
2,1.253626626626626,3164.806689359644,0.4858682717566457,0.4912452452452453,3029.267717693494
2,1.255627627627627,3165.185054028035,0.4858682717566457,0.4912452452452453,3029.267717693494
2,1.257628628628628,3165.562795118823,0.4858682717566457,0.4912452452452453,3029.267717693494
2,1.259629629629629,3165.939911390772,0.4858682717566457,0.4912452452452453,3029.267717693494
2,1.261630630630631,3166.316401626663,0.4858682717566457,0.4912452452452453,3029.267717693494
2,1.263631631631632,3166.692264633064,0.4858682717566457,0.4912452452452453,3029.267717693494
2,1.265632632632633,3167.067499240152,0.4858682717566457,0.4912452452452453,3029.267717693494
2,1.267633633633634,3167.442104301518,0.4858682717566457,0.4912452452452453,3029.267717693494
2,1.269634634634635,3167.816078693963,0.4858682717566457,0.4912452452452453,3029.267717693494
2,1.271635635635636,3168.189421317319,0.4858682717566457,0.4912452452452453,3029.267717693494
2,1.273636636636637,3168.562131094249,0.4858682717566457,0.4912452452452453,3029.267717693494
2,1.275637637637637,3168.934206970068,0.4858682717566457,0.4912452452452453,3029.267717693494
2,1.277638638638638,3169.305647912551,0.4858682717566457,0.4912452452452453,3029.267717693494
2,1.279639639639639,3169.67645291173,0.4858682717566457,0.4912452452452453,3029.267717693494
2,1.28164064064064,3170.04662097974,0.4858682717566457,0.4912452452452453,3029.267717693494
2,1.283641641641642,3170.416151150604,0.4858682717566457,0.4912452452452453,3029.267717693494
2,1.285642642642643,3170.785042480081,0.4858682717566457,0.4912452452452453,3029.267717693494
2,1.287643643643644,3171.153294045447,0.4858682717566457,0.4912452452452453,3029.267717693494
2,1.289644644644645,3171.520904945349,0.4858682717566457,0.4912452452452453,3029.267717693494
2,1.291645645645646,3171.887874299597,0.4858682717566457,0.4912452452452453,3029.267717693494
2,1.293646646646647,3172.254201249018,0.4858682717566457,0.4912452452452453,3029.267717693494
2,1.295647647647648,3172.619884955239,0.4858682717566457,0.4912452452452453,3029.267717693494
2,1.297648648648648,3172.984924600551,0.4858682717566457,0.4912452452452453,3029.267717693494
2,1.299649649649649,3173.349319387692,0.4858682717566457,0.4912452452452453,3029.267717693494
2,1.30165065065065,3173.713068539732,0.4858682717566457,0.4912452452452453,3029.267717693494
2,1.303651651651652,3174.076171299826,0.4858682717566457,0.4912452452452453,3029.267717693494
2,1.305652652652653,3174.438626931106,0.4858682717566457,0.4912452452452453,3029.267717693494
2,1.307653653653654,3174.800434716482,0.4858682717566457,0.4912452452452453,3029.267717693494
2,1.309654654654655,3175.161593958467,0.4858682717566457,0.4912452452452453,3029.267717693494
2,1.311655655655656,3175.522103979037,0.4858682717566457,0.4912452452452453,3029.267717693494
2,1.313656656656657,3175.881964119425,0.4858682717566457,0.4912452452452453,3029.267717693494
2,1.315657657657658,3176.241173739996,0.4858682717566457,0.4912452452452453,3029.267717693494
2,1.317658658658658,3176.599732220047,0.4858682717566457,0.4912452452452453,3029.267717693494
2,1.319659659659659,3176.957638957671,0.4858682717566457,0.4912452452452453,3029.267717693494
2,1.32166066066066,3177.314893369575,0.4858682717566457,0.4912452452452453,3029.267717693494
2,1.323661661661662,3177.671494890933,0.4858682717566457,0.4912452452452453,3029.267717693494
2,1.325662662662663,3178.027442975204,0.4858682717566457,0.4912452452452453,3029.267717693494
2,1.327663663663664,3178.382737094012,0.4858682717566457,0.4912452452452453,3029.267717693494
2,1.329664664664665,3178.737376736936,0.4858682717566457,0.4912452452452453,3029.267717693494
2,1.331665665665666,3179.091361411401,0.4858682717566457,0.4912452452452453,3029.267717693494
2,1.333666666666667,3179.44469064249,0.4858682717566457,0.4912452452452453,3029.267717693494
2,1.335667667667668,3179.797363972806,0.4858682717566457,0.4912452452452453,3029.267717693494
2,1.337668668668669,3180.149380962308,0.4858682717566457,0.4912452452452453,3029.267717693494
2,1.339669669669669,3180.50074118816,0.4858682717566457,0.4912452452452453,3029.267717693494
2,1.34167067067067,3180.851444244589,0.4858682717566457,0.4912452452452453,3029.267717693494
2,1.343671671671672,3181.201489742718,0.4858682717566457,0.4912452452452453,3029.267717693494
2,1.345672672672673,3181.55087731043,0.4858682717566457,0.4912452452452453,3029.267717693494
2,1.347673673673674,3181.89960659221,0.4858682717566457,0.4912452452452453,3029.267717693494
2,1.349674674674675,3182.247677249,0.4858682717566457,0.4912452452452453,3029.267717693494
2,1.351675675675676,3182.595088958057,0.4858682717566457,0.4912452452452453,3029.267717693494
2,1.353676676676677,3182.941841412802,0.4858682717566457,0.4912452452452453,3029.267717693494
2,1.355677677677678,3183.287934322669,0.4858682717566457,0.4912452452452453,3029.267717693494
2,1.357678678678679,3183.633367412973,0.4858682717566457,0.4912452452452453,3029.267717693494
2,1.35967967967968,3183.978140424771,0.4858682717566457,0.4912452452452453,3029.267717693494
2,1.36168068068068,3184.322253114689,0.4858682717566457,0.4912452452452453,3029.267717693494
2,1.363681681681682,3184.66570525483,0.4858682717566457,0.4912452452452453,3029.267717693494
2,1.365682682682683,3185.008496632583,0.4858682717566457,0.4912452452452453,3029.267717693494
2,1.367683683683684,3185.350627050528,0.4858682717566457,0.4912452452452453,3029.267717693494
2,1.369684684684685,3185.692096326264,0.4858682717566457,0.4912452452452453,3029.267717693494
2,1.371685685685686,3186.032904292295,0.4858682717566457,0.4912452452452453,3029.267717693494
2,1.373686686686687,3186.373050795877,0.4858682717566457,0.4912452452452453,3029.267717693494
2,1.375687687687688,3186.712535698903,0.4858682717566457,0.4912452452452453,3029.267717693494
2,1.377688688688689,3187.051358877739,0.4858682717566457,0.4912452452452453,3029.267717693494
2,1.37968968968969,3187.389520223117,0.4858682717566457,0.4912452452452453,3029.267717693494
2,1.381690690690691,3187.727019639998,0.4858682717566457,0.4912452452452453,3029.267717693494
2,1.383691691691691,3188.063857047431,0.4858682717566457,0.4912452452452453,3029.267717693494
2,1.385692692692693,3188.400032378428,0.4858682717566457,0.4912452452452453,3029.267717693494
2,1.387693693693694,3188.73554557983,0.4858682717566457,0.4912452452452453,3029.267717693494
2,1.389694694694695,3189.070396612177,0.4858682717566457,0.4912452452452453,3029.267717693494
2,1.391695695695696,3189.404585449607,0.4858682717566457,0.4912452452452453,3029.267717693494
2,1.393696696696697,3189.738112079686,0.4858682717566457,0.4912452452452453,3029.267717693494
2,1.395697697697698,3190.070976503302,0.4858682717566457,0.4912452452452453,3029.267717693494
2,1.397698698698699,3190.403178734553,0.4858682717566457,0.4912452452452453,3029.267717693494
2,1.3996996996997,3190.734718800594,0.4858682717566457,0.4912452452452453,3029.267717693494
2,1.401700700700701,3191.065596741545,0.4858682717566457,0.4912452452452453,3029.267717693494
2,1.403701701701701,3191.395812610348,0.4858682717566457,0.4912452452452453,3029.267717693494
2,1.405702702702703,3191.72536647264,0.4858682717566457,0.4912452452452453,3029.267717693494
2,1.407703703703704,3192.054258406648,0.4858682717566457,0.4912452452452453,3029.267717693494
2,1.409704704704705,3192.382488503066,0.4858682717566457,0.4912452452452453,3029.267717693494
2,1.411705705705706,3192.710056864927,0.4858682717566457,0.4912452452452453,3029.267717693494
2,1.413706706706707,3193.036963607495,0.4858682717566457,0.4912452452452453,3029.267717693494
2,1.415707707707708,3193.363208858137,0.4858682717566457,0.4912452452452453,3029.267717693494
2,1.417708708708709,3193.688792756212,0.4858682717566457,0.4912452452452453,3029.267717693494
2,1.41970970970971,3194.013715452958,0.4858682717566457,0.4912452452452453,3029.267717693494
2,1.421710710710711,3194.33797711137,0.4858682717566457,0.4912452452452453,3029.267717693494
2,1.423711711711712,3194.661577906092,0.4858682717566457,0.4912452452452453,3029.267717693494
2,1.425712712712713,3194.984518023297,0.4858682717566457,0.4912452452452453,3029.267717693494
2,1.427713713713714,3195.306797660584,0.4858682717566457,0.4912452452452453,3029.267717693494
2,1.429714714714715,3195.628417026846,0.4858682717566457,0.4912452452452453,3029.267717693494
2,1.431715715715716,3195.949376342187,0.4858682717566457,0.4912452452452453,3029.267717693494
2,1.433716716716717,3196.269675837796,0.4858682717566457,0.4912452452452453,3029.267717693494
2,1.435717717717718,3196.58931575583,0.4858682717566457,0.4912452452452453,3029.267717693494
2,1.437718718718719,3196.908296349323,0.4858682717566457,0.4912452452452453,3029.267717693494
2,1.43971971971972,3197.226617882065,0.4858682717566457,0.4912452452452453,3029.267717693494
2,1.441720720720721,3197.544280628506,0.4858682717566457,0.4912452452452453,3029.267717693494
2,1.443721721721722,3197.861284873624,0.4858682717566457,0.4912452452452453,3029.267717693494
2,1.445722722722723,3198.177630912865,0.4858682717566457,0.4912452452452453,3029.267717693494
2,1.447723723723724,3198.493319051989,0.4858682717566457,0.4912452452452453,3029.267717693494
2,1.449724724724725,3198.80834960699,0.4858682717566457,0.4912452452452453,3029.267717693494
2,1.451725725725726,3199.122722904006,0.4858682717566457,0.4912452452452453,3029.267717693494
2,1.453726726726727,3199.436439279189,0.4858682717566457,0.4912452452452453,3029.267717693494
2,1.455727727727728,3199.74949907861,0.4858682717566457,0.4912452452452453,3029.267717693494
2,1.457728728728729,3200.061902658179,0.4858682717566457,0.4912452452452453,3029.267717693494
2,1.45972972972973,3200.37365038351,0.4858682717566457,0.4912452452452453,3029.267717693494
2,1.461730730730731,3200.684742629853,0.4858682717566457,0.4912452452452453,3029.267717693494
2,1.463731731731732,3200.995179781981,0.4858682717566457,0.4912452452452453,3029.267717693494
2,1.465732732732733,3201.304962234082,0.4858682717566457,0.4912452452452453,3029.267717693494
2,1.467733733733734,3201.614090389683,0.4858682717566457,0.4912452452452453,3029.267717693494
2,1.469734734734735,3201.922564661534,0.4858682717566457,0.4912452452452453,3029.267717693494
2,1.471735735735736,3202.230385471526,0.4858682717566457,0.4912452452452453,3029.267717693494
2,1.473736736736737,3202.537553250579,0.4858682717566457,0.4912452452452453,3029.267717693494
2,1.475737737737738,3202.844068438573,0.4858682717566457,0.4912452452452453,3029.267717693494
2,1.477738738738739,3203.149931484229,0.4858682717566457,0.4912452452452453,3029.267717693494
2,1.47973973973974,3203.455142845019,0.4858682717566457,0.4912452452452453,3029.267717693494
2,1.481740740740741,3203.759702987094,0.4858682717566457,0.4912452452452453,3029.267717693494
2,1.483741741741742,3204.063612385171,0.4858682717566457,0.4912452452452453,3029.267717693494
2,1.485742742742743,3204.36687152244,0.4858682717566457,0.4912452452452453,3029.267717693494
2,1.487743743743744,3204.669480890501,0.4858682717566457,0.4912452452452453,3029.267717693494
2,1.489744744744745,3204.971440989231,0.4858682717566457,0.4912452452452453,3029.267717693494
2,1.491745745745746,3205.272752326738,0.4858682717566457,0.4912452452452453,3029.267717693494
2,1.493746746746747,3205.573415419238,0.4858682717566457,0.4912452452452453,3029.267717693494
2,1.495747747747748,3205.873430790994,0.4858682717566457,0.4912452452452453,3029.267717693494
2,1.497748748748749,3206.172798974207,0.4858682717566457,0.4912452452452453,3029.267717693494
2,1.49974974974975,3206.471520508941,0.4858682717566457,0.4912452452452453,3029.267717693494
2,1.501750750750751,3206.769595943033,0.4858682717566457,0.4912452452452453,3029.267717693494
2,1.503751751751752,3207.067025832019,0.4858682717566457,0.4912452452452453,3029.267717693494
2,1.505752752752753,3207.363810739025,0.4858682717566457,0.4912452452452453,3029.267717693494
2,1.507753753753754,3207.659951234705,0.4858682717566457,0.4912452452452453,3029.267717693494
2,1.509754754754755,3207.955447897149,0.4858682717566457,0.4912452452452453,3029.267717693494
2,1.511755755755756,3208.250301311801,0.4858682717566457,0.4912452452452453,3029.267717693494
2,1.513756756756757,3208.54451207137,0.4858682717566457,0.4912452452452453,3029.267717693494
2,1.515757757757758,3208.838080775758,0.4858682717566457,0.4912452452452453,3029.267717693494
2,1.517758758758759,3209.131008031989,0.4858682717566457,0.4912452452452453,3029.267717693494
2,1.51975975975976,3209.423294454095,0.4858682717566457,0.4912452452452453,3029.267717693494
2,1.521760760760761,3209.714940663066,0.4858682717566457,0.4912452452452453,3029.267717693494
2,1.523761761761762,3210.005947286761,0.4858682717566457,0.4912452452452453,3029.267717693494
2,1.525762762762763,3210.296314959832,0.4858682717566457,0.4912452452452453,3029.267717693494
2,1.527763763763764,3210.586044323639,0.4858682717566457,0.4912452452452453,3029.267717693494
2,1.529764764764765,3210.875136026174,0.4858682717566457,0.4912452452452453,3029.267717693494
2,1.531765765765766,3211.163590721996,0.4858682717566457,0.4912452452452453,3029.267717693494
2,1.533766766766767,3211.451409072142,0.4858682717566457,0.4912452452452453,3029.267717693494
2,1.535767767767768,3211.738591744053,0.4858682717566457,0.4912452452452453,3029.267717693494
2,1.537768768768769,3212.025139411507,0.4858682717566457,0.4912452452452453,3029.267717693494
2,1.53976976976977,3212.311052754524,0.4858682717566457,0.4912452452452453,3029.267717693494
2,1.541770770770771,3212.596332459327,0.4858682717566457,0.4912452452452453,3029.267717693494
2,1.543771771771772,3212.880979218237,0.4858682717566457,0.4912452452452453,3029.267717693494
2,1.545772772772773,3213.164993729604,0.4858682717566457,0.4912452452452453,3029.267717693494
2,1.547773773773774,3213.448376697762,0.4858682717566457,0.4912452452452453,3029.267717693494
2,1.549774774774775,3213.731128832915,0.4858682717566457,0.4912452452452453,3029.267717693494
2,1.551775775775776,3214.013250851105,0.4858682717566457,0.4912452452452453,3029.267717693494
2,1.553776776776777,3214.294743474111,0.4858682717566457,0.4912452452452453,3029.267717693494
2,1.555777777777778,3214.575607429413,0.4858682717566457,0.4912452452452453,3029.267717693494
2,1.557778778778779,3214.855843450069,0.4858682717566457,0.4912452452452453,3029.267717693494
2,1.55977977977978,3215.135452274707,0.4858682717566457,0.4912452452452453,3029.267717693494
2,1.561780780780781,3215.414434647417,0.4858682717566457,0.4912452452452453,3029.267717693494
2,1.563781781781782,3215.692791317694,0.4858682717566457,0.4912452452452453,3029.267717693494
2,1.565782782782783,3215.970523040379,0.4858682717566457,0.4912452452452453,3029.267717693494
2,1.567783783783784,3216.247630575566,0.4858682717566457,0.4912452452452453,3029.267717693494
2,1.569784784784785,3216.524114688569,0.4858682717566457,0.4912452452452453,3029.267717693494
2,1.571785785785786,3216.799976149841,0.4858682717566457,0.4912452452452453,3029.267717693494
2,1.573786786786787,3217.075215734892,0.4858682717566457,0.4912452452452453,3029.267717693494
2,1.575787787787788,3217.349834224257,0.4858682717566457,0.4912452452452453,3029.267717693494
2,1.577788788788789,3217.623832403413,0.4858682717566457,0.4912452452452453,3029.267717693494
2,1.57978978978979,3217.897211062705,0.4858682717566457,0.4912452452452453,3029.267717693494
2,1.581790790790791,3218.169970997308,0.4858682717566457,0.4912452452452453,3029.267717693494
2,1.583791791791792,3218.442113007142,0.4858682717566457,0.4912452452452453,3029.267717693494
2,1.585792792792793,3218.713637896822,0.4858682717566457,0.4912452452452453,3029.267717693494
2,1.587793793793794,3218.984546475594,0.4858682717566457,0.4912452452452453,3029.267717693494
2,1.589794794794795,3219.25483955727,0.4858682717566457,0.4912452452452453,3029.267717693494
2,1.591795795795796,3219.524517960168,0.4858682717566457,0.4912452452452453,3029.267717693494
2,1.593796796796797,3219.793582507057,0.4858682717566457,0.4912452452452453,3029.267717693494
2,1.595797797797798,3220.062034025099,0.4858682717566457,0.4912452452452453,3029.267717693494
2,1.597798798798799,3220.329873345759,0.4858682717566457,0.4912452452452453,3029.267717693494
2,1.5997997997998,3220.597101304793,0.4858682717566457,0.4912452452452453,3029.267717693494
2,1.601800800800801,3220.863718742163,0.4858682717566457,0.4912452452452453,3029.267717693494
2,1.603801801801802,3221.129726501979,0.4858682717566457,0.4912452452452453,3029.267717693494
2,1.605802802802803,3221.395125432448,0.4858682717566457,0.4912452452452453,3029.267717693494
2,1.607803803803804,3221.659916385807,0.4858682717566457,0.4912452452452453,3029.267717693494
2,1.609804804804805,3221.924100218284,0.4858682717566457,0.4912452452452453,3029.267717693494
2,1.611805805805806,3222.18767779003,0.4858682717566457,0.4912452452452453,3029.267717693494
2,1.613806806806807,3222.450649965047,0.4858682717566457,0.4912452452452453,3029.267717693494
2,1.615807807807808,3222.713017611179,0.4858682717566457,0.4912452452452453,3029.267717693494
2,1.617808808808809,3222.974781600007,0.4858682717566457,0.4912452452452453,3029.267717693494
2,1.61980980980981,3223.235942806816,0.4858682717566457,0.4912452452452453,3029.267717693494
2,1.621810810810811,3223.496502110558,0.4858682717566457,0.4912452452452453,3029.267717693494
2,1.623811811811812,3223.756460393756,0.4858682717566457,0.4912452452452453,3029.267717693494
2,1.625812812812813,3224.015818542502,0.4858682717566457,0.4912452452452453,3029.267717693494
2,1.627813813813814,3224.274577446356,0.4858682717566457,0.4912452452452453,3029.267717693494
2,1.629814814814815,3224.532737998331,0.4858682717566457,0.4912452452452453,3029.267717693494
2,1.631815815815816,3224.790301094821,0.4858682717566457,0.4912452452452453,3029.267717693494
2,1.633816816816817,3225.04726763555,0.4858682717566457,0.4912452452452453,3029.267717693494
2,1.635817817817818,3225.303638523535,0.4858682717566457,0.4912452452452453,3029.267717693494
2,1.637818818818819,3225.55941466502,0.4858682717566457,0.4912452452452453,3029.267717693494
2,1.63981981981982,3225.814596969436,0.4858682717566457,0.4912452452452453,3029.267717693494
2,1.641820820820821,3226.069186349333,0.4858682717566457,0.4912452452452453,3029.267717693494
2,1.643821821821822,3226.323183720369,0.4858682717566457,0.4912452452452453,3029.267717693494
2,1.645822822822823,3226.576590001215,0.4858682717566457,0.4912452452452453,3029.267717693494
2,1.647823823823824,3226.829406113548,0.4858682717566457,0.4912452452452453,3029.267717693494
2,1.649824824824825,3227.081632981957,0.4858682717566457,0.4912452452452453,3029.267717693494
2,1.651825825825826,3227.333271533947,0.4858682717566457,0.4912452452452453,3029.267717693494
2,1.653826826826827,3227.584322699845,0.4858682717566457,0.4912452452452453,3029.267717693494
2,1.655827827827828,3227.834787412796,0.4858682717566457,0.4912452452452453,3029.267717693494
2,1.657828828828829,3228.084666608677,0.4858682717566457,0.4912452452452453,3029.267717693494
2,1.65982982982983,3228.33396122607,0.4858682717566457,0.4912452452452453,3029.267717693494
2,1.661830830830831,3228.582672206216,0.4858682717566457,0.4912452452452453,3029.267717693494
2,1.663831831831832,3228.830800492976,0.4858682717566457,0.4912452452452453,3029.267717693494
2,1.665832832832833,3229.078347032761,0.4858682717566457,0.4912452452452453,3029.267717693494
2,1.667833833833834,3229.325312774532,0.4858682717566457,0.4912452452452453,3029.267717693494
2,1.669834834834835,3229.57169866969,0.4858682717566457,0.4912452452452453,3029.267717693494
2,1.671835835835836,3229.817505672099,0.4858682717566457,0.4912452452452453,3029.267717693494
2,1.673836836836837,3230.062734738005,0.4858682717566457,0.4912452452452453,3029.267717693494
2,1.675837837837838,3230.307386825995,0.4858682717566457,0.4912452452452453,3029.267717693494
2,1.677838838838839,3230.551462896966,0.4858682717566457,0.4912452452452453,3029.267717693494
2,1.67983983983984,3230.79496391408,0.4858682717566457,0.4912452452452453,3029.267717693494
2,1.681840840840841,3231.037890842708,0.4858682717566457,0.4912452452452453,3029.267717693494
2,1.683841841841842,3231.280244650407,0.4858682717566457,0.4912452452452453,3029.267717693494
2,1.685842842842843,3231.522026306867,0.4858682717566457,0.4912452452452453,3029.267717693494
2,1.687843843843844,3231.763236783871,0.4858682717566457,0.4912452452452453,3029.267717693494
2,1.689844844844845,3232.003877055268,0.4858682717566457,0.4912452452452453,3029.267717693494
2,1.691845845845846,3232.243948096911,0.4858682717566457,0.4912452452452453,3029.267717693494
2,1.693846846846847,3232.483450886623,0.4858682717566457,0.4912452452452453,3029.267717693494
2,1.695847847847848,3232.722386404175,0.4858682717566457,0.4912452452452453,3029.267717693494
2,1.697848848848849,3232.960755631221,0.4858682717566457,0.4912452452452453,3029.267717693494
2,1.69984984984985,3233.198559551274,0.4858682717566457,0.4912452452452453,3029.267717693494
2,1.701850850850851,3233.435799149672,0.4858682717566457,0.4912452452452453,3029.267717693494
2,1.703851851851852,3233.672475413522,0.4858682717566457,0.4912452452452453,3029.267717693494
2,1.705852852852853,3233.908589331683,0.4858682717566457,0.4912452452452453,3029.267717693494
2,1.707853853853854,3234.144141894699,0.4858682717566457,0.4912452452452453,3029.267717693494
2,1.709854854854855,3234.379134094808,0.4858682717566457,0.4912452452452453,3029.267717693494
2,1.711855855855856,3234.613566925842,0.4858682717566457,0.4912452452452453,3029.267717693494
2,1.713856856856857,3234.847441383258,0.4858682717566457,0.4912452452452453,3029.267717693494
2,1.715857857857858,3235.080758464053,0.4858682717566457,0.4912452452452453,3029.267717693494
2,1.717858858858859,3235.313519166742,0.4858682717566457,0.4912452452452453,3029.267717693494
2,1.71985985985986,3235.54572449133,0.4858682717566457,0.4912452452452453,3029.267717693494
2,1.721860860860861,3235.777375439263,0.4858682717566457,0.4912452452452453,3029.267717693494
2,1.723861861861862,3236.008473013413,0.4858682717566457,0.4912452452452453,3029.267717693494
2,1.725862862862863,3236.23901821802,0.4858682717566457,0.4912452452452453,3029.267717693494
2,1.727863863863864,3236.469012058677,0.4858682717566457,0.4912452452452453,3029.267717693494
2,1.729864864864865,3236.698455542272,0.4858682717566457,0.4912452452452453,3029.267717693494
2,1.731865865865866,3236.927349676987,0.4858682717566457,0.4912452452452453,3029.267717693494
2,1.733866866866867,3237.155695472235,0.4858682717566457,0.4912452452452453,3029.267717693494
2,1.735867867867868,3237.383493938637,0.4858682717566457,0.4912452452452453,3029.267717693494
2,1.737868868868869,3237.610746087995,0.4858682717566457,0.4912452452452453,3029.267717693494
2,1.73986986986987,3237.83745293326,0.4858682717566457,0.4912452452452453,3029.267717693494
2,1.741870870870871,3238.063615488483,0.4858682717566457,0.4912452452452453,3029.267717693494
2,1.743871871871872,3238.289234768793,0.4858682717566457,0.4912452452452453,3029.267717693494
2,1.745872872872873,3238.514311790369,0.4858682717566457,0.4912452452452453,3029.267717693494
2,1.747873873873874,3238.738847570417,0.4858682717566457,0.4912452452452453,3029.267717693494
2,1.749874874874875,3238.962843127108,0.4858682717566457,0.4912452452452453,3029.267717693494
2,1.751875875875876,3239.18629947957,0.4858682717566457,0.4912452452452453,3029.267717693494
2,1.753876876876877,3239.409217647869,0.4858682717566457,0.4912452452452453,3029.267717693494
2,1.755877877877878,3239.631598652943,0.4858682717566457,0.4912452452452453,3029.267717693494
2,1.757878878878879,3239.8534435166,0.4858682717566457,0.4912452452452453,3029.267717693494
2,1.75987987987988,3240.074753261477,0.4858682717566457,0.4912452452452453,3029.267717693494
2,1.761880880880881,3240.295528911026,0.4858682717566457,0.4912452452452453,3029.267717693494
2,1.763881881881882,3240.515771489446,0.4858682717566457,0.4912452452452453,3029.267717693494
2,1.765882882882883,3240.735482021702,0.4858682717566457,0.4912452452452453,3029.267717693494
2,1.767883883883884,3240.954661533465,0.4858682717566457,0.4912452452452453,3029.267717693494
2,1.769884884884885,3241.17331105109,0.4858682717566457,0.4912452452452453,3029.267717693494
2,1.771885885885886,3241.39143160159,0.4858682717566457,0.4912452452452453,3029.267717693494
2,1.773886886886887,3241.609024212614,0.4858682717566457,0.4912452452452453,3029.267717693494
2,1.775887887887888,3241.826089912407,0.4858682717566457,0.4912452452452453,3029.267717693494
2,1.777888888888889,3242.042629729794,0.4858682717566457,0.4912452452452453,3029.267717693494
2,1.77988988988989,3242.258644694136,0.4858682717566457,0.4912452452452453,3029.267717693494
2,1.781890890890891,3242.474135835328,0.4858682717566457,0.4912452452452453,3029.267717693494
2,1.783891891891892,3242.689104183742,0.4858682717566457,0.4912452452452453,3029.267717693494
2,1.785892892892893,3242.903550770237,0.4858682717566457,0.4912452452452453,3029.267717693494
2,1.787893893893894,3243.117476626094,0.4858682717566457,0.4912452452452453,3029.267717693494
2,1.789894894894895,3243.330882783017,0.4858682717566457,0.4912452452452453,3029.267717693494
2,1.791895895895896,3243.543770273101,0.4858682717566457,0.4912452452452453,3029.267717693494
2,1.793896896896897,3243.756140128793,0.4858682717566457,0.4912452452452453,3029.267717693494
2,1.795897897897898,3243.967993382892,0.4858682717566457,0.4912452452452453,3029.267717693494
2,1.797898898898899,3244.179331068497,0.4858682717566457,0.4912452452452453,3029.267717693494
2,1.7998998998999,3244.390154219009,0.4858682717566457,0.4912452452452453,3029.267717693494
2,1.801900900900901,3244.600463868071,0.4858682717566457,0.4912452452452453,3029.267717693494
2,1.803901901901902,3244.810261049588,0.4858682717566457,0.4912452452452453,3029.267717693494
2,1.805902902902903,3245.019546797664,0.4858682717566457,0.4912452452452453,3029.267717693494
2,1.807903903903904,3245.228322146598,0.4858682717566457,0.4912452452452453,3029.267717693494
2,1.809904904904905,3245.436588130862,0.4858682717566457,0.4912452452452453,3029.267717693494
2,1.811905905905906,3245.644345785062,0.4858682717566457,0.4912452452452453,3029.267717693494
2,1.813906906906907,3245.851596143932,0.4858682717566457,0.4912452452452453,3029.267717693494
2,1.815907907907908,3246.058340242294,0.4858682717566457,0.4912452452452453,3029.267717693494
2,1.817908908908909,3246.264579115058,0.4858682717566457,0.4912452452452453,3029.267717693494
2,1.81990990990991,3246.470313797176,0.4858682717566457,0.4912452452452453,3029.267717693494
2,1.821910910910911,3246.675545323633,0.4858682717566457,0.4912452452452453,3029.267717693494
2,1.823911911911912,3246.880274729422,0.4858682717566457,0.4912452452452453,3029.267717693494
2,1.825912912912913,3247.084503049515,0.4858682717566457,0.4912452452452453,3029.267717693494
2,1.827913913913914,3247.288231318862,0.4858682717566457,0.4912452452452453,3029.267717693494
2,1.829914914914915,3247.491460572341,0.4858682717566457,0.4912452452452453,3029.267717693494
2,1.831915915915916,3247.694191844763,0.4858682717566457,0.4912452452452453,3029.267717693494
2,1.833916916916917,3247.896426170827,0.4858682717566457,0.4912452452452453,3029.267717693494
2,1.835917917917918,3248.098164585129,0.4858682717566457,0.4912452452452453,3029.267717693494
2,1.837918918918919,3248.299408122095,0.4858682717566457,0.4912452452452453,3029.267717693494
2,1.83991991991992,3248.500157816024,0.4858682717566457,0.4912452452452453,3029.267717693494
2,1.841920920920921,3248.700414701004,0.4858682717566457,0.4912452452452453,3029.267717693494
2,1.843921921921922,3248.900179810936,0.4858682717566457,0.4912452452452453,3029.267717693494
2,1.845922922922923,3249.099454179498,0.4858682717566457,0.4912452452452453,3029.267717693494
2,1.847923923923924,3249.298238840117,0.4858682717566457,0.4912452452452453,3029.267717693494
2,1.849924924924925,3249.496534825973,0.4858682717566457,0.4912452452452453,3029.267717693494
2,1.851925925925926,3249.694343169953,0.4858682717566457,0.4912452452452453,3029.267717693494
2,1.853926926926927,3249.891664904655,0.4858682717566457,0.4912452452452453,3029.267717693494
2,1.855927927927928,3250.08850106235,0.4858682717566457,0.4912452452452453,3029.267717693494
2,1.857928928928929,3250.284852674972,0.4858682717566457,0.4912452452452453,3029.267717693494
2,1.85992992992993,3250.480720774108,0.4858682717566457,0.4912452452452453,3029.267717693494
2,1.861930930930931,3250.676106390971,0.4858682717566457,0.4912452452452453,3029.267717693494
2,1.863931931931932,3250.871010556369,0.4858682717566457,0.4912452452452453,3029.267717693494
2,1.865932932932933,3251.06543430071,0.4858682717566457,0.4912452452452453,3029.267717693494
2,1.867933933933934,3251.259378653978,0.4858682717566457,0.4912452452452453,3029.267717693494
2,1.869934934934935,3251.452844645708,0.4858682717566457,0.4912452452452453,3029.267717693494
2,1.871935935935936,3251.645833304966,0.4858682717566457,0.4912452452452453,3029.267717693494
2,1.873936936936937,3251.838345660349,0.4858682717566457,0.4912452452452453,3029.267717693494
2,1.875937937937938,3252.030382739951,0.4858682717566457,0.4912452452452453,3029.267717693494
2,1.877938938938939,3252.221945571352,0.4858682717566457,0.4912452452452453,3029.267717693494
2,1.87993993993994,3252.413035181603,0.4858682717566457,0.4912452452452453,3029.267717693494
2,1.881940940940941,3252.603652597219,0.4858682717566457,0.4912452452452453,3029.267717693494
2,1.883941941941942,3252.793798844134,0.4858682717566457,0.4912452452452453,3029.267717693494
2,1.885942942942943,3252.983474947711,0.4858682717566457,0.4912452452452453,3029.267717693494
2,1.887943943943944,3253.172681932717,0.4858682717566457,0.4912452452452453,3029.267717693494
2,1.889944944944945,3253.361420823319,0.4858682717566457,0.4912452452452453,3029.267717693494
2,1.891945945945946,3253.549692643035,0.4858682717566457,0.4912452452452453,3029.267717693494
2,1.893946946946947,3253.737498414761,0.4858682717566457,0.4912452452452453,3029.267717693494
2,1.895947947947948,3253.924839160726,0.4858682717566457,0.4912452452452453,3029.267717693494
2,1.897948948948949,3254.11171590249,0.4858682717566457,0.4912452452452453,3029.267717693494
2,1.89994994994995,3254.298129660921,0.4858682717566457,0.4912452452452453,3029.267717693494
2,1.901950950950951,3254.48408145619,0.4858682717566457,0.4912452452452453,3029.267717693494
2,1.903951951951952,3254.669572307757,0.4858682717566457,0.4912452452452453,3029.267717693494
2,1.905952952952953,3254.854603234326,0.4858682717566457,0.4912452452452453,3029.267717693494
2,1.907953953953954,3255.039175253887,0.4858682717566457,0.4912452452452453,3029.267717693494
2,1.909954954954955,3255.223289383649,0.4858682717566457,0.4912452452452453,3029.267717693494
2,1.911955955955956,3255.406946640054,0.4858682717566457,0.4912452452452453,3029.267717693494
2,1.913956956956957,3255.590148038757,0.4858682717566457,0.4912452452452453,3029.267717693494
2,1.915957957957958,3255.772894594607,0.4858682717566457,0.4912452452452453,3029.267717693494
2,1.917958958958959,3255.955187321644,0.4858682717566457,0.4912452452452453,3029.267717693494
2,1.91995995995996,3256.137027233069,0.4858682717566457,0.4912452452452453,3029.267717693494
2,1.921960960960961,3256.318415341262,0.4858682717566457,0.4912452452452453,3029.267717693494
2,1.923961961961962,3256.499352657722,0.4858682717566457,0.4912452452452453,3029.267717693494
2,1.925962962962963,3256.679840193098,0.4858682717566457,0.4912452452452453,3029.267717693494
2,1.927963963963964,3256.859878957152,0.4858682717566457,0.4912452452452453,3029.267717693494
2,1.929964964964965,3257.039469958755,0.4858682717566457,0.4912452452452453,3029.267717693494
2,1.931965965965966,3257.21861420587,0.4858682717566457,0.4912452452452453,3029.267717693494
2,1.933966966966967,3257.397312705546,0.4858682717566457,0.4912452452452453,3029.267717693494
2,1.935967967967968,3257.575566463889,0.4858682717566457,0.4912452452452453,3029.267717693494
2,1.937968968968969,3257.753376486079,0.4858682717566457,0.4912452452452453,3029.267717693494
2,1.93996996996997,3257.930743776333,0.4858682717566457,0.4912452452452453,3029.267717693494
2,1.941970970970971,3258.107669337899,0.4858682717566457,0.4912452452452453,3029.267717693494
2,1.943971971971972,3258.284154173057,0.4858682717566457,0.4912452452452453,3029.267717693494
2,1.945972972972973,3258.460199283083,0.4858682717566457,0.4912452452452453,3029.267717693494
2,1.947973973973974,3258.635805668264,0.4858682717566457,0.4912452452452453,3029.267717693494
2,1.949974974974975,3258.810974327867,0.4858682717566457,0.4912452452452453,3029.267717693494
2,1.951975975975976,3258.985706260142,0.4858682717566457,0.4912452452452453,3029.267717693494
2,1.953976976976977,3259.160002462303,0.4858682717566457,0.4912452452452453,3029.267717693494
2,1.955977977977978,3259.333863930511,0.4858682717566457,0.4912452452452453,3029.267717693494
2,1.957978978978979,3259.507291659879,0.4858682717566457,0.4912452452452453,3029.267717693494
2,1.95997997997998,3259.680286644451,0.4858682717566457,0.4912452452452453,3029.267717693494
2,1.961980980980981,3259.852849877192,0.4858682717566457,0.4912452452452453,3029.267717693494
2,1.963981981981982,3260.024982349983,0.4858682717566457,0.4912452452452453,3029.267717693494
2,1.965982982982983,3260.196685053605,0.4858682717566457,0.4912452452452453,3029.267717693494
2,1.967983983983984,3260.367958977726,0.4858682717566457,0.4912452452452453,3029.267717693494
2,1.969984984984985,3260.538805110907,0.4858682717566457,0.4912452452452453,3029.267717693494
2,1.971985985985986,3260.70922444057,0.4858682717566457,0.4912452452452453,3029.267717693494
2,1.973986986986987,3260.879217953006,0.4858682717566457,0.4912452452452453,3029.267717693494
2,1.975987987987988,3261.048786633361,0.4858682717566457,0.4912452452452453,3029.267717693494
2,1.977988988988989,3261.21793146561,0.4858682717566457,0.4912452452452453,3029.267717693494
2,1.97998998998999,3261.386653432578,0.4858682717566457,0.4912452452452453,3029.267717693494
2,1.981990990990991,3261.554953515906,0.4858682717566457,0.4912452452452453,3029.267717693494
2,1.983991991991992,3261.722832696059,0.4858682717566457,0.4912452452452453,3029.267717693494
2,1.985992992992993,3261.89029195229,0.4858682717566457,0.4912452452452453,3029.267717693494
2,1.987993993993994,3262.057332262675,0.4858682717566457,0.4912452452452453,3029.267717693494
2,1.989994994994995,3262.223954604048,0.4858682717566457,0.4912452452452453,3029.267717693494
2,1.991995995995996,3262.390159952058,0.4858682717566457,0.4912452452452453,3029.267717693494
2,1.993996996996997,3262.555949281098,0.4858682717566457,0.4912452452452453,3029.267717693494
2,1.995997997997998,3262.721323564329,0.4858682717566457,0.4912452452452453,3029.267717693494
2,1.997998998998999,3262.886283773675,0.4858682717566457,0.4912452452452453,3029.267717693494
2,2,3263.0508308798,0.4858682717566457,0.4912452452452453,3029.267717693494
3,0.001,3347.336586454185,0.3289150449263754,0.3351671671671672,3128.345657878825
3,0.003001001001001001,3347.268505194049,0.3289150449263754,0.3351671671671672,3128.345657878825
3,0.005002002002002002,3347.128488505286,0.3289150449263754,0.3351671671671672,3128.345657878825
3,0.007003003003003003,3346.908942580762,0.3289150449263754,0.3351671671671672,3128.345657878825
3,0.009004004004004005,3346.598690897238,0.3289150449263754,0.3351671671671672,3128.345657878825
3,0.01100500500500501,3346.183259126349,0.3289150449263754,0.3351671671671672,3128.345657878825
3,0.01300600600600601,3345.645295937888,0.3289150449263754,0.3351671671671672,3128.345657878825
3,0.01500700700700701,3344.965155401551,0.3289150449263754,0.3351671671671672,3128.345657878825
3,0.01700800800800801,3344.121661184696,0.3289150449263754,0.3351671671671672,3128.345657878825
3,0.01900900900900901,3343.093059550033,0.3289150449263754,0.3351671671671672,3128.345657878825
3,0.02101001001001001,3341.858146967646,0.3289150449263754,0.3351671671671672,3128.345657878825
3,0.02301101101101101,3340.397530295767,0.3289150449263754,0.3351671671671672,3128.345657878825
3,0.02501201201201201,3338.694946356344,0.3289150449263754,0.3351671671671672,3128.345657878825
3,0.02701301301301301,3336.738538923809,0.3289150449263754,0.3351671671671672,3128.345657878825
3,0.02901401401401402,3334.521971660773,0.3289150449263754,0.3351671671671672,3128.345657878825
3,0.03101501501501502,3332.045252257551,0.3289150449263754,0.3351671671671672,3128.345657878825
3,0.03301601601601602,3329.315160519531,0.3289150449263754,0.3351671671671672,3128.345657878825
3,0.03501701701701702,3326.345211640833,0.3289150449263754,0.3351671671671672,3128.345657878825
3,0.03701801801801802,3323.155140223255,0.3289150449263754,0.3351671671671672,3128.345657878825
3,0.03901901901901902,3319.769950917967,0.3289150449263754,0.3351671671671672,3128.345657878825
3,0.04102002002002002,3316.21863578017,0.3289150449263754,0.3351671671671672,3128.345657878825
3,0.04302102102102102,3312.532695661838,0.3289150449263754,0.3351671671671672,3128.345657878825
3,0.04502202202202202,3308.744616638549,0.3289150449263754,0.3351671671671672,3128.345657878825
3,0.04702302302302303,3304.886441978751,0.3289150449263754,0.3351671671671672,3128.345657878825
3,0.04902402402402403,3300.988550379929,0.3289150449263754,0.3351671671671672,3128.345657878825
3,0.05102502502502503,3297.0787104959,0.3289150449263754,0.3351671671671672,3128.345657878825
3,0.05302602602602603,3293.181439214794,0.3289150449263754,0.3351671671671672,3128.345657878825
3,0.05502702702702703,3289.317654147281,0.3289150449263754,0.3351671671671672,3128.345657878825
3,0.05702802802802803,3285.504583842803,0.3289150449263754,0.3351671671671672,3128.345657878825
3,0.05902902902902903,3281.755883721371,0.3289150449263754,0.3351671671671672,3128.345657878825
3,0.06103003003003003,3278.081900535035,0.3289150449263754,0.3351671671671672,3128.345657878825
3,0.06303103103103103,3274.49003087393,0.3289150449263754,0.3351671671671672,3128.345657878825
3,0.06503203203203203,3270.985126893243,0.3289150449263754,0.3351671671671672,3128.345657878825
3,0.06703303303303304,3267.56991242288,0.3289150449263754,0.3351671671671672,3128.345657878825
3,0.06903403403403403,3264.245382921059,0.3289150449263754,0.3351671671671672,3128.345657878825
3,0.07103503503503504,3261.011172042061,0.3289150449263754,0.3351671671671672,3128.345657878825
3,0.07303603603603603,3257.865875259131,0.3289150449263754,0.3351671671671672,3128.345657878825
3,0.07503703703703704,3254.807326816907,0.3289150449263754,0.3351671671671672,3128.345657878825
3,0.07703803803803803,3251.832830389099,0.3289150449263754,0.3351671671671672,3128.345657878825
3,0.07903903903903904,3248.939346460729,0.3289150449263754,0.3351671671671672,3128.345657878825
3,0.08104004004004003,3246.12364094752,0.3289150449263754,0.3351671671671672,3128.345657878825
3,0.08304104104104104,3243.382400219065,0.3289150449263754,0.3351671671671672,3128.345657878825
3,0.08504204204204205,3240.712317779466,0.3289150449263754,0.3351671671671672,3128.345657878825
3,0.08704304304304304,3238.110157578987,0.3289150449263754,0.3351671671671672,3128.345657878825
3,0.08904404404404405,3235.572798451764,0.3289150449263754,0.3351671671671672,3128.345657878825
3,0.09104504504504504,3233.097263602725,0.3289150449263754,0.3351671671671672,3128.345657878825
3,0.09304604604604605,3230.680738476256,0.3289150449263754,0.3351671671671672,3128.345657878825
3,0.09504704704704704,3228.320579777191,0.3289150449263754,0.3351671671671672,3128.345657878825
3,0.09704804804804805,3226.014317903177,0.3289150449263754,0.3351671671671672,3128.345657878825
3,0.09904904904904906,3223.759654600956,0.3289150449263754,0.3351671671671672,3128.345657878825
3,0.10105005005005,3221.554457277683,0.3289150449263754,0.3351671671671672,3128.345657878825
3,0.1030510510510511,3219.396751080319,0.3289150449263754,0.3351671671671672,3128.345657878825
3,0.1050520520520521,3217.284709594385,0.3289150449263754,0.3351671671671672,3128.345657878825
3,0.1070530530530531,3215.216644803935,0.3289150449263754,0.3351671671671672,3128.345657878825
3,0.1090540540540541,3213.190996784627,0.3289150449263754,0.3351671671671672,3128.345657878825
3,0.1110550550550551,3211.206323470744,0.3289150449263754,0.3351671671671672,3128.345657878825
3,0.1130560560560561,3209.26129073342,0.3289150449263754,0.3351671671671672,3128.345657878825
3,0.1150570570570571,3207.354662928397,0.3289150449263754,0.3351671671671672,3128.345657878825
3,0.1170580580580581,3205.485294011866,0.3289150449263754,0.3351671671671672,3128.345657878825
3,0.1190590590590591,3203.652119278072,0.3289150449263754,0.3351671671671672,3128.345657878825
3,0.1210600600600601,3201.854147740059,0.3289150449263754,0.3351671671671672,3128.345657878825
3,0.1230610610610611,3200.090455150521,0.3289150449263754,0.3351671671671672,3128.345657878825
3,0.1250620620620621,3198.360177645308,0.3289150449263754,0.3351671671671672,3128.345657878825
3,0.1270630630630631,3196.662505979015,0.3289150449263754,0.3351671671671672,3128.345657878825
3,0.1290640640640641,3194.996680317008,0.3289150449263754,0.3351671671671672,3128.345657878825
3,0.1310650650650651,3193.361985544539,0.3289150449263754,0.3351671671671672,3128.345657878825
3,0.1330660660660661,3191.75774705036,0.3289150449263754,0.3351671671671672,3128.345657878825
3,0.1350670670670671,3190.183326945305,0.3289150449263754,0.3351671671671672,3128.345657878825
3,0.1370680680680681,3188.638120674318,0.3289150449263754,0.3351671671671672,3128.345657878825
3,0.1390690690690691,3187.121553984894,0.3289150449263754,0.3351671671671672,3128.345657878825
3,0.1410700700700701,3185.633080215661,0.3289150449263754,0.3351671671671672,3128.345657878825
3,0.1430710710710711,3184.172177872349,0.3289150449263754,0.3351671671671672,3128.345657878825
3,0.1450720720720721,3182.738348460374,0.3289150449263754,0.3351671671671672,3128.345657878825
3,0.1470730730730731,3181.331114546791,0.3289150449263754,0.3351671671671672,3128.345657878825
3,0.1490740740740741,3179.950018026158,0.3289150449263754,0.3351671671671672,3128.345657878825
3,0.1510750750750751,3178.594618567936,0.3289150449263754,0.3351671671671672,3128.345657878825
3,0.1530760760760761,3177.264492224911,0.3289150449263754,0.3351671671671672,3128.345657878825
3,0.1550770770770771,3175.959230185099,0.3289150449263754,0.3351671671671672,3128.345657878825
3,0.1570780780780781,3174.67843765013,0.3289150449263754,0.3351671671671672,3128.345657878825
3,0.1590790790790791,3173.4217328266,0.3289150449263754,0.3351671671671672,3128.345657878825
3,0.1610800800800801,3172.188746017082,0.3289150449263754,0.3351671671671672,3128.345657878825
3,0.1630810810810811,3170.979118800009,0.3289150449263754,0.3351671671671672,3128.345657878825
3,0.1650820820820821,3169.792503288015,0.3289150449263754,0.3351671671671672,3128.345657878825
3,0.1670830830830831,3168.628561456396,0.3289150449263754,0.3351671671671672,3128.345657878825
3,0.1690840840840841,3167.486964533559,0.3289150449263754,0.3351671671671672,3128.345657878825
3,0.1710850850850851,3166.367392446815,0.3289150449263754,0.3351671671671672,3128.345657878825
3,0.1730860860860861,3165.269533317582,0.3289150449263754,0.3351671671671672,3128.345657878825
3,0.1750870870870871,3164.19308300032,0.3289150449263754,0.3351671671671672,3128.345657878825
3,0.1770880880880881,3163.13774466104,0.3289150449263754,0.3351671671671672,3128.345657878825
3,0.1790890890890891,3162.103228390667,0.3289150449263754,0.3351671671671672,3128.345657878825
3,0.1810900900900901,3161.089250850147,0.3289150449263754,0.3351671671671672,3128.345657878825
3,0.1830910910910911,3160.095534943639,0.3289150449263754,0.3351671671671672,3128.345657878825
3,0.1850920920920921,3159.121809517369,0.3289150449263754,0.3351671671671672,3128.345657878825
3,0.1870930930930931,3158.167809081179,0.3289150449263754,0.3351671671671672,3128.345657878825
3,0.1890940940940941,3157.2332735509,0.3289150449263754,0.3351671671671672,3128.345657878825
3,0.1910950950950951,3156.317948009425,0.3289150449263754,0.3351671671671672,3128.345657878825
3,0.1930960960960961,3155.421582484701,0.3289150449263754,0.3351671671671672,3128.345657878825
3,0.1950970970970971,3154.543931743196,0.3289150449263754,0.3351671671671672,3128.345657878825
3,0.1970980980980981,3153.684755097321,0.3289150449263754,0.3351671671671672,3128.345657878825
3,0.1990990990990991,3152.843816225591,0.3289150449263754,0.3351671671671672,3128.345657878825
3,0.2011001001001001,3152.020883004625,0.3289150449263754,0.3351671671671672,3128.345657878825
3,0.2031011011011011,3151.21572735156,0.3289150449263754,0.3351671671671672,3128.345657878825
3,0.2051021021021021,3150.428125076491,0.3289150449263754,0.3351671671671672,3128.345657878825
3,0.2071031031031031,3149.657855743777,0.3289150449263754,0.3351671671671672,3128.345657878825
3,0.2091041041041041,3148.904702541637,0.3289150449263754,0.3351671671671672,3128.345657878825
3,0.2111051051051051,3148.168452159344,0.3289150449263754,0.3351671671671672,3128.345657878825
3,0.2131061061061061,3147.448894671556,0.3289150449263754,0.3351671671671672,3128.345657878825
3,0.2151071071071071,3146.745823428957,0.3289150449263754,0.3351671671671672,3128.345657878825
3,0.2171081081081081,3146.059034955174,0.3289150449263754,0.3351671671671672,3128.345657878825
3,0.2191091091091091,3145.388328849049,0.3289150449263754,0.3351671671671672,3128.345657878825
3,0.2211101101101101,3144.733507692204,0.3289150449263754,0.3351671671671672,3128.345657878825
3,0.2231111111111111,3144.094376961474,0.3289150449263754,0.3351671671671672,3128.345657878825
3,0.2251121121121121,3143.470744945698,0.3289150449263754,0.3351671671671672,3128.345657878825
3,0.2271131131131131,3142.862422666814,0.3289150449263754,0.3351671671671672,3128.345657878825
3,0.2291141141141141,3142.269223804849,0.3289150449263754,0.3351671671671672,3128.345657878825
3,0.2311151151151151,3141.690964626469,0.3289150449263754,0.3351671671671672,3128.345657878825
3,0.2331161161161161,3141.127463917051,0.3289150449263754,0.3351671671671672,3128.345657878825
3,0.2351171171171171,3140.578542915909,0.3289150449263754,0.3351671671671672,3128.345657878825
3,0.2371181181181181,3140.044025254516,0.3289150449263754,0.3351671671671672,3128.345657878825
3,0.2391191191191191,3139.523736897549,0.3289150449263754,0.3351671671671672,3128.345657878825
3,0.2411201201201201,3139.017506086571,0.3289150449263754,0.3351671671671672,3128.345657878825
3,0.2431211211211211,3138.525163286224,0.3289150449263754,0.3351671671671672,3128.345657878825
3,0.2451221221221221,3138.046541132672,0.3289150449263754,0.3351671671671672,3128.345657878825
3,0.2471231231231231,3137.581474384406,0.3289150449263754,0.3351671671671672,3128.345657878825
3,0.2491241241241241,3137.129799874906,0.3289150449263754,0.3351671671671672,3128.345657878825
3,0.2511251251251251,3136.691356467484,0.3289150449263754,0.3351671671671672,3128.345657878825
3,0.2531261261261261,3136.265985011784,0.3289150449263754,0.3351671671671672,3128.345657878825
3,0.2551271271271272,3135.853528302163,0.3289150449263754,0.3351671671671672,3128.345657878825
3,0.2571281281281281,3135.453831037592,0.3289150449263754,0.3351671671671672,3128.345657878825
3,0.2591291291291291,3135.06673978323,0.3289150449263754,0.3351671671671672,3128.345657878825
3,0.2611301301301301,3134.692102933408,0.3289150449263754,0.3351671671671672,3128.345657878825
3,0.2631311311311311,3134.32977067601,0.3289150449263754,0.3351671671671672,3128.345657878825
3,0.2651321321321322,3133.979594958192,0.3289150449263754,0.3351671671671672,3128.345657878825
3,0.2671331331331331,3133.641429453329,0.3289150449263754,0.3351671671671672,3128.345657878825
3,0.2691341341341341,3133.31512952917,0.3289150449263754,0.3351671671671672,3128.345657878825
3,0.2711351351351352,3133.00055221716,0.3289150449263754,0.3351671671671672,3128.345657878825
3,0.2731361361361361,3132.697556182687,0.3289150449263754,0.3351671671671672,3128.345657878825
3,0.2751371371371372,3132.406001696575,0.3289150449263754,0.3351671671671672,3128.345657878825
3,0.2771381381381381,3132.125750607282,0.3289150449263754,0.3351671671671672,3128.345657878825
3,0.2791391391391391,3131.856666314249,0.3289150449263754,0.3351671671671672,3128.345657878825
3,0.2811401401401402,3131.598613741984,0.3289150449263754,0.3351671671671672,3128.345657878825
3,0.2831411411411411,3131.351459314999,0.3289150449263754,0.3351671671671672,3128.345657878825
3,0.2851421421421421,3131.115070933585,0.3289150449263754,0.3351671671671672,3128.345657878825
3,0.2871431431431432,3130.889317950314,0.3289150449263754,0.3351671671671672,3128.345657878825
3,0.2891441441441441,3130.674071147256,0.3289150449263754,0.3351671671671672,3128.345657878825
3,0.2911451451451452,3130.469202713884,0.3289150449263754,0.3351671671671672,3128.345657878825
3,0.2931461461461461,3130.274586225645,0.3289150449263754,0.3351671671671672,3128.345657878825
3,0.2951471471471471,3130.09009662317,0.3289150449263754,0.3351671671671672,3128.345657878825
3,0.2971481481481482,3129.915610192036,0.3289150449263754,0.3351671671671672,3128.345657878825
3,0.2991491491491491,3129.751004543159,0.3289150449263754,0.3351671671671672,3128.345657878825
3,0.3011501501501502,3129.596158593663,0.3289150449263754,0.3351671671671672,3128.345657878825
3,0.3031511511511512,3129.450952548345,0.3289150449263754,0.3351671671671672,3128.345657878825
3,0.3051521521521521,3129.315267881611,0.3289150449263754,0.3351671671671672,3128.345657878825
3,0.3071531531531532,3129.188987319861,0.3289150449263754,0.3351671671671672,3128.345657878825
3,0.3091541541541541,3129.071994824347,0.3289150449263754,0.3351671671671672,3128.345657878825
3,0.3111551551551552,3128.964175574551,0.3289150449263754,0.3351671671671672,3128.345657878825
3,0.3131561561561562,3128.865415951834,0.3289150449263754,0.3351671671671672,3128.345657878825
3,0.3151571571571571,3128.775603523613,0.3289150449263754,0.3351671671671672,3128.345657878825
3,0.3171581581581582,3128.69462702789,0.3289150449263754,0.3351671671671672,3128.345657878825
3,0.3191591591591592,3128.622376358106,0.3289150449263754,0.3351671671671672,3128.345657878825
3,0.3211601601601601,3128.558742548443,0.3289150449263754,0.3351671671671672,3128.345657878825
3,0.3231611611611612,3128.503617759383,0.3289150449263754,0.3351671671671672,3128.345657878825
3,0.3251621621621621,3128.456895263653,0.3289150449263754,0.3351671671671672,3128.345657878825
3,0.3271631631631632,3128.41846943246,0.3289150449263754,0.3351671671671672,3128.345657878825
3,0.3291641641641642,3128.388235722033,0.3289150449263754,0.3351671671671672,3128.345657878825
3,0.3311651651651651,3128.366090660484,0.3289150449263754,0.3351671671671672,3128.345657878825
3,0.3331661661661662,3128.35193183491,0.3289150449263754,0.3351671671671672,3128.345657878825
3,0.3351671671671672,3128.345657878825,0.3289150449263754,0.3351671671671672,3128.345657878825
3,0.3371681681681682,3128.347168459773,0.3289150449263754,0.3351671671671672,3128.345657878825
3,0.3391691691691692,3128.356364267261,0.3289150449263754,0.3351671671671672,3128.345657878825
3,0.3411701701701702,3128.37314700098,0.3289150449263754,0.3351671671671672,3128.345657878825
3,0.3431711711711712,3128.397419359052,0.3289150449263754,0.3351671671671672,3128.345657878825
3,0.3451721721721722,3128.429085026809,0.3289150449263754,0.3351671671671672,3128.345657878825
3,0.3471731731731732,3128.468048665518,0.3289150449263754,0.3351671671671672,3128.345657878825
3,0.3491741741741742,3128.514215901507,0.3289150449263754,0.3351671671671672,3128.345657878825
3,0.3511751751751752,3128.567493315359,0.3289150449263754,0.3351671671671672,3128.345657878825
3,0.3531761761761762,3128.627788431419,0.3289150449263754,0.3351671671671672,3128.345657878825
3,0.3551771771771772,3128.695009707419,0.3289150449263754,0.3351671671671672,3128.345657878825
3,0.3571781781781782,3128.769066524289,0.3289150449263754,0.3351671671671672,3128.345657878825
3,0.3591791791791792,3128.849869176202,0.3289150449263754,0.3351671671671672,3128.345657878825
3,0.3611801801801802,3128.93732886074,0.3289150449263754,0.3351671671671672,3128.345657878825
3,0.3631811811811812,3129.031357669234,0.3289150449263754,0.3351671671671672,3128.345657878825
3,0.3651821821821822,3129.131868577296,0.3289150449263754,0.3351671671671672,3128.345657878825
3,0.3671831831831832,3129.238775435511,0.3289150449263754,0.3351671671671672,3128.345657878825
3,0.3691841841841842,3129.351992960209,0.3289150449263754,0.3351671671671672,3128.345657878825
3,0.3711851851851852,3129.47143672448,0.3289150449263754,0.3351671671671672,3128.345657878825
3,0.3731861861861862,3129.597023149264,0.3289150449263754,0.3351671671671672,3128.345657878825
3,0.3751871871871872,3129.728669494662,0.3289150449263754,0.3351671671671672,3128.345657878825
3,0.3771881881881882,3129.866293851263,0.3289150449263754,0.3351671671671672,3128.345657878825
3,0.3791891891891892,3130.009815131702,0.3289150449263754,0.3351671671671672,3128.345657878825
3,0.3811901901901902,3130.159153062315,0.3289150449263754,0.3351671671671672,3128.345657878825
3,0.3831911911911912,3130.314228174924,0.3289150449263754,0.3351671671671672,3128.345657878825
3,0.3851921921921922,3130.474961798709,0.3289150449263754,0.3351671671671672,3128.345657878825
3,0.3871931931931932,3130.641276052252,0.3289150449263754,0.3351671671671672,3128.345657878825
3,0.3891941941941942,3130.813093835652,0.3289150449263754,0.3351671671671672,3128.345657878825
3,0.3911951951951952,3130.990338822789,0.3289150449263754,0.3351671671671672,3128.345657878825
3,0.3931961961961962,3131.17293545366,0.3289150449263754,0.3351671671671672,3128.345657878825
3,0.3951971971971972,3131.360808926839,0.3289150449263754,0.3351671671671672,3128.345657878825
3,0.3971981981981982,3131.553885192038,0.3289150449263754,0.3351671671671672,3128.345657878825
3,0.3991991991991992,3131.752090942776,0.3289150449263754,0.3351671671671672,3128.345657878825
3,0.4012002002002002,3131.955353609155,0.3289150449263754,0.3351671671671672,3128.345657878825
3,0.4032012012012012,3132.163601350667,0.3289150449263754,0.3351671671671672,3128.345657878825
3,0.4052022022022022,3132.376763049186,0.3289150449263754,0.3351671671671672,3128.345657878825
3,0.4072032032032032,3132.594768302031,0.3289150449263754,0.3351671671671672,3128.345657878825
3,0.4092042042042042,3132.817547415013,0.3289150449263754,0.3351671671671672,3128.345657878825
3,0.4112052052052052,3133.045031395737,0.3289150449263754,0.3351671671671672,3128.345657878825
3,0.4132062062062062,3133.277151946859,0.3289150449263754,0.3351671671671672,3128.345657878825
3,0.4152072072072072,3133.513841459478,0.3289150449263754,0.3351671671671672,3128.345657878825
3,0.4172082082082082,3133.755033006627,0.3289150449263754,0.3351671671671672,3128.345657878825
3,0.4192092092092092,3134.000660336774,0.3289150449263754,0.3351671671671672,3128.345657878825
3,0.4212102102102102,3134.250657867472,0.3289150449263754,0.3351671671671672,3128.345657878825
3,0.4232112112112112,3134.50496067908,0.3289150449263754,0.3351671671671672,3128.345657878825
3,0.4252122122122122,3134.763504508477,0.3289150449263754,0.3351671671671672,3128.345657878825
3,0.4272132132132132,3135.026225742976,0.3289150449263754,0.3351671671671672,3128.345657878825
3,0.4292142142142142,3135.293061414187,0.3289150449263754,0.3351671671671672,3128.345657878825
3,0.4312152152152152,3135.563949192043,0.3289150449263754,0.3351671671671672,3128.345657878825
3,0.4332162162162162,3135.838827378827,0.3289150449263754,0.3351671671671672,3128.345657878825
3,0.4352172172172172,3136.117634903328,0.3289150449263754,0.3351671671671672,3128.345657878825
3,0.4372182182182182,3136.400311314983,0.3289150449263754,0.3351671671671672,3128.345657878825
3,0.4392192192192192,3136.686796778188,0.3289150449263754,0.3351671671671672,3128.345657878825
3,0.4412202202202202,3136.977032066559,0.3289150449263754,0.3351671671671672,3128.345657878825
3,0.4432212212212212,3137.27095855735,0.3289150449263754,0.3351671671671672,3128.345657878825
3,0.4452222222222222,3137.568518225876,0.3289150449263754,0.3351671671671672,3128.345657878825
3,0.4472232232232232,3137.869653640011,0.3289150449263754,0.3351671671671672,3128.345657878825
3,0.4492242242242243,3138.17430795476,0.3289150449263754,0.3351671671671672,3128.345657878825
3,0.4512252252252252,3138.482424906852,0.3289150449263754,0.3351671671671672,3128.345657878825
3,0.4532262262262262,3138.793948809437,0.3289150449263754,0.3351671671671672,3128.345657878825
3,0.4552272272272272,3139.108824546793,0.3289150449263754,0.3351671671671672,3128.345657878825
3,0.4572282282282282,3139.426997569114,0.3289150449263754,0.3351671671671672,3128.345657878825
3,0.4592292292292292,3139.748413887364,0.3289150449263754,0.3351671671671672,3128.345657878825
3,0.4612302302302302,3140.073020068141,0.3289150449263754,0.3351671671671672,3128.345657878825
3,0.4632312312312312,3140.400763228629,0.3289150449263754,0.3351671671671672,3128.345657878825
3,0.4652322322322323,3140.731591031599,0.3289150449263754,0.3351671671671672,3128.345657878825
3,0.4672332332332332,3141.065451680432,0.3289150449263754,0.3351671671671672,3128.345657878825
3,0.4692342342342342,3141.402293914222,0.3289150449263754,0.3351671671671672,3128.345657878825
3,0.4712352352352353,3141.742067002931,0.3289150449263754,0.3351671671671672,3128.345657878825
3,0.4732362362362362,3142.084720742533,0.3289150449263754,0.3351671671671672,3128.345657878825
3,0.4752372372372373,3142.430205450306,0.3289150449263754,0.3351671671671672,3128.345657878825
3,0.4772382382382382,3142.778471960082,0.3289150449263754,0.3351671671671672,3128.345657878825
3,0.4792392392392392,3143.129471617565,0.3289150449263754,0.3351671671671672,3128.345657878825
3,0.4812402402402403,3143.483156275748,0.3289150449263754,0.3351671671671672,3128.345657878825
3,0.4832412412412412,3143.839478290272,0.3289150449263754,0.3351671671671672,3128.345657878825
3,0.4852422422422423,3144.198390514934,0.3289150449263754,0.3351671671671672,3128.345657878825
3,0.4872432432432433,3144.559846297164,0.3289150449263754,0.3351671671671672,3128.345657878825
3,0.4892442442442442,3144.923799473601,0.3289150449263754,0.3351671671671672,3128.345657878825
3,0.4912452452452453,3145.290204365651,0.3289150449263754,0.3351671671671672,3128.345657878825
3,0.4932462462462462,3145.659015775118,0.3289150449263754,0.3351671671671672,3128.345657878825
3,0.4952472472472472,3146.03018897991,0.3289150449263754,0.3351671671671672,3128.345657878825
3,0.4972482482482483,3146.403679729714,0.3289150449263754,0.3351671671671672,3128.345657878825
3,0.4992492492492492,3146.779444241763,0.3289150449263754,0.3351671671671672,3128.345657878825
3,0.5012502502502503,3147.157439196616,0.3289150449263754,0.3351671671671672,3128.345657878825
3,0.5032512512512513,3147.537621734009,0.3289150449263754,0.3351671671671672,3128.345657878825
3,0.5052522522522522,3147.919949448695,0.3289150449263754,0.3351671671671672,3128.345657878825
3,0.5072532532532532,3148.304380386361,0.3289150449263754,0.3351671671671672,3128.345657878825
3,0.5092542542542543,3148.690873039582,0.3289150449263754,0.3351671671671672,3128.345657878825
3,0.5112552552552553,3149.079386343774,0.3289150449263754,0.3351671671671672,3128.345657878825
3,0.5132562562562563,3149.469879673222,0.3289150449263754,0.3351671671671672,3128.345657878825
3,0.5152572572572572,3149.86231283714,0.3289150449263754,0.3351671671671672,3128.345657878825
3,0.5172582582582582,3150.256646075745,0.3289150449263754,0.3351671671671672,3128.345657878825
3,0.5192592592592593,3150.652840056377,0.3289150449263754,0.3351671671671672,3128.345657878825
3,0.5212602602602603,3151.050855869664,0.3289150449263754,0.3351671671671672,3128.345657878825
3,0.5232612612612613,3151.450655025696,0.3289150449263754,0.3351671671671672,3128.345657878825
3,0.5252622622622622,3151.852199450271,0.3289150449263754,0.3351671671671672,3128.345657878825
3,0.5272632632632632,3152.255451481135,0.3289150449263754,0.3351671671671672,3128.345657878825
3,0.5292642642642643,3152.660373864273,0.3289150449263754,0.3351671671671672,3128.345657878825
3,0.5312652652652653,3153.066929750235,0.3289150449263754,0.3351671671671672,3128.345657878825
3,0.5332662662662663,3153.475082690497,0.3289150449263754,0.3351671671671672,3128.345657878825
3,0.5352672672672673,3153.884796633823,0.3289150449263754,0.3351671671671672,3128.345657878825
3,0.5372682682682682,3154.296035922721,0.3289150449263754,0.3351671671671672,3128.345657878825
3,0.5392692692692693,3154.708765289869,0.3289150449263754,0.3351671671671672,3128.345657878825
3,0.5412702702702703,3155.122949854568,0.3289150449263754,0.3351671671671672,3128.345657878825
3,0.5432712712712713,3155.538555119319,0.3289150449263754,0.3351671671671672,3128.345657878825
3,0.5452722722722723,3155.955546966301,0.3289150449263754,0.3351671671671672,3128.345657878825
3,0.5472732732732732,3156.373891653985,0.3289150449263754,0.3351671671671672,3128.345657878825
3,0.5492742742742743,3156.793555813683,0.3289150449263754,0.3351671671671672,3128.345657878825
3,0.5512752752752753,3157.214506446249,0.3289150449263754,0.3351671671671672,3128.345657878825
3,0.5532762762762763,3157.636710918665,0.3289150449263754,0.3351671671671672,3128.345657878825
3,0.5552772772772773,3158.060136960772,0.3289150449263754,0.3351671671671672,3128.345657878825
3,0.5572782782782782,3158.484752661971,0.3289150449263754,0.3351671671671672,3128.345657878825
3,0.5592792792792792,3158.91052646796,0.3289150449263754,0.3351671671671672,3128.345657878825
3,0.5612802802802803,3159.337427177522,0.3289150449263754,0.3351671671671672,3128.345657878825
3,0.5632812812812813,3159.765423939292,0.3289150449263754,0.3351671671671672,3128.345657878825
3,0.5652822822822823,3160.194486248633,0.3289150449263754,0.3351671671671672,3128.345657878825
3,0.5672832832832833,3160.624583944422,0.3289150449263754,0.3351671671671672,3128.345657878825
3,0.5692842842842842,3161.055687205988,0.3289150449263754,0.3351671671671672,3128.345657878825
3,0.5712852852852853,3161.487766549985,0.3289150449263754,0.3351671671671672,3128.345657878825
3,0.5732862862862863,3161.920792827332,0.3289150449263754,0.3351671671671672,3128.345657878825
3,0.5752872872872873,3162.35473722016,0.3289150449263754,0.3351671671671672,3128.345657878825
3,0.5772882882882883,3162.789571238817,0.3289150449263754,0.3351671671671672,3128.345657878825
3,0.5792892892892892,3163.225266718855,0.3289150449263754,0.3351671671671672,3128.345657878825
3,0.5812902902902903,3163.661795818074,0.3289150449263754,0.3351671671671672,3128.345657878825
3,0.5832912912912913,3164.099131013581,0.3289150449263754,0.3351671671671672,3128.345657878825
3,0.5852922922922923,3164.537245098868,0.3289150449263754,0.3351671671671672,3128.345657878825
3,0.5872932932932933,3164.9761111809,0.3289150449263754,0.3351671671671672,3128.345657878825
3,0.5892942942942943,3165.415702677305,0.3289150449263754,0.3351671671671672,3128.345657878825
3,0.5912952952952953,3165.855993313465,0.3289150449263754,0.3351671671671672,3128.345657878825
3,0.5932962962962963,3166.296957119732,0.3289150449263754,0.3351671671671672,3128.345657878825
3,0.5952972972972973,3166.738568428614,0.3289150449263754,0.3351671671671672,3128.345657878825
3,0.5972982982982983,3167.180801872011,0.3289150449263754,0.3351671671671672,3128.345657878825
3,0.5992992992992993,3167.623632378465,0.3289150449263754,0.3351671671671672,3128.345657878825
3,0.6013003003003003,3168.067035170432,0.3289150449263754,0.3351671671671672,3128.345657878825
3,0.6033013013013013,3168.510985761563,0.3289150449263754,0.3351671671671672,3128.345657878825
3,0.6053023023023023,3168.955459954053,0.3289150449263754,0.3351671671671672,3128.345657878825
3,0.6073033033033033,3169.400433835929,0.3289150449263754,0.3351671671671672,3128.345657878825
3,0.6093043043043043,3169.845883778483,0.3289150449263754,0.3351671671671672,3128.345657878825
3,0.6113053053053054,3170.291786433574,0.3289150449263754,0.3351671671671672,3128.345657878825
3,0.6133063063063063,3170.738118731113,0.3289150449263754,0.3351671671671672,3128.345657878825
3,0.6153073073073073,3171.184857876438,0.3289150449263754,0.3351671671671672,3128.345657878825
3,0.6173083083083083,3171.631981347781,0.3289150449263754,0.3351671671671672,3128.345657878825
3,0.6193093093093093,3172.079466893739,0.3289150449263754,0.3351671671671672,3128.345657878825
3,0.6213103103103104,3172.527292530749,0.3289150449263754,0.3351671671671672,3128.345657878825
3,0.6233113113113113,3172.975436540629,0.3289150449263754,0.3351671671671672,3128.345657878825
3,0.6253123123123123,3173.423877468085,0.3289150449263754,0.3351671671671672,3128.345657878825
3,0.6273133133133133,3173.872594118279,0.3289150449263754,0.3351671671671672,3128.345657878825
3,0.6293143143143143,3174.321565554385,0.3289150449263754,0.3351671671671672,3128.345657878825
3,0.6313153153153154,3174.770771095196,0.3289150449263754,0.3351671671671672,3128.345657878825
3,0.6333163163163164,3175.220190312749,0.3289150449263754,0.3351671671671672,3128.345657878825
3,0.6353173173173173,3175.669803029925,0.3289150449263754,0.3351671671671672,3128.345657878825
3,0.6373183183183183,3176.119589318136,0.3289150449263754,0.3351671671671672,3128.345657878825
3,0.6393193193193193,3176.569529494965,0.3289150449263754,0.3351671671671672,3128.345657878825
3,0.6413203203203203,3177.019604121885,0.3289150449263754,0.3351671671671672,3128.345657878825
3,0.6433213213213214,3177.469794001954,0.3289150449263754,0.3351671671671672,3128.345657878825
3,0.6453223223223223,3177.92008017755,0.3289150449263754,0.3351671671671672,3128.345657878825
3,0.6473233233233233,3178.37044392813,0.3289150449263754,0.3351671671671672,3128.345657878825
3,0.6493243243243243,3178.820866767966,0.3289150449263754,0.3351671671671672,3128.345657878825
3,0.6513253253253253,3179.271330443959,0.3289150449263754,0.3351671671671672,3128.345657878825
3,0.6533263263263264,3179.721816933443,0.3289150449263754,0.3351671671671672,3128.345657878825
3,0.6553273273273273,3180.172308441989,0.3289150449263754,0.3351671671671672,3128.345657878825
3,0.6573283283283283,3180.622787401252,0.3289150449263754,0.3351671671671672,3128.345657878825
3,0.6593293293293293,3181.073236466842,0.3289150449263754,0.3351671671671672,3128.345657878825
3,0.6613303303303303,3181.523638516189,0.3289150449263754,0.3351671671671672,3128.345657878825
3,0.6633313313313314,3181.973976646432,0.3289150449263754,0.3351671671671672,3128.345657878825
3,0.6653323323323324,3182.424234172335,0.3289150449263754,0.3351671671671672,3128.345657878825
3,0.6673333333333333,3182.874394624232,0.3289150449263754,0.3351671671671672,3128.345657878825
3,0.6693343343343343,3183.324441745931,0.3289150449263754,0.3351671671671672,3128.345657878825
3,0.6713353353353353,3183.774359492742,0.3289150449263754,0.3351671671671672,3128.345657878825
3,0.6733363363363364,3184.224132029375,0.3289150449263754,0.3351671671671672,3128.345657878825
3,0.6753373373373374,3184.673743728014,0.3289150449263754,0.3351671671671672,3128.345657878825
3,0.6773383383383383,3185.123179166269,0.3289150449263754,0.3351671671671672,3128.345657878825
3,0.6793393393393393,3185.572423125262,0.3289150449263754,0.3351671671671672,3128.345657878825
3,0.6813403403403403,3186.021460587624,0.3289150449263754,0.3351671671671672,3128.345657878825
3,0.6833413413413414,3186.470276735578,0.3289150449263754,0.3351671671671672,3128.345657878825
3,0.6853423423423424,3186.918856949025,0.3289150449263754,0.3351671671671672,3128.345657878825
3,0.6873433433433433,3187.367186803633,0.3289150449263754,0.3351671671671672,3128.345657878825
3,0.6893443443443443,3187.815252068929,0.3289150449263754,0.3351671671671672,3128.345657878825
3,0.6913453453453453,3188.263038706462,0.3289150449263754,0.3351671671671672,3128.345657878825
3,0.6933463463463464,3188.710532867924,0.3289150449263754,0.3351671671671672,3128.345657878825
3,0.6953473473473474,3189.157720893289,0.3289150449263754,0.3351671671671672,3128.345657878825
3,0.6973483483483484,3189.604589309026,0.3289150449263754,0.3351671671671672,3128.345657878825
3,0.6993493493493493,3190.05112482626,0.3289150449263754,0.3351671671671672,3128.345657878825
3,0.7013503503503503,3190.497314338976,0.3289150449263754,0.3351671671671672,3128.345657878825
3,0.7033513513513514,3190.94314492226,0.3289150449263754,0.3351671671671672,3128.345657878825
3,0.7053523523523524,3191.388603830494,0.3289150449263754,0.3351671671671672,3128.345657878825
3,0.7073533533533534,3191.833678495645,0.3289150449263754,0.3351671671671672,3128.345657878825
3,0.7093543543543543,3192.278356525508,0.3289150449263754,0.3351671671671672,3128.345657878825
3,0.7113553553553553,3192.722625701975,0.3289150449263754,0.3351671671671672,3128.345657878825
3,0.7133563563563564,3193.166473979336,0.3289150449263754,0.3351671671671672,3128.345657878825
3,0.7153573573573574,3193.609889482596,0.3289150449263754,0.3351671671671672,3128.345657878825
3,0.7173583583583584,3194.052860505789,0.3289150449263754,0.3351671671671672,3128.345657878825
3,0.7193593593593594,3194.495375510287,0.3289150449263754,0.3351671671671672,3128.345657878825
3,0.7213603603603603,3194.937423123198,0.3289150449263754,0.3351671671671672,3128.345657878825
3,0.7233613613613614,3195.378992135688,0.3289150449263754,0.3351671671671672,3128.345657878825
3,0.7253623623623624,3195.820071501366,0.3289150449263754,0.3351671671671672,3128.345657878825
3,0.7273633633633634,3196.260650334695,0.3289150449263754,0.3351671671671672,3128.345657878825
3,0.7293643643643644,3196.700717909363,0.3289150449263754,0.3351671671671672,3128.345657878825
3,0.7313653653653653,3197.14026365673,0.3289150449263754,0.3351671671671672,3128.345657878825
3,0.7333663663663663,3197.579277164241,0.3289150449263754,0.3351671671671672,3128.345657878825
3,0.7353673673673674,3198.017748173875,0.3289150449263754,0.3351671671671672,3128.345657878825
3,0.7373683683683684,3198.455666580606,0.3289150449263754,0.3351671671671672,3128.345657878825
3,0.7393693693693694,3198.893022430866,0.3289150449263754,0.3351671671671672,3128.345657878825
3,0.7413703703703703,3199.329805921017,0.3289150449263754,0.3351671671671672,3128.345657878825
3,0.7433713713713713,3199.766007395892,0.3289150449263754,0.3351671671671672,3128.345657878825
3,0.7453723723723724,3200.201617347255,0.3289150449263754,0.3351671671671672,3128.345657878825
3,0.7473733733733734,3200.636626412333,0.3289150449263754,0.3351671671671672,3128.345657878825
3,0.7493743743743744,3201.071025372366,0.3289150449263754,0.3351671671671672,3128.345657878825
3,0.7513753753753754,3201.504805151157,0.3289150449263754,0.3351671671671672,3128.345657878825
3,0.7533763763763763,3201.937956813596,0.3289150449263754,0.3351671671671672,3128.345657878825
3,0.7553773773773774,3202.370471564268,0.3289150449263754,0.3351671671671672,3128.345657878825
3,0.7573783783783784,3202.802340746032,0.3289150449263754,0.3351671671671672,3128.345657878825
3,0.7593793793793794,3203.233555838583,0.3289150449263754,0.3351671671671672,3128.345657878825
3,0.7613803803803804,3203.664108457098,0.3289150449263754,0.3351671671671672,3128.345657878825
3,0.7633813813813813,3204.093990350851,0.3289150449263754,0.3351671671671672,3128.345657878825
3,0.7653823823823824,3204.523193401808,0.3289150449263754,0.3351671671671672,3128.345657878825
3,0.7673833833833834,3204.951709623321,0.3289150449263754,0.3351671671671672,3128.345657878825
3,0.7693843843843844,3205.379531158752,0.3289150449263754,0.3351671671671672,3128.345657878825
3,0.7713853853853854,3205.806650280138,0.3289150449263754,0.3351671671671672,3128.345657878825
3,0.7733863863863863,3206.233059386878,0.3289150449263754,0.3351671671671672,3128.345657878825
3,0.7753873873873874,3206.658751004425,0.3289150449263754,0.3351671671671672,3128.345657878825
3,0.7773883883883884,3207.083717782983,0.3289150449263754,0.3351671671671672,3128.345657878825
3,0.7793893893893894,3207.507952496215,0.3289150449263754,0.3351671671671672,3128.345657878825
3,0.7813903903903904,3207.931448039951,0.3289150449263754,0.3351671671671672,3128.345657878825
3,0.7833913913913914,3208.354197430974,0.3289150449263754,0.3351671671671672,3128.345657878825
3,0.7853923923923924,3208.776193805695,0.3289150449263754,0.3351671671671672,3128.345657878825
3,0.7873933933933934,3209.197430418958,0.3289150449263754,0.3351671671671672,3128.345657878825
3,0.7893943943943944,3209.617900642784,0.3289150449263754,0.3351671671671672,3128.345657878825
3,0.7913953953953954,3210.03759796517,0.3289150449263754,0.3351671671671672,3128.345657878825
3,0.7933963963963964,3210.456515988846,0.3289150449263754,0.3351671671671672,3128.345657878825
3,0.7953973973973975,3210.874648430086,0.3289150449263754,0.3351671671671672,3128.345657878825
3,0.7973983983983984,3211.291989117538,0.3289150449263754,0.3351671671671672,3128.345657878825
3,0.7993993993993994,3211.708531990997,0.3289150449263754,0.3351671671671672,3128.345657878825
3,0.8014004004004004,3212.124271100291,0.3289150449263754,0.3351671671671672,3128.345657878825
3,0.8034014014014014,3212.539200604058,0.3289150449263754,0.3351671671671672,3128.345657878825
3,0.8054024024024025,3212.953314768665,0.3289150449263754,0.3351671671671672,3128.345657878825
3,0.8074034034034034,3213.366607966994,0.3289150449263754,0.3351671671671672,3128.345657878825
3,0.8094044044044044,3213.77907467737,0.3289150449263754,0.3351671671671672,3128.345657878825
3,0.8114054054054054,3214.190709482418,0.3289150449263754,0.3351671671671672,3128.345657878825
3,0.8134064064064064,3214.601507067945,0.3289150449263754,0.3351671671671672,3128.345657878825
3,0.8154074074074074,3215.01146222185,0.3289150449263754,0.3351671671671672,3128.345657878825
3,0.8174084084084084,3215.420569833024,0.3289150449263754,0.3351671671671672,3128.345657878825
3,0.8194094094094094,3215.828824890289,0.3289150449263754,0.3351671671671672,3128.345657878825
3,0.8214104104104104,3216.236222481296,0.3289150449263754,0.3351671671671672,3128.345657878825
3,0.8234114114114114,3216.642757791486,0.3289150449263754,0.3351671671671672,3128.345657878825
3,0.8254124124124124,3217.048426103013,0.3289150449263754,0.3351671671671672,3128.345657878825
3,0.8274134134134135,3217.453222793735,0.3289150449263754,0.3351671671671672,3128.345657878825
3,0.8294144144144144,3217.857143336143,0.3289150449263754,0.3351671671671672,3128.345657878825
3,0.8314154154154154,3218.260183296361,0.3289150449263754,0.3351671671671672,3128.345657878825
3,0.8334164164164164,3218.662338333108,0.3289150449263754,0.3351671671671672,3128.345657878825
3,0.8354174174174174,3219.063604196706,0.3289150449263754,0.3351671671671672,3128.345657878825
3,0.8374184184184185,3219.463976728083,0.3289150449263754,0.3351671671671672,3128.345657878825
3,0.8394194194194194,3219.86345185776,0.3289150449263754,0.3351671671671672,3128.345657878825
3,0.8414204204204204,3220.262025604914,0.3289150449263754,0.3351671671671672,3128.345657878825
3,0.8434214214214214,3220.659694076356,0.3289150449263754,0.3351671671671672,3128.345657878825
3,0.8454224224224224,3221.056453465595,0.3289150449263754,0.3351671671671672,3128.345657878825
3,0.8474234234234235,3221.452300051877,0.3289150449263754,0.3351671671671672,3128.345657878825
3,0.8494244244244245,3221.847230199249,0.3289150449263754,0.3351671671671672,3128.345657878825
3,0.8514254254254254,3222.241240355592,0.3289150449263754,0.3351671671671672,3128.345657878825
3,0.8534264264264264,3222.634327051734,0.3289150449263754,0.3351671671671672,3128.345657878825
3,0.8554274274274274,3223.026486900486,0.3289150449263754,0.3351671671671672,3128.345657878825
3,0.8574284284284285,3223.417716595761,0.3289150449263754,0.3351671671671672,3128.345657878825
3,0.8594294294294295,3223.808012911646,0.3289150449263754,0.3351671671671672,3128.345657878825
3,0.8614304304304304,3224.197372701526,0.3289150449263754,0.3351671671671672,3128.345657878825
3,0.8634314314314314,3224.58579289717,0.3289150449263754,0.3351671671671672,3128.345657878825
3,0.8654324324324324,3224.97327050788,0.3289150449263754,0.3351671671671672,3128.345657878825
3,0.8674334334334335,3225.359802619595,0.3289150449263754,0.3351671671671672,3128.345657878825
3,0.8694344344344345,3225.74538639404,0.3289150449263754,0.3351671671671672,3128.345657878825
3,0.8714354354354354,3226.130019067864,0.3289150449263754,0.3351671671671672,3128.345657878825
3,0.8734364364364364,3226.513697951776,0.3289150449263754,0.3351671671671672,3128.345657878825
3,0.8754374374374374,3226.896420429735,0.3289150449263754,0.3351671671671672,3128.345657878825
3,0.8774384384384385,3227.278183958098,0.3289150449263754,0.3351671671671672,3128.345657878825
3,0.8794394394394395,3227.658986064772,0.3289150449263754,0.3351671671671672,3128.345657878825
3,0.8814404404404405,3228.038824348454,0.3289150449263754,0.3351671671671672,3128.345657878825
3,0.8834414414414414,3228.417696477755,0.3289150449263754,0.3351671671671672,3128.345657878825
3,0.8854424424424424,3228.795600190433,0.3289150449263754,0.3351671671671672,3128.345657878825
3,0.8874434434434435,3229.172533292586,0.3289150449263754,0.3351671671671672,3128.345657878825
3,0.8894444444444445,3229.548493657867,0.3289150449263754,0.3351671671671672,3128.345657878825
3,0.8914454454454455,3229.923479226692,0.3289150449263754,0.3351671671671672,3128.345657878825
3,0.8934464464464464,3230.297488005482,0.3289150449263754,0.3351671671671672,3128.345657878825
3,0.8954474474474474,3230.670518065882,0.3289150449263754,0.3351671671671672,3128.345657878825
3,0.8974484484484485,3231.042567544002,0.3289150449263754,0.3351671671671672,3128.345657878825
3,0.8994494494494495,3231.413634639654,0.3289150449263754,0.3351671671671672,3128.345657878825
3,0.9014504504504505,3231.783717615637,0.3289150449263754,0.3351671671671672,3128.345657878825
3,0.9034514514514514,3232.152814796955,0.3289150449263754,0.3351671671671672,3128.345657878825
3,0.9054524524524524,3232.520924570118,0.3289150449263754,0.3351671671671672,3128.345657878825
3,0.9074534534534534,3232.88804538239,0.3289150449263754,0.3351671671671672,3128.345657878825
3,0.9094544544544545,3233.254175741095,0.3289150449263754,0.3351671671671672,3128.345657878825
3,0.9114554554554555,3233.619314212878,0.3289150449263754,0.3351671671671672,3128.345657878825
3,0.9134564564564565,3233.983459423011,0.3289150449263754,0.3351671671671672,3128.345657878825
3,0.9154574574574574,3234.346610054707,0.3289150449263754,0.3351671671671672,3128.345657878825
3,0.9174584584584584,3234.708764848381,0.3289150449263754,0.3351671671671672,3128.345657878825
3,0.9194594594594595,3235.069922601043,0.3289150449263754,0.3351671671671672,3128.345657878825
3,0.9214604604604605,3235.430082165514,0.3289150449263754,0.3351671671671672,3128.345657878825
3,0.9234614614614615,3235.789242449848,0.3289150449263754,0.3351671671671672,3128.345657878825
3,0.9254624624624624,3236.147402416606,0.3289150449263754,0.3351671671671672,3128.345657878825
3,0.9274634634634634,3236.504561082202,0.3289150449263754,0.3351671671671672,3128.345657878825
3,0.9294644644644645,3236.860717516282,0.3289150449263754,0.3351671671671672,3128.345657878825
3,0.9314654654654655,3237.215870841023,0.3289150449263754,0.3351671671671672,3128.345657878825
3,0.9334664664664665,3237.570020230531,0.3289150449263754,0.3351671671671672,3128.345657878825
3,0.9354674674674675,3237.923164910179,0.3289150449263754,0.3351671671671672,3128.345657878825
3,0.9374684684684684,3238.275304156001,0.3289150449263754,0.3351671671671672,3128.345657878825
3,0.9394694694694695,3238.626437294038,0.3289150449263754,0.3351671671671672,3128.345657878825
3,0.9414704704704705,3238.976563699733,0.3289150449263754,0.3351671671671672,3128.345657878825
3,0.9434714714714715,3239.325682797316,0.3289150449263754,0.3351671671671672,3128.345657878825
3,0.9454724724724725,3239.673794059208,0.3289150449263754,0.3351671671671672,3128.345657878825
3,0.9474734734734734,3240.020897005403,0.3289150449263754,0.3351671671671672,3128.345657878825
3,0.9494744744744745,3240.366991202865,0.3289150449263754,0.3351671671671672,3128.345657878825
3,0.9514754754754755,3240.712076264965,0.3289150449263754,0.3351671671671672,3128.345657878825
3,0.9534764764764765,3241.056151850871,0.3289150449263754,0.3351671671671672,3128.345657878825
3,0.9554774774774775,3241.399217664977,0.3289150449263754,0.3351671671671672,3128.345657878825
3,0.9574784784784784,3241.741273456347,0.3289150449263754,0.3351671671671672,3128.345657878825
3,0.9594794794794795,3242.082319018107,0.3289150449263754,0.3351671671671672,3128.345657878825
3,0.9614804804804805,3242.422354186913,0.3289150449263754,0.3351671671671672,3128.345657878825
3,0.9634814814814815,3242.761378842392,0.3289150449263754,0.3351671671671672,3128.345657878825
3,0.9654824824824825,3243.099392906577,0.3289150449263754,0.3351671671671672,3128.345657878825
3,0.9674834834834835,3243.436396343367,0.3289150449263754,0.3351671671671672,3128.345657878825
3,0.9694844844844845,3243.772389157987,0.3289150449263754,0.3351671671671672,3128.345657878825
3,0.9714854854854855,3244.107371396449,0.3289150449263754,0.3351671671671672,3128.345657878825
3,0.9734864864864865,3244.441343145011,0.3289150449263754,0.3351671671671672,3128.345657878825
3,0.9754874874874875,3244.774304529684,0.3289150449263754,0.3351671671671672,3128.345657878825
3,0.9774884884884885,3245.10625571566,0.3289150449263754,0.3351671671671672,3128.345657878825
3,0.9794894894894896,3245.437196906852,0.3289150449263754,0.3351671671671672,3128.345657878825
3,0.9814904904904905,3245.767128345328,0.3289150449263754,0.3351671671671672,3128.345657878825
3,0.9834914914914915,3246.096050310854,0.3289150449263754,0.3351671671671672,3128.345657878825
3,0.9854924924924925,3246.423963120349,0.3289150449263754,0.3351671671671672,3128.345657878825
3,0.9874934934934935,3246.750867127437,0.3289150449263754,0.3351671671671672,3128.345657878825
3,0.9894944944944944,3247.076762721913,0.3289150449263754,0.3351671671671672,3128.345657878825
3,0.9914954954954955,3247.401650329269,0.3289150449263754,0.3351671671671672,3128.345657878825
3,0.9934964964964965,3247.725530410228,0.3289150449263754,0.3351671671671672,3128.345657878825
3,0.9954974974974975,3248.048403460245,0.3289150449263754,0.3351671671671672,3128.345657878825
3,0.9974984984984985,3248.370270009049,0.3289150449263754,0.3351671671671672,3128.345657878825
3,0.9994994994994995,3248.691130620174,0.3289150449263754,0.3351671671671672,3128.345657878825
3,1.0015005005005,3249.010985890487,0.3289150449263754,0.3351671671671672,3128.345657878825
3,1.003501501501501,3249.32983644973,0.3289150449263754,0.3351671671671672,3128.345657878825
3,1.005502502502502,3249.647682960084,0.3289150449263754,0.3351671671671672,3128.345657878825
3,1.007503503503503,3249.964526115696,0.3289150449263754,0.3351671671671672,3128.345657878825
3,1.009504504504504,3250.280366642248,0.3289150449263754,0.3351671671671672,3128.345657878825
3,1.011505505505505,3250.595205296509,0.3289150449263754,0.3351671671671672,3128.345657878825
3,1.013506506506506,3250.909042865912,0.3289150449263754,0.3351671671671672,3128.345657878825
3,1.015507507507508,3251.221880168089,0.3289150449263754,0.3351671671671672,3128.345657878825
3,1.017508508508508,3251.533718050485,0.3289150449263754,0.3351671671671672,3128.345657878825
3,1.019509509509509,3251.844557389922,0.3289150449263754,0.3351671671671672,3128.345657878825
3,1.02151051051051,3252.154399092146,0.3289150449263754,0.3351671671671672,3128.345657878825
3,1.023511511511511,3252.463244091467,0.3289150449263754,0.3351671671671672,3128.345657878825
3,1.025512512512512,3252.771093350298,0.3289150449263754,0.3351671671671672,3128.345657878825
3,1.027513513513513,3253.077947858792,0.3289150449263754,0.3351671671671672,3128.345657878825
3,1.029514514514514,3253.383808634399,0.3289150449263754,0.3351671671671672,3128.345657878825
3,1.031515515515515,3253.688676721491,0.3289150449263754,0.3351671671671672,3128.345657878825
3,1.033516516516516,3253.99255319097,0.3289150449263754,0.3351671671671672,3128.345657878825
3,1.035517517517517,3254.295439139868,0.3289150449263754,0.3351671671671672,3128.345657878825
3,1.037518518518519,3254.597335690949,0.3289150449263754,0.3351671671671672,3128.345657878825
3,1.039519519519519,3254.898243992357,0.3289150449263754,0.3351671671671672,3128.345657878825
3,1.04152052052052,3255.198165217202,0.3289150449263754,0.3351671671671672,3128.345657878825
3,1.043521521521521,3255.497100563221,0.3289150449263754,0.3351671671671672,3128.345657878825
3,1.045522522522522,3255.795051252373,0.3289150449263754,0.3351671671671672,3128.345657878825
3,1.047523523523523,3256.092018530493,0.3289150449263754,0.3351671671671672,3128.345657878825
3,1.049524524524524,3256.38800366692,0.3289150449263754,0.3351671671671672,3128.345657878825
3,1.051525525525525,3256.683007954142,0.3289150449263754,0.3351671671671672,3128.345657878825
3,1.053526526526526,3256.977032707429,0.3289150449263754,0.3351671671671672,3128.345657878825
3,1.055527527527527,3257.270079264496,0.3289150449263754,0.3351671671671672,3128.345657878825
3,1.057528528528529,3257.562148985144,0.3289150449263754,0.3351671671671672,3128.345657878825
3,1.05952952952953,3257.853243250909,0.3289150449263754,0.3351671671671672,3128.345657878825
3,1.06153053053053,3258.143363464735,0.3289150449263754,0.3351671671671672,3128.345657878825
3,1.063531531531531,3258.43251105063,0.3289150449263754,0.3351671671671672,3128.345657878825
3,1.065532532532532,3258.720687453318,0.3289150449263754,0.3351671671671672,3128.345657878825
3,1.067533533533533,3259.007894137927,0.3289150449263754,0.3351671671671672,3128.345657878825
3,1.069534534534534,3259.294132589656,0.3289150449263754,0.3351671671671672,3128.345657878825
3,1.071535535535535,3259.579404313444,0.3289150449263754,0.3351671671671672,3128.345657878825
3,1.073536536536536,3259.863710833636,0.3289150449263754,0.3351671671671672,3128.345657878825
3,1.075537537537537,3260.147053693712,0.3289150449263754,0.3351671671671672,3128.345657878825
3,1.077538538538539,3260.429434455917,0.3289150449263754,0.3351671671671672,3128.345657878825
3,1.07953953953954,3260.710854700986,0.3289150449263754,0.3351671671671672,3128.345657878825
3,1.08154054054054,3260.991316027815,0.3289150449263754,0.3351671671671672,3128.345657878825
3,1.083541541541541,3261.270820053172,0.3289150449263754,0.3351671671671672,3128.345657878825
3,1.085542542542542,3261.549368411399,0.3289150449263754,0.3351671671671672,3128.345657878825
3,1.087543543543543,3261.826962754081,0.3289150449263754,0.3351671671671672,3128.345657878825
3,1.089544544544544,3262.103604749791,0.3289150449263754,0.3351671671671672,3128.345657878825
3,1.091545545545545,3262.37929608378,0.3289150449263754,0.3351671671671672,3128.345657878825
3,1.093546546546546,3262.654038457674,0.3289150449263754,0.3351671671671672,3128.345657878825
3,1.095547547547547,3262.927833589216,0.3289150449263754,0.3351671671671672,3128.345657878825
3,1.097548548548549,3263.200683211969,0.3289150449263754,0.3351671671671672,3128.345657878825
3,1.09954954954955,3263.472589075036,0.3289150449263754,0.3351671671671672,3128.345657878825
3,1.101550550550551,3263.743552942779,0.3289150449263754,0.3351671671671672,3128.345657878825
3,1.103551551551551,3264.013576594544,0.3289150449263754,0.3351671671671672,3128.345657878825
3,1.105552552552552,3264.282661824416,0.3289150449263754,0.3351671671671672,3128.345657878825
3,1.107553553553553,3264.550810440919,0.3289150449263754,0.3351671671671672,3128.345657878825
3,1.109554554554554,3264.818024266749,0.3289150449263754,0.3351671671671672,3128.345657878825
3,1.111555555555555,3265.084305138556,0.3289150449263754,0.3351671671671672,3128.345657878825
3,1.113556556556556,3265.349654906631,0.3289150449263754,0.3351671671671672,3128.345657878825
3,1.115557557557557,3265.614075434679,0.3289150449263754,0.3351671671671672,3128.345657878825
3,1.117558558558558,3265.877568599551,0.3289150449263754,0.3351671671671672,3128.345657878825
3,1.11955955955956,3266.14013629101,0.3289150449263754,0.3351671671671672,3128.345657878825
3,1.121560560560561,3266.401780411469,0.3289150449263754,0.3351671671671672,3128.345657878825
3,1.123561561561562,3266.662502875751,0.3289150449263754,0.3351671671671672,3128.345657878825
3,1.125562562562562,3266.922305610835,0.3289150449263754,0.3351671671671672,3128.345657878825
3,1.127563563563563,3267.181190555629,0.3289150449263754,0.3351671671671672,3128.345657878825
3,1.129564564564564,3267.439159660734,0.3289150449263754,0.3351671671671672,3128.345657878825
3,1.131565565565565,3267.696214888194,0.3289150449263754,0.3351671671671672,3128.345657878825
3,1.133566566566566,3267.952358211273,0.3289150449263754,0.3351671671671672,3128.345657878825
3,1.135567567567567,3268.207591614222,0.3289150449263754,0.3351671671671672,3128.345657878825
3,1.137568568568568,3268.461917092056,0.3289150449263754,0.3351671671671672,3128.345657878825
3,1.13956956956957,3268.715336650326,0.3289150449263754,0.3351671671671672,3128.345657878825
3,1.141570570570571,3268.967852304902,0.3289150449263754,0.3351671671671672,3128.345657878825
3,1.143571571571572,3269.219466081736,0.3289150449263754,0.3351671671671672,3128.345657878825
3,1.145572572572573,3269.47018001666,0.3289150449263754,0.3351671671671672,3128.345657878825
3,1.147573573573573,3269.719996155175,0.3289150449263754,0.3351671671671672,3128.345657878825
3,1.149574574574574,3269.96891655222,0.3289150449263754,0.3351671671671672,3128.345657878825
3,1.151575575575575,3270.216943271982,0.3289150449263754,0.3351671671671672,3128.345657878825
3,1.153576576576576,3270.464078387663,0.3289150449263754,0.3351671671671672,3128.345657878825
3,1.155577577577577,3270.710323981296,0.3289150449263754,0.3351671671671672,3128.345657878825
3,1.157578578578578,3270.955682143549,0.3289150449263754,0.3351671671671672,3128.345657878825
3,1.15957957957958,3271.200154973493,0.3289150449263754,0.3351671671671672,3128.345657878825
3,1.161580580580581,3271.443744578419,0.3289150449263754,0.3351671671671672,3128.345657878825
3,1.163581581581582,3271.686453073659,0.3289150449263754,0.3351671671671672,3128.345657878825
3,1.165582582582583,3271.928282582361,0.3289150449263754,0.3351671671671672,3128.345657878825
3,1.167583583583583,3272.169235235304,0.3289150449263754,0.3351671671671672,3128.345657878825
3,1.169584584584584,3272.409313170746,0.3289150449263754,0.3351671671671672,3128.345657878825
3,1.171585585585585,3272.648518534173,0.3289150449263754,0.3351671671671672,3128.345657878825
3,1.173586586586586,3272.886853478165,0.3289150449263754,0.3351671671671672,3128.345657878825
3,1.175587587587587,3273.124320162186,0.3289150449263754,0.3351671671671672,3128.345657878825
3,1.177588588588588,3273.360920752424,0.3289150449263754,0.3351671671671672,3128.345657878825
3,1.17958958958959,3273.596657421571,0.3289150449263754,0.3351671671671672,3128.345657878825
3,1.181590590590591,3273.831532348707,0.3289150449263754,0.3351671671671672,3128.345657878825
3,1.183591591591592,3274.065547719059,0.3289150449263754,0.3351671671671672,3128.345657878825
3,1.185592592592593,3274.298705723882,0.3289150449263754,0.3351671671671672,3128.345657878825
3,1.187593593593594,3274.531008560264,0.3289150449263754,0.3351671671671672,3128.345657878825
3,1.189594594594594,3274.762458430948,0.3289150449263754,0.3351671671671672,3128.345657878825
3,1.191595595595595,3274.993057544183,0.3289150449263754,0.3351671671671672,3128.345657878825
3,1.193596596596596,3275.22280811356,0.3289150449263754,0.3351671671671672,3128.345657878825
3,1.195597597597597,3275.451712357825,0.3289150449263754,0.3351671671671672,3128.345657878825
3,1.197598598598598,3275.679772500745,0.3289150449263754,0.3351671671671672,3128.345657878825
3,1.199599599599599,3275.906990770941,0.3289150449263754,0.3351671671671672,3128.345657878825
3,1.201600600600601,3276.133369401703,0.3289150449263754,0.3351671671671672,3128.345657878825
3,1.203601601601602,3276.358910630885,0.3289150449263754,0.3351671671671672,3128.345657878825
3,1.205602602602603,3276.583616700723,0.3289150449263754,0.3351671671671672,3128.345657878825
3,1.207603603603604,3276.807489857662,0.3289150449263754,0.3351671671671672,3128.345657878825
3,1.209604604604605,3277.030532352262,0.3289150449263754,0.3351671671671672,3128.345657878825
3,1.211605605605605,3277.252746438987,0.3289150449263754,0.3351671671671672,3128.345657878825
3,1.213606606606606,3277.474134376109,0.3289150449263754,0.3351671671671672,3128.345657878825
3,1.215607607607607,3277.694698425524,0.3289150449263754,0.3351671671671672,3128.345657878825
3,1.217608608608608,3277.914440852649,0.3289150449263754,0.3351671671671672,3128.345657878825
3,1.219609609609609,3278.133363926238,0.3289150449263754,0.3351671671671672,3128.345657878825
3,1.221610610610611,3278.351469918282,0.3289150449263754,0.3351671671671672,3128.345657878825
3,1.223611611611612,3278.568761103847,0.3289150449263754,0.3351671671671672,3128.345657878825
3,1.225612612612613,3278.785239760938,0.3289150449263754,0.3351671671671672,3128.345657878825
3,1.227613613613614,3279.00090817038,0.3289150449263754,0.3351671671671672,3128.345657878825
3,1.229614614614615,3279.215768615667,0.3289150449263754,0.3351671671671672,3128.345657878825
3,1.231615615615615,3279.429823382847,0.3289150449263754,0.3351671671671672,3128.345657878825
3,1.233616616616616,3279.643074760388,0.3289150449263754,0.3351671671671672,3128.345657878825
3,1.235617617617617,3279.855525039041,0.3289150449263754,0.3351671671671672,3128.345657878825
3,1.237618618618618,3280.067176511715,0.3289150449263754,0.3351671671671672,3128.345657878825
3,1.239619619619619,3280.278031473368,0.3289150449263754,0.3351671671671672,3128.345657878825
3,1.241620620620621,3280.488092220879,0.3289150449263754,0.3351671671671672,3128.345657878825
3,1.243621621621622,3280.697361052899,0.3289150449263754,0.3351671671671672,3128.345657878825
3,1.245622622622623,3280.905840269766,0.3289150449263754,0.3351671671671672,3128.345657878825
3,1.247623623623624,3281.113532173382,0.3289150449263754,0.3351671671671672,3128.345657878825
3,1.249624624624625,3281.32043906707,0.3289150449263754,0.3351671671671672,3128.345657878825
3,1.251625625625626,3281.526563255482,0.3289150449263754,0.3351671671671672,3128.345657878825
3,1.253626626626626,3281.731907044482,0.3289150449263754,0.3351671671671672,3128.345657878825
3,1.255627627627627,3281.936472741025,0.3289150449263754,0.3351671671671672,3128.345657878825
3,1.257628628628628,3282.140262653051,0.3289150449263754,0.3351671671671672,3128.345657878825
3,1.259629629629629,3282.34327908937,0.3289150449263754,0.3351671671671672,3128.345657878825
3,1.261630630630631,3282.545524359575,0.3289150449263754,0.3351671671671672,3128.345657878825
3,1.263631631631632,3282.747000773896,0.3289150449263754,0.3351671671671672,3128.345657878825
3,1.265632632632633,3282.947710643133,0.3289150449263754,0.3351671671671672,3128.345657878825
3,1.267633633633634,3283.147656278526,0.3289150449263754,0.3351671671671672,3128.345657878825
3,1.269634634634635,3283.346839991669,0.3289150449263754,0.3351671671671672,3128.345657878825
3,1.271635635635636,3283.54526409439,0.3289150449263754,0.3351671671671672,3128.345657878825
3,1.273636636636637,3283.742930898682,0.3289150449263754,0.3351671671671672,3128.345657878825
3,1.275637637637637,3283.939842716558,0.3289150449263754,0.3351671671671672,3128.345657878825
3,1.277638638638638,3284.13600186,0.3289150449263754,0.3351671671671672,3128.345657878825
3,1.279639639639639,3284.331410640833,0.3289150449263754,0.3351671671671672,3128.345657878825
3,1.28164064064064,3284.526071370638,0.3289150449263754,0.3351671671671672,3128.345657878825
3,1.283641641641642,3284.719986360668,0.3289150449263754,0.3351671671671672,3128.345657878825
3,1.285642642642643,3284.913157921741,0.3289150449263754,0.3351671671671672,3128.345657878825
3,1.287643643643644,3285.105588364153,0.3289150449263754,0.3351671671671672,3128.345657878825
3,1.289644644644645,3285.297279997593,0.3289150449263754,0.3351671671671672,3128.345657878825
3,1.291645645645646,3285.488235131059,0.3289150449263754,0.3351671671671672,3128.345657878825
3,1.293646646646647,3285.678456072744,0.3289150449263754,0.3351671671671672,3128.345657878825
3,1.295647647647648,3285.867945129989,0.3289150449263754,0.3351671671671672,3128.345657878825
3,1.297648648648648,3286.056704609162,0.3289150449263754,0.3351671671671672,3128.345657878825
3,1.299649649649649,3286.244736815596,0.3289150449263754,0.3351671671671672,3128.345657878825
3,1.30165065065065,3286.432044053498,0.3289150449263754,0.3351671671671672,3128.345657878825
3,1.303651651651652,3286.618628625873,0.3289150449263754,0.3351671671671672,3128.345657878825
3,1.305652652652653,3286.804492834428,0.3289150449263754,0.3351671671671672,3128.345657878825
3,1.307653653653654,3286.989638979526,0.3289150449263754,0.3351671671671672,3128.345657878825
3,1.309654654654655,3287.174069360056,0.3289150449263754,0.3351671671671672,3128.345657878825
3,1.311655655655656,3287.357786273402,0.3289150449263754,0.3351671671671672,3128.345657878825
3,1.313656656656657,3287.540792015357,0.3289150449263754,0.3351671671671672,3128.345657878825
3,1.315657657657658,3287.723088880027,0.3289150449263754,0.3351671671671672,3128.345657878825
3,1.317658658658658,3287.904679159776,0.3289150449263754,0.3351671671671672,3128.345657878825
3,1.319659659659659,3288.085565145155,0.3289150449263754,0.3351671671671672,3128.345657878825
3,1.32166066066066,3288.265749124809,0.3289150449263754,0.3351671671671672,3128.345657878825
3,1.323661661661662,3288.44523338544,0.3289150449263754,0.3351671671671672,3128.345657878825
3,1.325662662662663,3288.624020211698,0.3289150449263754,0.3351671671671672,3128.345657878825
3,1.327663663663664,3288.802111886148,0.3289150449263754,0.3351671671671672,3128.345657878825
3,1.329664664664665,3288.97951068918,0.3289150449263754,0.3351671671671672,3128.345657878825
3,1.331665665665666,3289.156218898949,0.3289150449263754,0.3351671671671672,3128.345657878825
3,1.333666666666667,3289.332238791304,0.3289150449263754,0.3351671671671672,3128.345657878825
3,1.335667667667668,3289.507572639737,0.3289150449263754,0.3351671671671672,3128.345657878825
3,1.337668668668669,3289.682222715303,0.3289150449263754,0.3351671671671672,3128.345657878825
3,1.339669669669669,3289.856191286573,0.3289150449263754,0.3351671671671672,3128.345657878825
3,1.34167067067067,3290.029480619548,0.3289150449263754,0.3351671671671672,3128.345657878825
3,1.343671671671672,3290.20209297763,0.3289150449263754,0.3351671671671672,3128.345657878825
3,1.345672672672673,3290.374030621543,0.3289150449263754,0.3351671671671672,3128.345657878825
3,1.347673673673674,3290.545295809264,0.3289150449263754,0.3351671671671672,3128.345657878825
3,1.349674674674675,3290.715890795984,0.3289150449263754,0.3351671671671672,3128.345657878825
3,1.351675675675676,3290.885817834053,0.3289150449263754,0.3351671671671672,3128.345657878825
3,1.353676676676677,3291.055079172895,0.3289150449263754,0.3351671671671672,3128.345657878825
3,1.355677677677678,3291.223677058984,0.3289150449263754,0.3351671671671672,3128.345657878825
3,1.357678678678679,3291.391613735779,0.3289150449263754,0.3351671671671672,3128.345657878825
3,1.35967967967968,3291.558891443658,0.3289150449263754,0.3351671671671672,3128.345657878825
3,1.36168068068068,3291.725512419885,0.3289150449263754,0.3351671671671672,3128.345657878825
3,1.363681681681682,3291.891478898538,0.3289150449263754,0.3351671671671672,3128.345657878825
3,1.365682682682683,3292.056793110471,0.3289150449263754,0.3351671671671672,3128.345657878825
3,1.367683683683684,3292.221457283269,0.3289150449263754,0.3351671671671672,3128.345657878825
3,1.369684684684685,3292.385473641174,0.3289150449263754,0.3351671671671672,3128.345657878825
3,1.371685685685686,3292.548844405062,0.3289150449263754,0.3351671671671672,3128.345657878825
3,1.373686686686687,3292.71157179238,0.3289150449263754,0.3351671671671672,3128.345657878825
3,1.375687687687688,3292.8736580171,0.3289150449263754,0.3351671671671672,3128.345657878825
3,1.377688688688689,3293.035105289683,0.3289150449263754,0.3351671671671672,3128.345657878825
3,1.37968968968969,3293.195915817018,0.3289150449263754,0.3351671671671672,3128.345657878825
3,1.381690690690691,3293.356091802392,0.3289150449263754,0.3351671671671672,3128.345657878825
3,1.383691691691691,3293.515635445428,0.3289150449263754,0.3351671671671672,3128.345657878825
3,1.385692692692693,3293.674548942069,0.3289150449263754,0.3351671671671672,3128.345657878825
3,1.387693693693694,3293.832834484497,0.3289150449263754,0.3351671671671672,3128.345657878825
3,1.389694694694695,3293.990494261124,0.3289150449263754,0.3351671671671672,3128.345657878825
3,1.391695695695696,3294.147530456542,0.3289150449263754,0.3351671671671672,3128.345657878825
3,1.393696696696697,3294.303945251479,0.3289150449263754,0.3351671671671672,3128.345657878825
3,1.395697697697698,3294.459740822742,0.3289150449263754,0.3351671671671672,3128.345657878825
3,1.397698698698699,3294.614919343223,0.3289150449263754,0.3351671671671672,3128.345657878825
3,1.3996996996997,3294.769482981798,0.3289150449263754,0.3351671671671672,3128.345657878825
3,1.401700700700701,3294.92343390337,0.3289150449263754,0.3351671671671672,3128.345657878825
3,1.403701701701701,3295.076774268744,0.3289150449263754,0.3351671671671672,3128.345657878825
3,1.405702702702703,3295.229506234654,0.3289150449263754,0.3351671671671672,3128.345657878825
3,1.407703703703704,3295.381631953704,0.3289150449263754,0.3351671671671672,3128.345657878825
3,1.409704704704705,3295.53315357433,0.3289150449263754,0.3351671671671672,3128.345657878825
3,1.411705705705706,3295.684073240767,0.3289150449263754,0.3351671671671672,3128.345657878825
3,1.413706706706707,3295.834393093025,0.3289150449263754,0.3351671671671672,3128.345657878825
3,1.415707707707708,3295.984115266858,0.3289150449263754,0.3351671671671672,3128.345657878825
3,1.417708708708709,3296.133241893702,0.3289150449263754,0.3351671671671672,3128.345657878825
3,1.41970970970971,3296.281775100681,0.3289150449263754,0.3351671671671672,3128.345657878825
3,1.421710710710711,3296.429717010544,0.3289150449263754,0.3351671671671672,3128.345657878825
3,1.423711711711712,3296.577069741663,0.3289150449263754,0.3351671671671672,3128.345657878825
3,1.425712712712713,3296.723835407985,0.3289150449263754,0.3351671671671672,3128.345657878825
3,1.427713713713714,3296.870016118998,0.3289150449263754,0.3351671671671672,3128.345657878825
3,1.429714714714715,3297.015613979714,0.3289150449263754,0.3351671671671672,3128.345657878825
3,1.431715715715716,3297.160631090653,0.3289150449263754,0.3351671671671672,3128.345657878825
3,1.433716716716717,3297.305069547773,0.3289150449263754,0.3351671671671672,3128.345657878825
3,1.435717717717718,3297.448931442485,0.3289150449263754,0.3351671671671672,3128.345657878825
3,1.437718718718719,3297.592218861605,0.3289150449263754,0.3351671671671672,3128.345657878825
3,1.43971971971972,3297.734933887341,0.3289150449263754,0.3351671671671672,3128.345657878825
3,1.441720720720721,3297.877078597247,0.3289150449263754,0.3351671671671672,3128.345657878825
3,1.443721721721722,3298.018655064227,0.3289150449263754,0.3351671671671672,3128.345657878825
3,1.445722722722723,3298.159665356479,0.3289150449263754,0.3351671671671672,3128.345657878825
3,1.447723723723724,3298.300111537489,0.3289150449263754,0.3351671671671672,3128.345657878825
3,1.449724724724725,3298.439995666021,0.3289150449263754,0.3351671671671672,3128.345657878825
3,1.451725725725726,3298.579319796053,0.3289150449263754,0.3351671671671672,3128.345657878825
3,1.453726726726727,3298.7180859768,0.3289150449263754,0.3351671671671672,3128.345657878825
3,1.455727727727728,3298.856296252667,0.3289150449263754,0.3351671671671672,3128.345657878825
3,1.457728728728729,3298.993952663228,0.3289150449263754,0.3351671671671672,3128.345657878825
3,1.45972972972973,3299.131057243214,0.3289150449263754,0.3351671671671672,3128.345657878825
3,1.461730730730731,3299.267612022484,0.3289150449263754,0.3351671671671672,3128.345657878825
3,1.463731731731732,3299.403619026014,0.3289150449263754,0.3351671671671672,3128.345657878825
3,1.465732732732733,3299.539080273877,0.3289150449263754,0.3351671671671672,3128.345657878825
3,1.467733733733734,3299.673997781207,0.3289150449263754,0.3351671671671672,3128.345657878825
3,1.469734734734735,3299.808373558204,0.3289150449263754,0.3351671671671672,3128.345657878825
3,1.471735735735736,3299.942209610108,0.3289150449263754,0.3351671671671672,3128.345657878825
3,1.473736736736737,3300.075507937171,0.3289150449263754,0.3351671671671672,3128.345657878825
3,1.475737737737738,3300.208270534658,0.3289150449263754,0.3351671671671672,3128.345657878825
3,1.477738738738739,3300.340499392806,0.3289150449263754,0.3351671671671672,3128.345657878825
3,1.47973973973974,3300.472196496833,0.3289150449263754,0.3351671671671672,3128.345657878825
3,1.481740740740741,3300.603363826911,0.3289150449263754,0.3351671671671672,3128.345657878825
3,1.483741741741742,3300.734003358149,0.3289150449263754,0.3351671671671672,3128.345657878825
3,1.485742742742743,3300.864117060587,0.3289150449263754,0.3351671671671672,3128.345657878825
3,1.487743743743744,3300.993706899158,0.3289150449263754,0.3351671671671672,3128.345657878825
3,1.489744744744745,3301.12277483371,0.3289150449263754,0.3351671671671672,3128.345657878825
3,1.491745745745746,3301.251322818961,0.3289150449263754,0.3351671671671672,3128.345657878825
3,1.493746746746747,3301.3793528045,0.3289150449263754,0.3351671671671672,3128.345657878825
3,1.495747747747748,3301.506866734773,0.3289150449263754,0.3351671671671672,3128.345657878825
3,1.497748748748749,3301.633866549078,0.3289150449263754,0.3351671671671672,3128.345657878825
3,1.49974974974975,3301.760354181523,0.3289150449263754,0.3351671671671672,3128.345657878825
3,1.501750750750751,3301.886331561058,0.3289150449263754,0.3351671671671672,3128.345657878825
3,1.503751751751752,3302.011800611423,0.3289150449263754,0.3351671671671672,3128.345657878825
3,1.505752752752753,3302.136763251178,0.3289150449263754,0.3351671671671672,3128.345657878825
3,1.507753753753754,3302.261221393648,0.3289150449263754,0.3351671671671672,3128.345657878825
3,1.509754754754755,3302.385176946945,0.3289150449263754,0.3351671671671672,3128.345657878825
3,1.511755755755756,3302.508631813942,0.3289150449263754,0.3351671671671672,3128.345657878825
3,1.513756756756757,3302.631587892277,0.3289150449263754,0.3351671671671672,3128.345657878825
3,1.515757757757758,3302.754047074334,0.3289150449263754,0.3351671671671672,3128.345657878825
3,1.517758758758759,3302.876011247232,0.3289150449263754,0.3351671671671672,3128.345657878825
3,1.51975975975976,3302.997482292827,0.3289150449263754,0.3351671671671672,3128.345657878825
3,1.521760760760761,3303.118462087692,0.3289150449263754,0.3351671671671672,3128.345657878825
3,1.523761761761762,3303.238952503124,0.3289150449263754,0.3351671671671672,3128.345657878825
3,1.525762762762763,3303.35895540512,0.3289150449263754,0.3351671671671672,3128.345657878825
3,1.527763763763764,3303.478472654375,0.3289150449263754,0.3351671671671672,3128.345657878825
3,1.529764764764765,3303.597506106295,0.3289150449263754,0.3351671671671672,3128.345657878825
3,1.531765765765766,3303.716057610952,0.3289150449263754,0.3351671671671672,3128.345657878825
3,1.533766766766767,3303.834129013116,0.3289150449263754,0.3351671671671672,3128.345657878825
3,1.535767767767768,3303.951722152217,0.3289150449263754,0.3351671671671672,3128.345657878825
3,1.537768768768769,3304.068838862374,0.3289150449263754,0.3351671671671672,3128.345657878825
3,1.53976976976977,3304.18548097236,0.3289150449263754,0.3351671671671672,3128.345657878825
3,1.541770770770771,3304.301650305607,0.3289150449263754,0.3351671671671672,3128.345657878825
3,1.543771771771772,3304.417348680208,0.3289150449263754,0.3351671671671672,3128.345657878825
3,1.545772772772773,3304.5325779089,0.3289150449263754,0.3351671671671672,3128.345657878825
3,1.547773773773774,3304.647339799076,0.3289150449263754,0.3351671671671672,3128.345657878825
3,1.549774774774775,3304.761636152764,0.3289150449263754,0.3351671671671672,3128.345657878825
3,1.551775775775776,3304.87546876664,0.3289150449263754,0.3351671671671672,3128.345657878825
3,1.553776776776777,3304.988839432016,0.3289150449263754,0.3351671671671672,3128.345657878825
3,1.555777777777778,3305.101749934825,0.3289150449263754,0.3351671671671672,3128.345657878825
3,1.557778778778779,3305.214202055649,0.3289150449263754,0.3351671671671672,3128.345657878825
3,1.55977977977978,3305.326197569698,0.3289150449263754,0.3351671671671672,3128.345657878825
3,1.561780780780781,3305.437738246785,0.3289150449263754,0.3351671671671672,3128.345657878825
3,1.563781781781782,3305.54882585138,0.3289150449263754,0.3351671671671672,3128.345657878825
3,1.565782782782783,3305.659462142557,0.3289150449263754,0.3351671671671672,3128.345657878825
3,1.567783783783784,3305.769648874023,0.3289150449263754,0.3351671671671672,3128.345657878825
3,1.569784784784785,3305.879387794093,0.3289150449263754,0.3351671671671672,3128.345657878825
3,1.571785785785786,3305.988680645719,0.3289150449263754,0.3351671671671672,3128.345657878825
3,1.573786786786787,3306.097529166457,0.3289150449263754,0.3351671671671672,3128.345657878825
3,1.575787787787788,3306.205935088487,0.3289150449263754,0.3351671671671672,3128.345657878825
3,1.577788788788789,3306.313900138624,0.3289150449263754,0.3351671671671672,3128.345657878825
3,1.57978978978979,3306.421426038277,0.3289150449263754,0.3351671671671672,3128.345657878825
3,1.581790790790791,3306.528514503496,0.3289150449263754,0.3351671671671672,3128.345657878825
3,1.583791791791792,3306.635167244937,0.3289150449263754,0.3351671671671672,3128.345657878825
3,1.585792792792793,3306.741385967888,0.3289150449263754,0.3351671671671672,3128.345657878825
3,1.587793793793794,3306.84717237225,0.3289150449263754,0.3351671671671672,3128.345657878825
3,1.589794794794795,3306.952528152557,0.3289150449263754,0.3351671671671672,3128.345657878825
3,1.591795795795796,3307.057454997956,0.3289150449263754,0.3351671671671672,3128.345657878825
3,1.593796796796797,3307.161954592242,0.3289150449263754,0.3351671671671672,3128.345657878825
3,1.595797797797798,3307.266028613816,0.3289150449263754,0.3351671671671672,3128.345657878825
3,1.597798798798799,3307.369678735718,0.3289150449263754,0.3351671671671672,3128.345657878825
3,1.5997997997998,3307.472906625623,0.3289150449263754,0.3351671671671672,3128.345657878825
3,1.601800800800801,3307.575713945846,0.3289150449263754,0.3351671671671672,3128.345657878825
3,1.603801801801802,3307.678102353329,0.3289150449263754,0.3351671671671672,3128.345657878825
3,1.605802802802803,3307.780073499665,0.3289150449263754,0.3351671671671672,3128.345657878825
3,1.607803803803804,3307.881629031092,0.3289150449263754,0.3351671671671672,3128.345657878825
3,1.609804804804805,3307.982770588478,0.3289150449263754,0.3351671671671672,3128.345657878825
3,1.611805805805806,3308.08349980737,0.3289150449263754,0.3351671671671672,3128.345657878825
3,1.613806806806807,3308.183818317953,0.3289150449263754,0.3351671671671672,3128.345657878825
3,1.615807807807808,3308.283727745065,0.3289150449263754,0.3351671671671672,3128.345657878825
3,1.617808808808809,3308.383229708228,0.3289150449263754,0.3351671671671672,3128.345657878825
3,1.61980980980981,3308.482325821611,0.3289150449263754,0.3351671671671672,3128.345657878825
3,1.621810810810811,3308.581017694053,0.3289150449263754,0.3351671671671672,3128.345657878825
3,1.623811811811812,3308.679306929088,0.3289150449263754,0.3351671671671672,3128.345657878825
3,1.625812812812813,3308.777195124923,0.3289150449263754,0.3351671671671672,3128.345657878825
3,1.627813813813814,3308.874683874439,0.3289150449263754,0.3351671671671672,3128.345657878825
3,1.629814814814815,3308.971774765215,0.3289150449263754,0.3351671671671672,3128.345657878825
3,1.631815815815816,3309.068469379534,0.3289150449263754,0.3351671671671672,3128.345657878825
3,1.633816816816817,3309.164769294362,0.3289150449263754,0.3351671671671672,3128.345657878825
3,1.635817817817818,3309.260676081393,0.3289150449263754,0.3351671671671672,3128.345657878825
3,1.637818818818819,3309.356191307011,0.3289150449263754,0.3351671671671672,3128.345657878825
3,1.63981981981982,3309.451316532335,0.3289150449263754,0.3351671671671672,3128.345657878825
3,1.641820820820821,3309.546053313207,0.3289150449263754,0.3351671671671672,3128.345657878825
3,1.643821821821822,3309.640403200186,0.3289150449263754,0.3351671671671672,3128.345657878825
3,1.645822822822823,3309.734367738579,0.3289150449263754,0.3351671671671672,3128.345657878825
3,1.647823823823824,3309.827948468429,0.3289150449263754,0.3351671671671672,3128.345657878825
3,1.649824824824825,3309.921146924544,0.3289150449263754,0.3351671671671672,3128.345657878825
3,1.651825825825826,3310.013964636462,0.3289150449263754,0.3351671671671672,3128.345657878825
3,1.653826826826827,3310.106403128507,0.3289150449263754,0.3351671671671672,3128.345657878825
3,1.655827827827828,3310.19846391976,0.3289150449263754,0.3351671671671672,3128.345657878825
3,1.657828828828829,3310.290148524084,0.3289150449263754,0.3351671671671672,3128.345657878825
3,1.65982982982983,3310.381458450123,0.3289150449263754,0.3351671671671672,3128.345657878825
3,1.661830830830831,3310.47239520132,0.3289150449263754,0.3351671671671672,3128.345657878825
3,1.663831831831832,3310.56296027591,0.3289150449263754,0.3351671671671672,3128.345657878825
3,1.665832832832833,3310.653155166936,0.3289150449263754,0.3351671671671672,3128.345657878825
3,1.667833833833834,3310.742981362255,0.3289150449263754,0.3351671671671672,3128.345657878825
3,1.669834834834835,3310.832440344547,0.3289150449263754,0.3351671671671672,3128.345657878825
3,1.671835835835836,3310.921533591324,0.3289150449263754,0.3351671671671672,3128.345657878825
3,1.673836836836837,3311.010262574927,0.3289150449263754,0.3351671671671672,3128.345657878825
3,1.675837837837838,3311.098628762567,0.3289150449263754,0.3351671671671672,3128.345657878825
3,1.677838838838839,3311.186633616283,0.3289150449263754,0.3351671671671672,3128.345657878825
3,1.67983983983984,3311.274278592983,0.3289150449263754,0.3351671671671672,3128.345657878825
3,1.681840840840841,3311.361565144464,0.3289150449263754,0.3351671671671672,3128.345657878825
3,1.683841841841842,3311.448494717377,0.3289150449263754,0.3351671671671672,3128.345657878825
3,1.685842842842843,3311.535068753289,0.3289150449263754,0.3351671671671672,3128.345657878825
3,1.687843843843844,3311.621288688643,0.3289150449263754,0.3351671671671672,3128.345657878825
3,1.689844844844845,3311.707155954804,0.3289150449263754,0.3351671671671672,3128.345657878825
3,1.691845845845846,3311.792671978035,0.3289150449263754,0.3351671671671672,3128.345657878825
3,1.693846846846847,3311.877838179552,0.3289150449263754,0.3351671671671672,3128.345657878825
3,1.695847847847848,3311.962655975473,0.3289150449263754,0.3351671671671672,3128.345657878825
3,1.697848848848849,3312.047126776881,0.3289150449263754,0.3351671671671672,3128.345657878825
3,1.69984984984985,3312.131251989811,0.3289150449263754,0.3351671671671672,3128.345657878825
3,1.701850850850851,3312.215033015245,0.3289150449263754,0.3351671671671672,3128.345657878825
3,1.703851851851852,3312.298471249158,0.3289150449263754,0.3351671671671672,3128.345657878825
3,1.705852852852853,3312.381568082485,0.3289150449263754,0.3351671671671672,3128.345657878825
3,1.707853853853854,3312.464324901172,0.3289150449263754,0.3351671671671672,3128.345657878825
3,1.709854854854855,3312.546743086154,0.3289150449263754,0.3351671671671672,3128.345657878825
3,1.711855855855856,3312.628824013381,0.3289150449263754,0.3351671671671672,3128.345657878825
3,1.713856856856857,3312.710569053826,0.3289150449263754,0.3351671671671672,3128.345657878825
3,1.715857857857858,3312.791979573492,0.3289150449263754,0.3351671671671672,3128.345657878825
3,1.717858858858859,3312.87305693342,0.3289150449263754,0.3351671671671672,3128.345657878825
3,1.71985985985986,3312.953802489705,0.3289150449263754,0.3351671671671672,3128.345657878825
3,1.721860860860861,3313.03421759351,0.3289150449263754,0.3351671671671672,3128.345657878825
3,1.723861861861862,3313.114303591057,0.3289150449263754,0.3351671671671672,3128.345657878825
3,1.725862862862863,3313.194061823664,0.3289150449263754,0.3351671671671672,3128.345657878825
3,1.727863863863864,3313.27349362774,0.3289150449263754,0.3351671671671672,3128.345657878825
3,1.729864864864865,3313.352600334794,0.3289150449263754,0.3351671671671672,3128.345657878825
3,1.731865865865866,3313.431383271445,0.3289150449263754,0.3351671671671672,3128.345657878825
3,1.733866866866867,3313.509843759456,0.3289150449263754,0.3351671671671672,3128.345657878825
3,1.735867867867868,3313.587983115702,0.3289150449263754,0.3351671671671672,3128.345657878825
3,1.737868868868869,3313.665802652225,0.3289150449263754,0.3351671671671672,3128.345657878825
3,1.73986986986987,3313.743303676211,0.3289150449263754,0.3351671671671672,3128.345657878825
3,1.741870870870871,3313.820487490027,0.3289150449263754,0.3351671671671672,3128.345657878825
3,1.743871871871872,3313.897355391213,0.3289150449263754,0.3351671671671672,3128.345657878825
3,1.745872872872873,3313.973908672501,0.3289150449263754,0.3351671671671672,3128.345657878825
3,1.747873873873874,3314.050148621814,0.3289150449263754,0.3351671671671672,3128.345657878825
3,1.749874874874875,3314.126076522319,0.3289150449263754,0.3351671671671672,3128.345657878825
3,1.751875875875876,3314.201693652385,0.3289150449263754,0.3351671671671672,3128.345657878825
3,1.753876876876877,3314.277001285617,0.3289150449263754,0.3351671671671672,3128.345657878825
3,1.755877877877878,3314.352000690869,0.3289150449263754,0.3351671671671672,3128.345657878825
3,1.757878878878879,3314.426693132261,0.3289150449263754,0.3351671671671672,3128.345657878825
3,1.75987987987988,3314.501079869181,0.3289150449263754,0.3351671671671672,3128.345657878825
3,1.761880880880881,3314.575162156296,0.3289150449263754,0.3351671671671672,3128.345657878825
3,1.763881881881882,3314.648941243564,0.3289150449263754,0.3351671671671672,3128.345657878825
3,1.765882882882883,3314.722418376257,0.3289150449263754,0.3351671671671672,3128.345657878825
3,1.767883883883884,3314.795594794954,0.3289150449263754,0.3351671671671672,3128.345657878825
3,1.769884884884885,3314.868471735568,0.3289150449263754,0.3351671671671672,3128.345657878825
3,1.771885885885886,3314.941050429357,0.3289150449263754,0.3351671671671672,3128.345657878825
3,1.773886886886887,3315.013332102923,0.3289150449263754,0.3351671671671672,3128.345657878825
3,1.775887887887888,3315.085317978229,0.3289150449263754,0.3351671671671672,3128.345657878825
3,1.777888888888889,3315.157009272626,0.3289150449263754,0.3351671671671672,3128.345657878825
3,1.77988988988989,3315.228407198838,0.3289150449263754,0.3351671671671672,3128.345657878825
3,1.781890890890891,3315.299512965008,0.3289150449263754,0.3351671671671672,3128.345657878825
3,1.783891891891892,3315.370327774672,0.3289150449263754,0.3351671671671672,3128.345657878825
3,1.785892892892893,3315.440852826796,0.3289150449263754,0.3351671671671672,3128.345657878825
3,1.787893893893894,3315.511089315784,0.3289150449263754,0.3351671671671672,3128.345657878825
3,1.789894894894895,3315.581038431485,0.3289150449263754,0.3351671671671672,3128.345657878825
3,1.791895895895896,3315.650701359206,0.3289150449263754,0.3351671671671672,3128.345657878825
3,1.793896896896897,3315.720079279737,0.3289150449263754,0.3351671671671672,3128.345657878825
3,1.795897897897898,3315.789173369334,0.3289150449263754,0.3351671671671672,3128.345657878825
3,1.797898898898899,3315.857984799768,0.3289150449263754,0.3351671671671672,3128.345657878825
3,1.7998998998999,3315.926514738304,0.3289150449263754,0.3351671671671672,3128.345657878825
3,1.801900900900901,3315.994764347735,0.3289150449263754,0.3351671671671672,3128.345657878825
3,1.803901901901902,3316.062734786391,0.3289150449263754,0.3351671671671672,3128.345657878825
3,1.805902902902903,3316.130427208134,0.3289150449263754,0.3351671671671672,3128.345657878825
3,1.807903903903904,3316.1978427624,0.3289150449263754,0.3351671671671672,3128.345657878825
3,1.809904904904905,3316.264982594185,0.3289150449263754,0.3351671671671672,3128.345657878825
3,1.811905905905906,3316.331847844064,0.3289150449263754,0.3351671671671672,3128.345657878825
3,1.813906906906907,3316.398439648221,0.3289150449263754,0.3351671671671672,3128.345657878825
3,1.815907907907908,3316.464759138434,0.3289150449263754,0.3351671671671672,3128.345657878825
3,1.817908908908909,3316.530807442105,0.3289150449263754,0.3351671671671672,3128.345657878825
3,1.81990990990991,3316.596585682271,0.3289150449263754,0.3351671671671672,3128.345657878825
3,1.821910910910911,3316.662094977614,0.3289150449263754,0.3351671671671672,3128.345657878825
3,1.823911911911912,3316.727336442475,0.3289150449263754,0.3351671671671672,3128.345657878825
3,1.825912912912913,3316.792311186847,0.3289150449263754,0.3351671671671672,3128.345657878825
3,1.827913913913914,3316.857020316431,0.3289150449263754,0.3351671671671672,3128.345657878825
3,1.829914914914915,3316.921464932608,0.3289150449263754,0.3351671671671672,3128.345657878825
3,1.831915915915916,3316.985646132465,0.3289150449263754,0.3351671671671672,3128.345657878825
3,1.833916916916917,3317.04956500883,0.3289150449263754,0.3351671671671672,3128.345657878825
3,1.835917917917918,3317.113222650216,0.3289150449263754,0.3351671671671672,3128.345657878825
3,1.837918918918919,3317.176620140949,0.3289150449263754,0.3351671671671672,3128.345657878825
3,1.83991991991992,3317.23975856105,0.3289150449263754,0.3351671671671672,3128.345657878825
3,1.841920920920921,3317.302638986343,0.3289150449263754,0.3351671671671672,3128.345657878825
3,1.843921921921922,3317.365262488433,0.3289150449263754,0.3351671671671672,3128.345657878825
3,1.845922922922923,3317.427630134716,0.3289150449263754,0.3351671671671672,3128.345657878825
3,1.847923923923924,3317.489742988387,0.3289150449263754,0.3351671671671672,3128.345657878825
3,1.849924924924925,3317.55160210849,0.3289150449263754,0.3351671671671672,3128.345657878825
3,1.851925925925926,3317.613208549861,0.3289150449263754,0.3351671671671672,3128.345657878825
3,1.853926926926927,3317.674563363226,0.3289150449263754,0.3351671671671672,3128.345657878825
3,1.855927927927928,3317.735667595141,0.3289150449263754,0.3351671671671672,3128.345657878825
3,1.857928928928929,3317.796522288041,0.3289150449263754,0.3351671671671672,3128.345657878825
3,1.85992992992993,3317.85712848025,0.3289150449263754,0.3351671671671672,3128.345657878825
3,1.861930930930931,3317.917487205983,0.3289150449263754,0.3351671671671672,3128.345657878825
3,1.863931931931932,3317.977599495372,0.3289150449263754,0.3351671671671672,3128.345657878825
3,1.865932932932933,3318.037466374465,0.3289150449263754,0.3351671671671672,3128.345657878825
3,1.867933933933934,3318.097088865252,0.3289150449263754,0.3351671671671672,3128.345657878825
3,1.869934934934935,3318.156467985654,0.3289150449263754,0.3351671671671672,3128.345657878825
3,1.871935935935936,3318.215604749585,0.3289150449263754,0.3351671671671672,3128.345657878825
3,1.873936936936937,3318.274500166894,0.3289150449263754,0.3351671671671672,3128.345657878825
3,1.875937937937938,3318.333155243445,0.3289150449263754,0.3351671671671672,3128.345657878825
3,1.877938938938939,3318.391570981088,0.3289150449263754,0.3351671671671672,3128.345657878825
3,1.87993993993994,3318.449748377687,0.3289150449263754,0.3351671671671672,3128.345657878825
3,1.881940940940941,3318.507688427132,0.3289150449263754,0.3351671671671672,3128.345657878825
3,1.883941941941942,3318.565392119343,0.3289150449263754,0.3351671671671672,3128.345657878825
3,1.885942942942943,3318.622860440304,0.3289150449263754,0.3351671671671672,3128.345657878825
3,1.887943943943944,3318.68009437204,0.3289150449263754,0.3351671671671672,3128.345657878825
3,1.889944944944945,3318.737094892672,0.3289150449263754,0.3351671671671672,3128.345657878825
3,1.891945945945946,3318.793862976396,0.3289150449263754,0.3351671671671672,3128.345657878825
3,1.893946946946947,3318.850399593518,0.3289150449263754,0.3351671671671672,3128.345657878825
3,1.895947947947948,3318.90670571044,0.3289150449263754,0.3351671671671672,3128.345657878825
3,1.897948948948949,3318.962782289709,0.3289150449263754,0.3351671671671672,3128.345657878825
3,1.89994994994995,3319.018630289996,0.3289150449263754,0.3351671671671672,3128.345657878825
3,1.901950950950951,3319.074250666142,0.3289150449263754,0.3351671671671672,3128.345657878825
3,1.903951951951952,3319.129644369126,0.3289150449263754,0.3351671671671672,3128.345657878825
3,1.905952952952953,3319.184812346123,0.3289150449263754,0.3351671671671672,3128.345657878825
3,1.907953953953954,3319.239755540485,0.3289150449263754,0.3351671671671672,3128.345657878825
3,1.909954954954955,3319.294474891772,0.3289150449263754,0.3351671671671672,3128.345657878825
3,1.911955955955956,3319.348971335766,0.3289150449263754,0.3351671671671672,3128.345657878825
3,1.913956956956957,3319.403245804455,0.3289150449263754,0.3351671671671672,3128.345657878825
3,1.915957957957958,3319.45729922608,0.3289150449263754,0.3351671671671672,3128.345657878825
3,1.917958958958959,3319.511132525145,0.3289150449263754,0.3351671671671672,3128.345657878825
3,1.91995995995996,3319.564746622397,0.3289150449263754,0.3351671671671672,3128.345657878825
3,1.921960960960961,3319.618142434862,0.3289150449263754,0.3351671671671672,3128.345657878825
3,1.923961961961962,3319.671320875875,0.3289150449263754,0.3351671671671672,3128.345657878825
3,1.925962962962963,3319.724282855062,0.3289150449263754,0.3351671671671672,3128.345657878825
3,1.927963963963964,3319.777029278349,0.3289150449263754,0.3351671671671672,3128.345657878825
3,1.929964964964965,3319.829561048021,0.3289150449263754,0.3351671671671672,3128.345657878825
3,1.931965965965966,3319.881879062674,0.3289150449263754,0.3351671671671672,3128.345657878825
3,1.933966966966967,3319.93398421727,0.3289150449263754,0.3351671671671672,3128.345657878825
3,1.935967967967968,3319.985877403137,0.3289150449263754,0.3351671671671672,3128.345657878825
3,1.937968968968969,3320.037559507971,0.3289150449263754,0.3351671671671672,3128.345657878825
3,1.93996996996997,3320.089031415869,0.3289150449263754,0.3351671671671672,3128.345657878825
3,1.941970970970971,3320.14029400732,0.3289150449263754,0.3351671671671672,3128.345657878825
3,1.943971971971972,3320.191348159238,0.3289150449263754,0.3351671671671672,3128.345657878825
3,1.945972972972973,3320.242194744954,0.3289150449263754,0.3351671671671672,3128.345657878825
3,1.947973973973974,3320.292834634242,0.3289150449263754,0.3351671671671672,3128.345657878825
3,1.949974974974975,3320.343268693331,0.3289150449263754,0.3351671671671672,3128.345657878825
3,1.951975975975976,3320.393497784911,0.3289150449263754,0.3351671671671672,3128.345657878825
3,1.953976976976977,3320.443522768148,0.3289150449263754,0.3351671671671672,3128.345657878825
3,1.955977977977978,3320.493344498699,0.3289150449263754,0.3351671671671672,3128.345657878825
3,1.957978978978979,3320.542963828719,0.3289150449263754,0.3351671671671672,3128.345657878825
3,1.95997997997998,3320.592381606878,0.3289150449263754,0.3351671671671672,3128.345657878825
3,1.961980980980981,3320.641598678373,0.3289150449263754,0.3351671671671672,3128.345657878825
3,1.963981981981982,3320.690615884939,0.3289150449263754,0.3351671671671672,3128.345657878825
3,1.965982982982983,3320.739434064858,0.3289150449263754,0.3351671671671672,3128.345657878825
3,1.967983983983984,3320.788054052978,0.3289150449263754,0.3351671671671672,3128.345657878825
3,1.969984984984985,3320.836476680718,0.3289150449263754,0.3351671671671672,3128.345657878825
3,1.971985985985986,3320.884702776081,0.3289150449263754,0.3351671671671672,3128.345657878825
3,1.973986986986987,3320.932733163681,0.3289150449263754,0.3351671671671672,3128.345657878825
3,1.975987987987988,3320.980568664733,0.3289150449263754,0.3351671671671672,3128.345657878825
3,1.977988988988989,3321.028210097073,0.3289150449263754,0.3351671671671672,3128.345657878825
3,1.97998998998999,3321.075658275179,0.3289150449263754,0.3351671671671672,3128.345657878825
3,1.981990990990991,3321.122914010175,0.3289150449263754,0.3351671671671672,3128.345657878825
3,1.983991991991992,3321.16997810984,0.3289150449263754,0.3351671671671672,3128.345657878825
3,1.985992992992993,3321.216851378626,0.3289150449263754,0.3351671671671672,3128.345657878825
3,1.987993993993994,3321.263534617676,0.3289150449263754,0.3351671671671672,3128.345657878825
3,1.989994994994995,3321.310028624815,0.3289150449263754,0.3351671671671672,3128.345657878825
3,1.991995995995996,3321.356334194588,0.3289150449263754,0.3351671671671672,3128.345657878825
3,1.993996996996997,3321.402452118248,0.3289150449263754,0.3351671671671672,3128.345657878825
3,1.995997997997998,3321.448383183782,0.3289150449263754,0.3351671671671672,3128.345657878825
3,1.997998998998999,3321.494128175936,0.3289150449263754,0.3351671671671672,3128.345657878825
3,2,3321.539687876178,0.3289150449263754,0.3351671671671672,3128.345657878825
4,0.001,3346.476301477542,0.2480983934023561,0.2571281281281281,3179.4399535998
4,0.003001001001001001,3346.405975405217,0.2480983934023561,0.2571281281281281,3179.4399535998
4,0.005002002002002002,3346.261665051356,0.2480983934023561,0.2571281281281281,3179.4399535998
4,0.007003003003003003,3346.036172712609,0.2480983934023561,0.2571281281281281,3179.4399535998
4,0.009004004004004005,3345.718922782334,0.2480983934023561,0.2571281281281281,3179.4399535998
4,0.01100500500500501,3345.296252644614,0.2480983934023561,0.2571281281281281,3179.4399535998
4,0.01300600600600601,3344.75183801876,0.2480983934023561,0.2571281281281281,3179.4399535998
4,0.01500700700700701,3344.067275696771,0.2480983934023561,0.2571281281281281,3179.4399535998
4,0.01700800800800801,3343.222840740185,0.2480983934023561,0.2571281281281281,3179.4399535998
4,0.01900900900900901,3342.198421981008,0.2480983934023561,0.2571281281281281,3179.4399535998
4,0.02101001001001001,3340.974618932893,0.2480983934023561,0.2571281281281281,3179.4399535998
4,0.02301101101101101,3339.533956382066,0.2480983934023561,0.2571281281281281,3179.4399535998
4,0.02501201201201201,3337.862143428506,0.2480983934023561,0.2571281281281281,3179.4399535998
4,0.02701301301301301,3335.949277042774,0.2480983934023561,0.2571281281281281,3179.4399535998
4,0.02901401401401402,3333.790873020741,0.2480983934023561,0.2571281281281281,3179.4399535998
4,0.03101501501501502,3331.388606005585,0.2480983934023561,0.2571281281281281,3179.4399535998
4,0.03301601601601602,3328.75065908558,0.2480983934023561,0.2571281281281281,3179.4399535998
4,0.03501701701701702,3325.891622173098,0.2480983934023561,0.2571281281281281,3179.4399535998
4,0.03701801801801802,3322.831931569283,0.2480983934023561,0.2571281281281281,3179.4399535998
4,0.03901901901901902,3319.596901088284,0.2480983934023561,0.2571281281281281,3179.4399535998
4,0.04102002002002002,3316.215446191267,0.2480983934023561,0.2571281281281281,3179.4399535998
4,0.04302102102102102,3312.718636509881,0.2480983934023561,0.2571281281281281,3179.4399535998
4,0.04502202202202202,3309.138223012607,0.2480983934023561,0.2571281281281281,3179.4399535998
4,0.04702302302302303,3305.50527375013,0.2480983934023561,0.2571281281281281,3179.4399535998
4,0.04902402402402403,3301.849021723781,0.2480983934023561,0.2571281281281281,3179.4399535998
4,0.05102502502502503,3298.195988221833,0.2480983934023561,0.2571281281281281,3179.4399535998
4,0.05302602602602603,3294.569403727819,0.2480983934023561,0.2571281281281281,3179.4399535998
4,0.05502702702702703,3290.988913256494,0.2480983934023561,0.2571281281281281,3179.4399535998
4,0.05702802802802803,3287.470527814177,0.2480983934023561,0.2571281281281281,3179.4399535998
4,0.05902902902902903,3284.026769699052,0.2480983934023561,0.2571281281281281,3179.4399535998
4,0.06103003003003003,3280.666955333755,0.2480983934023561,0.2571281281281281,3179.4399535998
4,0.06303103103103103,3277.39756273616,0.2480983934023561,0.2571281281281281,3179.4399535998
4,0.06503203203203203,3274.222638728569,0.2480983934023561,0.2571281281281281,3179.4399535998
4,0.06703303303303304,3271.144210998409,0.2480983934023561,0.2571281281281281,3179.4399535998
4,0.06903403403403403,3268.162680253191,0.2480983934023561,0.2571281281281281,3179.4399535998
4,0.07103503503503504,3265.277176746146,0.2480983934023561,0.2571281281281281,3179.4399535998
4,0.07303603603603603,3262.485872802562,0.2480983934023561,0.2571281281281281,3179.4399535998
4,0.07503703703703704,3259.786248502915,0.2480983934023561,0.2571281281281281,3179.4399535998
4,0.07703803803803803,3257.175311510908,0.2480983934023561,0.2571281281281281,3179.4399535998
4,0.07903903903903904,3254.649774452198,0.2480983934023561,0.2571281281281281,3179.4399535998
4,0.08104004004004003,3252.206194571498,0.2480983934023561,0.2571281281281281,3179.4399535998
4,0.08304104104104104,3249.841080923541,0.2480983934023561,0.2571281281281281,3179.4399535998
4,0.08504204204204205,3247.550974348797,0.2480983934023561,0.2571281281281281,3179.4399535998
4,0.08704304304304304,3245.332505150366,0.2480983934023561,0.2571281281281281,3179.4399535998
4,0.08904404404404405,3243.182432875213,0.2480983934023561,0.2571281281281281,3179.4399535998
4,0.09104504504504504,3241.09767201369,0.2480983934023561,0.2571281281281281,3179.4399535998
4,0.09304604604604605,3239.075306836181,0.2480983934023561,0.2571281281281281,3179.4399535998
4,0.09504704704704704,3237.112598027117,0.2480983934023561,0.2571281281281281,3179.4399535998
4,0.09704804804804805,3235.206983271667,0.2480983934023561,0.2571281281281281,3179.4399535998
4,0.09904904904904906,3233.356073514589,0.2480983934023561,0.2571281281281281,3179.4399535998
4,0.10105005005005,3231.557646240438,0.2480983934023561,0.2571281281281281,3179.4399535998
4,0.1030510510510511,3229.809636816433,0.2480983934023561,0.2571281281281281,3179.4399535998
4,0.1050520520520521,3228.110128690382,0.2480983934023561,0.2571281281281281,3179.4399535998
4,0.1070530530530531,3226.457343033074,0.2480983934023561,0.2571281281281281,3179.4399535998
4,0.1090540540540541,3224.849628256834,0.2480983934023561,0.2571281281281281,3179.4399535998
4,0.1110550550550551,3223.285449715192,0.2480983934023561,0.2571281281281281,3179.4399535998
4,0.1130560560560561,3221.763379794205,0.2480983934023561,0.2571281281281281,3179.4399535998
4,0.1150570570570571,3220.282088530943,0.2480983934023561,0.2571281281281281,3179.4399535998
4,0.1170580580580581,3218.840334839539,0.2480983934023561,0.2571281281281281,3179.4399535998
4,0.1190590590590591,3217.436958385425,0.2480983934023561,0.2571281281281281,3179.4399535998
4,0.1210600600600601,3216.070872117738,0.2480983934023561,0.2571281281281281,3179.4399535998
4,0.1230610610610611,3214.741055449033,0.2480983934023561,0.2571281281281281,3179.4399535998
4,0.1250620620620621,3213.44654805833,0.2480983934023561,0.2571281281281281,3179.4399535998
4,0.1270630630630631,3212.186444282978,0.2480983934023561,0.2571281281281281,3179.4399535998
4,0.1290640640640641,3210.959888060332,0.2480983934023561,0.2571281281281281,3179.4399535998
4,0.1310650650650651,3209.766068377183,0.2480983934023561,0.2571281281281281,3179.4399535998
4,0.1330660660660661,3208.604215184562,0.2480983934023561,0.2571281281281281,3179.4399535998
4,0.1350670670670671,3207.473595735516,0.2480983934023561,0.2571281281281281,3179.4399535998
4,0.1370680680680681,3206.37351130627,0.2480983934023561,0.2571281281281281,3179.4399535998
4,0.1390690690690691,3205.303294262195,0.2480983934023561,0.2571281281281281,3179.4399535998
4,0.1410700700700701,3204.262305433464,0.2480983934023561,0.2571281281281281,3179.4399535998
4,0.1430710710710711,3203.249931767815,0.2480983934023561,0.2571281281281281,3179.4399535998
4,0.1450720720720721,3202.26558423061,0.2480983934023561,0.2571281281281281,3179.4399535998
4,0.1470730730730731,3201.308695925042,0.2480983934023561,0.2571281281281281,3179.4399535998
4,0.1490740740740741,3200.378720408207,0.2480983934023561,0.2571281281281281,3179.4399535998
4,0.1510750750750751,3199.475130181141,0.2480983934023561,0.2571281281281281,3179.4399535998
4,0.1530760760760761,3198.597415333331,0.2480983934023561,0.2571281281281281,3179.4399535998
4,0.1550770770770771,3197.745082323961,0.2480983934023561,0.2571281281281281,3179.4399535998
4,0.1570780780780781,3196.917652884707,0.2480983934023561,0.2571281281281281,3179.4399535998
4,0.1590790790790791,3196.114663030229,0.2480983934023561,0.2571281281281281,3179.4399535998
4,0.1610800800800801,3195.335662164028,0.2480983934023561,0.2571281281281281,3179.4399535998
4,0.1630810810810811,3194.580212269223,0.2480983934023561,0.2571281281281281,3179.4399535998
4,0.1650820820820821,3193.847887174343,0.2480983934023561,0.2571281281281281,3179.4399535998
4,0.1670830830830831,3193.138271886221,0.2480983934023561,0.2571281281281281,3179.4399535998
4,0.1690840840840841,3192.450961982188,0.2480983934023561,0.2571281281281281,3179.4399535998
4,0.1710850850850851,3191.785563055346,0.2480983934023561,0.2571281281281281,3179.4399535998
4,0.1730860860860861,3191.141690207077,0.2480983934023561,0.2571281281281281,3179.4399535998
4,0.1750870870870871,3190.518967581736,0.2480983934023561,0.2571281281281281,3179.4399535998
4,0.1770880880880881,3189.917027939096,0.2480983934023561,0.2571281281281281,3179.4399535998
4,0.1790890890890891,3189.335512260656,0.2480983934023561,0.2571281281281281,3179.4399535998
4,0.1810900900900901,3188.77406938624,0.2480983934023561,0.2571281281281281,3179.4399535998
4,0.1830910910910911,3188.232355678002,0.2480983934023561,0.2571281281281281,3179.4399535998
4,0.1850920920920921,3187.710034709021,0.2480983934023561,0.2571281281281281,3179.4399535998
4,0.1870930930930931,3187.206776973975,0.2480983934023561,0.2571281281281281,3179.4399535998
4,0.1890940940940941,3186.72225962017,0.2480983934023561,0.2571281281281281,3179.4399535998
4,0.1910950950950951,3186.256166196503,0.2480983934023561,0.2571281281281281,3179.4399535998
4,0.1930960960960961,3185.808186419198,0.2480983934023561,0.2571281281281281,3179.4399535998
4,0.1950970970970971,3185.378015952498,0.2480983934023561,0.2571281281281281,3179.4399535998
4,0.1970980980980981,3184.965356203078,0.2480983934023561,0.2571281281281281,3179.4399535998
4,0.1990990990990991,3184.569914127065,0.2480983934023561,0.2571281281281281,3179.4399535998
4,0.2011001001001001,3184.191402048512,0.2480983934023561,0.2571281281281281,3179.4399535998
4,0.2031011011011011,3183.829537488443,0.2480983934023561,0.2571281281281281,3179.4399535998
4,0.2051021021021021,3183.484043003504,0.2480983934023561,0.2571281281281281,3179.4399535998
4,0.2071031031031031,3183.154646033716,0.2480983934023561,0.2571281281281281,3179.4399535998
4,0.2091041041041041,3182.841078758218,0.2480983934023561,0.2571281281281281,3179.4399535998
4,0.2111051051051051,3182.54307795881,0.2480983934023561,0.2571281281281281,3179.4399535998
4,0.2131061061061061,3182.26038489044,0.2480983934023561,0.2571281281281281,3179.4399535998
4,0.2151071071071071,3181.992745158262,0.2480983934023561,0.2571281281281281,3179.4399535998
4,0.2171081081081081,3181.73990860069,0.2480983934023561,0.2571281281281281,3179.4399535998
4,0.2191091091091091,3181.501629178112,0.2480983934023561,0.2571281281281281,3179.4399535998
4,0.2211101101101101,3181.277664866936,0.2480983934023561,0.2571281281281281,3179.4399535998
4,0.2231111111111111,3181.067777558377,0.2480983934023561,0.2571281281281281,3179.4399535998
4,0.2251121121121121,3180.871732961937,0.2480983934023561,0.2571281281281281,3179.4399535998
4,0.2271131131131131,3180.689300513098,0.2480983934023561,0.2571281281281281,3179.4399535998
4,0.2291141141141141,3180.520253284997,0.2480983934023561,0.2571281281281281,3179.4399535998
4,0.2311151151151151,3180.364367903885,0.2480983934023561,0.2571281281281281,3179.4399535998
4,0.2331161161161161,3180.221424468174,0.2480983934023561,0.2571281281281281,3179.4399535998
4,0.2351171171171171,3180.091206470572,0.2480983934023561,0.2571281281281281,3179.4399535998
4,0.2371181181181181,3179.973500723536,0.2480983934023561,0.2571281281281281,3179.4399535998
4,0.2391191191191191,3179.868097287586,0.2480983934023561,0.2571281281281281,3179.4399535998
4,0.2411201201201201,3179.774789402277,0.2480983934023561,0.2571281281281281,3179.4399535998
4,0.2431211211211211,3179.693373419941,0.2480983934023561,0.2571281281281281,3179.4399535998
4,0.2451221221221221,3179.623648741683,0.2480983934023561,0.2571281281281281,3179.4399535998
4,0.2471231231231231,3179.565417755902,0.2480983934023561,0.2571281281281281,3179.4399535998
4,0.2491241241241241,3179.518485778788,0.2480983934023561,0.2571281281281281,3179.4399535998
4,0.2511251251251251,3179.482660997095,0.2480983934023561,0.2571281281281281,3179.4399535998
4,0.2531261261261261,3179.457754412686,0.2480983934023561,0.2571281281281281,3179.4399535998
4,0.2551271271271272,3179.443579789107,0.2480983934023561,0.2571281281281281,3179.4399535998
4,0.2571281281281281,3179.4399535998,0.2480983934023561,0.2571281281281281,3179.4399535998
4,0.2591291291291291,3179.446694978029,0.2480983934023561,0.2571281281281281,3179.4399535998
4,0.2611301301301301,3179.463625668458,0.2480983934023561,0.2571281281281281,3179.4399535998
4,0.2631311311311311,3179.490569980132,0.2480983934023561,0.2571281281281281,3179.4399535998
4,0.2651321321321322,3179.52735474099,0.2480983934023561,0.2571281281281281,3179.4399535998
4,0.2671331331331331,3179.573809253676,0.2480983934023561,0.2571281281281281,3179.4399535998
4,0.2691341341341341,3179.629765252716,0.2480983934023561,0.2571281281281281,3179.4399535998
4,0.2711351351351352,3179.695056862893,0.2480983934023561,0.2571281281281281,3179.4399535998
4,0.2731361361361361,3179.769520558832,0.2480983934023561,0.2571281281281281,3179.4399535998
4,0.2751371371371372,3179.852995125716,0.2480983934023561,0.2571281281281281,3179.4399535998
4,0.2771381381381381,3179.94532162105,0.2480983934023561,0.2571281281281281,3179.4399535998
4,0.2791391391391391,3180.046343337515,0.2480983934023561,0.2571281281281281,3179.4399535998
4,0.2811401401401402,3180.155905766767,0.2480983934023561,0.2571281281281281,3179.4399535998
4,0.2831411411411411,3180.273856564184,0.2480983934023561,0.2571281281281281,3179.4399535998
4,0.2851421421421421,3180.400045514543,0.2480983934023561,0.2571281281281281,3179.4399535998
4,0.2871431431431432,3180.534324498532,0.2480983934023561,0.2571281281281281,3179.4399535998
4,0.2891441441441441,3180.676547460135,0.2480983934023561,0.2571281281281281,3179.4399535998
4,0.2911451451451452,3180.82657037477,0.2480983934023561,0.2571281281281281,3179.4399535998
4,0.2931461461461461,3180.984251218188,0.2480983934023561,0.2571281281281281,3179.4399535998
4,0.2951471471471471,3181.149449936182,0.2480983934023561,0.2571281281281281,3179.4399535998
4,0.2971481481481482,3181.322028414916,0.2480983934023561,0.2571281281281281,3179.4399535998
4,0.2991491491491491,3181.501850451969,0.2480983934023561,0.2571281281281281,3179.4399535998
4,0.3011501501501502,3181.688781728019,0.2480983934023561,0.2571281281281281,3179.4399535998
4,0.3031511511511512,3181.882689779177,0.2480983934023561,0.2571281281281281,3179.4399535998
4,0.3051521521521521,3182.083443969918,0.2480983934023561,0.2571281281281281,3179.4399535998
4,0.3071531531531532,3182.290915466564,0.2480983934023561,0.2571281281281281,3179.4399535998
4,0.3091541541541541,3182.50497721138,0.2480983934023561,0.2571281281281281,3179.4399535998
4,0.3111551551551552,3182.725503897163,0.2480983934023561,0.2571281281281281,3179.4399535998
4,0.3131561561561562,3182.952371942376,0.2480983934023561,0.2571281281281281,3179.4399535998
4,0.3151571571571571,3183.185459466808,0.2480983934023561,0.2571281281281281,3179.4399535998
4,0.3171581581581582,3183.424646267674,0.2480983934023561,0.2571281281281281,3179.4399535998
4,0.3191591591591592,3183.669813796232,0.2480983934023561,0.2571281281281281,3179.4399535998
4,0.3211601601601601,3183.920845134773,0.2480983934023561,0.2571281281281281,3179.4399535998
4,0.3231611611611612,3184.177624974233,0.2480983934023561,0.2571281281281281,3179.4399535998
4,0.3251621621621621,3184.440039591973,0.2480983934023561,0.2571281281281281,3179.4399535998
4,0.3271631631631632,3184.707976830207,0.2480983934023561,0.2571281281281281,3179.4399535998
4,0.3291641641641642,3184.981326074665,0.2480983934023561,0.2571281281281281,3179.4399535998
4,0.3311651651651651,3185.259978233763,0.2480983934023561,0.2571281281281281,3179.4399535998
4,0.3331661661661662,3185.543825718062,0.2480983934023561,0.2571281281281281,3179.4399535998
4,0.3351671671671672,3185.832762420116,0.2480983934023561,0.2571281281281281,3179.4399535998
4,0.3371681681681682,3186.12668369473,0.2480983934023561,0.2571281281281281,3179.4399535998
4,0.3391691691691692,3186.425486339455,0.2480983934023561,0.2571281281281281,3179.4399535998
4,0.3411701701701702,3186.729068575501,0.2480983934023561,0.2571281281281281,3179.4399535998
4,0.3431711711711712,3187.037330028971,0.2480983934023561,0.2571281281281281,3179.4399535998
4,0.3451721721721722,3187.35017171232,0.2480983934023561,0.2571281281281281,3179.4399535998
4,0.3471731731731732,3187.667496006264,0.2480983934023561,0.2571281281281281,3179.4399535998
4,0.3491741741741742,3187.989206641835,0.2480983934023561,0.2571281281281281,3179.4399535998
4,0.3511751751751752,3188.315208682883,0.2480983934023561,0.2571281281281281,3179.4399535998
4,0.3531761761761762,3188.645408508695,0.2480983934023561,0.2571281281281281,3179.4399535998
4,0.3551771771771772,3188.979713797016,0.2480983934023561,0.2571281281281281,3179.4399535998
4,0.3571781781781782,3189.318033507306,0.2480983934023561,0.2571281281281281,3179.4399535998
4,0.3591791791791792,3189.660277864191,0.2480983934023561,0.2571281281281281,3179.4399535998
4,0.3611801801801802,3190.00635834128,0.2480983934023561,0.2571281281281281,3179.4399535998
4,0.3631811811811812,3190.356187645158,0.2480983934023561,0.2571281281281281,3179.4399535998
4,0.3651821821821822,3190.709679699615,0.2480983934023561,0.2571281281281281,3179.4399535998
4,0.3671831831831832,3191.06674963016,0.2480983934023561,0.2571281281281281,3179.4399535998
4,0.3691841841841842,3191.427313748735,0.2480983934023561,0.2571281281281281,3179.4399535998
4,0.3711851851851852,3191.791289538643,0.2480983934023561,0.2571281281281281,3179.4399535998
4,0.3731861861861862,3192.15859563974,0.2480983934023561,0.2571281281281281,3179.4399535998
4,0.3751871871871872,3192.529151833794,0.2480983934023561,0.2571281281281281,3179.4399535998
4,0.3771881881881882,3192.902879030082,0.2480983934023561,0.2571281281281281,3179.4399535998
4,0.3791891891891892,3193.279699251216,0.2480983934023561,0.2571281281281281,3179.4399535998
4,0.3811901901901902,3193.659535619104,0.2480983934023561,0.2571281281281281,3179.4399535998
4,0.3831911911911912,3194.042312341164,0.2480983934023561,0.2571281281281281,3179.4399535998
4,0.3851921921921922,3194.42795469671,0.2480983934023561,0.2571281281281281,3179.4399535998
4,0.3871931931931932,3194.816389023558,0.2480983934023561,0.2571281281281281,3179.4399535998
4,0.3891941941941942,3195.207542704745,0.2480983934023561,0.2571281281281281,3179.4399535998
4,0.3911951951951952,3195.601344155517,0.2480983934023561,0.2571281281281281,3179.4399535998
4,0.3931961961961962,3195.99772281044,0.2480983934023561,0.2571281281281281,3179.4399535998
4,0.3951971971971972,3196.396609110692,0.2480983934023561,0.2571281281281281,3179.4399535998
4,0.3971981981981982,3196.797934491531,0.2480983934023561,0.2571281281281281,3179.4399535998
4,0.3991991991991992,3197.201631369977,0.2480983934023561,0.2571281281281281,3179.4399535998
4,0.4012002002002002,3197.607633132533,0.2480983934023561,0.2571281281281281,3179.4399535998
4,0.4032012012012012,3198.015874123241,0.2480983934023561,0.2571281281281281,3179.4399535998
4,0.4052022022022022,3198.426289631733,0.2480983934023561,0.2571281281281281,3179.4399535998
4,0.4072032032032032,3198.838815881547,0.2480983934023561,0.2571281281281281,3179.4399535998
4,0.4092042042042042,3199.253390018557,0.2480983934023561,0.2571281281281281,3179.4399535998
4,0.4112052052052052,3199.669950099519,0.2480983934023561,0.2571281281281281,3179.4399535998
4,0.4132062062062062,3200.08843508086,0.2480983934023561,0.2571281281281281,3179.4399535998
4,0.4152072072072072,3200.508784807509,0.2480983934023561,0.2571281281281281,3179.4399535998
4,0.4172082082082082,3200.930940001893,0.2480983934023561,0.2571281281281281,3179.4399535998
4,0.4192092092092092,3201.354842253157,0.2480983934023561,0.2571281281281281,3179.4399535998
4,0.4212102102102102,3201.780434006404,0.2480983934023561,0.2571281281281281,3179.4399535998
4,0.4232112112112112,3202.20765855214,0.2480983934023561,0.2571281281281281,3179.4399535998
4,0.4252122122122122,3202.636460015828,0.2480983934023561,0.2571281281281281,3179.4399535998
4,0.4272132132132132,3203.066783347608,0.2480983934023561,0.2571281281281281,3179.4399535998
4,0.4292142142142142,3203.498574312069,0.2480983934023561,0.2571281281281281,3179.4399535998
4,0.4312152152152152,3203.931779478231,0.2480983934023561,0.2571281281281281,3179.4399535998
4,0.4332162162162162,3204.366346209606,0.2480983934023561,0.2571281281281281,3179.4399535998
4,0.4352172172172172,3204.802222654391,0.2480983934023561,0.2571281281281281,3179.4399535998
4,0.4372182182182182,3205.239357735786,0.2480983934023561,0.2571281281281281,3179.4399535998
4,0.4392192192192192,3205.677701142421,0.2480983934023561,0.2571281281281281,3179.4399535998
4,0.4412202202202202,3206.117203318904,0.2480983934023561,0.2571281281281281,3179.4399535998
4,0.4432212212212212,3206.557815456494,0.2480983934023561,0.2571281281281281,3179.4399535998
4,0.4452222222222222,3206.999489483876,0.2480983934023561,0.2571281281281281,3179.4399535998
4,0.4472232232232232,3207.442178058048,0.2480983934023561,0.2571281281281281,3179.4399535998
4,0.4492242242242243,3207.885834555329,0.2480983934023561,0.2571281281281281,3179.4399535998
4,0.4512252252252252,3208.330413062445,0.2480983934023561,0.2571281281281281,3179.4399535998
4,0.4532262262262262,3208.775868367781,0.2480983934023561,0.2571281281281281,3179.4399535998
4,0.4552272272272272,3209.222155952676,0.2480983934023561,0.2571281281281281,3179.4399535998
4,0.4572282282282282,3209.669231982847,0.2480983934023561,0.2571281281281281,3179.4399535998
4,0.4592292292292292,3210.117053299929,0.2480983934023561,0.2571281281281281,3179.4399535998
4,0.4612302302302302,3210.565577413086,0.2480983934023561,0.2571281281281281,3179.4399535998
4,0.4632312312312312,3211.014762490754,0.2480983934023561,0.2571281281281281,3179.4399535998
4,0.4652322322322323,3211.464567352459,0.2480983934023561,0.2571281281281281,3179.4399535998
4,0.4672332332332332,3211.914951460744,0.2480983934023561,0.2571281281281281,3179.4399535998
4,0.4692342342342342,3212.365874913176,0.2480983934023561,0.2571281281281281,3179.4399535998
4,0.4712352352352353,3212.817298434456,0.2480983934023561,0.2571281281281281,3179.4399535998
4,0.4732362362362362,3213.269183368653,0.2480983934023561,0.2571281281281281,3179.4399535998
4,0.4752372372372373,3213.721491671454,0.2480983934023561,0.2571281281281281,3179.4399535998
4,0.4772382382382382,3214.174185902572,0.2480983934023561,0.2571281281281281,3179.4399535998
4,0.4792392392392392,3214.627229218261,0.2480983934023561,0.2571281281281281,3179.4399535998
4,0.4812402402402403,3215.080585363785,0.2480983934023561,0.2571281281281281,3179.4399535998
4,0.4832412412412412,3215.534218666179,0.2480983934023561,0.2571281281281281,3179.4399535998
4,0.4852422422422423,3215.988094026887,0.2480983934023561,0.2571281281281281,3179.4399535998
4,0.4872432432432433,3216.442176914655,0.2480983934023561,0.2571281281281281,3179.4399535998
4,0.4892442442442442,3216.896433358397,0.2480983934023561,0.2571281281281281,3179.4399535998
4,0.4912452452452453,3217.350829940185,0.2480983934023561,0.2571281281281281,3179.4399535998
4,0.4932462462462462,3217.805333788321,0.2480983934023561,0.2571281281281281,3179.4399535998
4,0.4952472472472472,3218.259912570505,0.2480983934023561,0.2571281281281281,3179.4399535998
4,0.4972482482482483,3218.714534487043,0.2480983934023561,0.2571281281281281,3179.4399535998
4,0.4992492492492492,3219.169168264126,0.2480983934023561,0.2571281281281281,3179.4399535998
4,0.5012502502502503,3219.623783147271,0.2480983934023561,0.2571281281281281,3179.4399535998
4,0.5032512512512513,3220.078348894743,0.2480983934023561,0.2571281281281281,3179.4399535998
4,0.5052522522522522,3220.532835771099,0.2480983934023561,0.2571281281281281,3179.4399535998
4,0.5072532532532532,3220.987214540813,0.2480983934023561,0.2571281281281281,3179.4399535998
4,0.5092542542542543,3221.44145646192,0.2480983934023561,0.2571281281281281,3179.4399535998
4,0.5112552552552553,3221.89553327982,0.2480983934023561,0.2571281281281281,3179.4399535998
4,0.5132562562562563,3222.349417221064,0.2480983934023561,0.2571281281281281,3179.4399535998
4,0.5152572572572572,3222.803080987303,0.2480983934023561,0.2571281281281281,3179.4399535998
4,0.5172582582582582,3223.2564977492,0.2480983934023561,0.2571281281281281,3179.4399535998
4,0.5192592592592593,3223.709641140511,0.2480983934023561,0.2571281281281281,3179.4399535998
4,0.5212602602602603,3224.16248525217,0.2480983934023561,0.2571281281281281,3179.4399535998
4,0.5232612612612613,3224.615004626487,0.2480983934023561,0.2571281281281281,3179.4399535998
4,0.5252622622622622,3225.067174251351,0.2480983934023561,0.2571281281281281,3179.4399535998
4,0.5272632632632632,3225.518969554582,0.2480983934023561,0.2571281281281281,3179.4399535998
4,0.5292642642642643,3225.970366398282,0.2480983934023561,0.2571281281281281,3179.4399535998
4,0.5312652652652653,3226.421341073255,0.2480983934023561,0.2571281281281281,3179.4399535998
4,0.5332662662662663,3226.871870293567,0.2480983934023561,0.2571281281281281,3179.4399535998
4,0.5352672672672673,3227.321931191029,0.2480983934023561,0.2571281281281281,3179.4399535998
4,0.5372682682682682,3227.771501309894,0.2480983934023561,0.2571281281281281,3179.4399535998
4,0.5392692692692693,3228.220558601508,0.2480983934023561,0.2571281281281281,3179.4399535998
4,0.5412702702702703,3228.669081419059,0.2480983934023561,0.2571281281281281,3179.4399535998
4,0.5432712712712713,3229.117048512433,0.2480983934023561,0.2571281281281281,3179.4399535998
4,0.5452722722722723,3229.564439023011,0.2480983934023561,0.2571281281281281,3179.4399535998
4,0.5472732732732732,3230.011232478641,0.2480983934023561,0.2571281281281281,3179.4399535998
4,0.5492742742742743,3230.457408788631,0.2480983934023561,0.2571281281281281,3179.4399535998
4,0.5512752752752753,3230.902948238765,0.2480983934023561,0.2571281281281281,3179.4399535998
4,0.5532762762762763,3231.347831486407,0.2480983934023561,0.2571281281281281,3179.4399535998
4,0.5552772772772773,3231.792039555693,0.2480983934023561,0.2571281281281281,3179.4399535998
4,0.5572782782782782,3232.235553832687,0.2480983934023561,0.2571281281281281,3179.4399535998
4,0.5592792792792792,3232.678356060682,0.2480983934023561,0.2571281281281281,3179.4399535998
4,0.5612802802802803,3233.120428335543,0.2480983934023561,0.2571281281281281,3179.4399535998
4,0.5632812812812813,3233.561753101025,0.2480983934023561,0.2571281281281281,3179.4399535998
4,0.5652822822822823,3234.002313144232,0.2480983934023561,0.2571281281281281,3179.4399535998
4,0.5672832832832833,3234.442091591114,0.2480983934023561,0.2571281281281281,3179.4399535998
4,0.5692842842842842,3234.881071901973,0.2480983934023561,0.2571281281281281,3179.4399535998
4,0.5712852852852853,3235.31923786705,0.2480983934023561,0.2571281281281281,3179.4399535998
4,0.5732862862862863,3235.756573602169,0.2480983934023561,0.2571281281281281,3179.4399535998
4,0.5752872872872873,3236.193063544416,0.2480983934023561,0.2571281281281281,3179.4399535998
4,0.5772882882882883,3236.628692447879,0.2480983934023561,0.2571281281281281,3179.4399535998
4,0.5792892892892892,3237.063445379417,0.2480983934023561,0.2571281281281281,3179.4399535998
4,0.5812902902902903,3237.497307714511,0.2480983934023561,0.2571281281281281,3179.4399535998
4,0.5832912912912913,3237.930265133116,0.2480983934023561,0.2571281281281281,3179.4399535998
4,0.5852922922922923,3238.362303615631,0.2480983934023561,0.2571281281281281,3179.4399535998
4,0.5872932932932933,3238.793409438833,0.2480983934023561,0.2571281281281281,3179.4399535998
4,0.5892942942942943,3239.223569171926,0.2480983934023561,0.2571281281281281,3179.4399535998
4,0.5912952952952953,3239.652769672561,0.2480983934023561,0.2571281281281281,3179.4399535998
4,0.5932962962962963,3240.080998083024,0.2480983934023561,0.2571281281281281,3179.4399535998
4,0.5952972972972973,3240.50824182632,0.2480983934023561,0.2571281281281281,3179.4399535998
4,0.5972982982982983,3240.934488602423,0.2480983934023561,0.2571281281281281,3179.4399535998
4,0.5992992992992993,3241.359726384485,0.2480983934023561,0.2571281281281281,3179.4399535998
4,0.6013003003003003,3241.783943415154,0.2480983934023561,0.2571281281281281,3179.4399535998
4,0.6033013013013013,3242.207128202903,0.2480983934023561,0.2571281281281281,3179.4399535998
4,0.6053023023023023,3242.629269518367,0.2480983934023561,0.2571281281281281,3179.4399535998
4,0.6073033033033033,3243.050356390805,0.2480983934023561,0.2571281281281281,3179.4399535998
4,0.6093043043043043,3243.470378104549,0.2480983934023561,0.2571281281281281,3179.4399535998
4,0.6113053053053054,3243.889324195466,0.2480983934023561,0.2571281281281281,3179.4399535998
4,0.6133063063063063,3244.307184447547,0.2480983934023561,0.2571281281281281,3179.4399535998
4,0.6153073073073073,3244.723948889452,0.2480983934023561,0.2571281281281281,3179.4399535998
4,0.6173083083083083,3245.139607791155,0.2480983934023561,0.2571281281281281,3179.4399535998
4,0.6193093093093093,3245.554151660579,0.2480983934023561,0.2571281281281281,3179.4399535998
4,0.6213103103103104,3245.967571240306,0.2480983934023561,0.2571281281281281,3179.4399535998
4,0.6233113113113113,3246.379857504317,0.2480983934023561,0.2571281281281281,3179.4399535998
4,0.6253123123123123,3246.791001654756,0.2480983934023561,0.2571281281281281,3179.4399535998
4,0.6273133133133133,3247.200995118757,0.2480983934023561,0.2571281281281281,3179.4399535998
4,0.6293143143143143,3247.609829545267,0.2480983934023561,0.2571281281281281,3179.4399535998
4,0.6313153153153154,3248.017496801972,0.2480983934023561,0.2571281281281281,3179.4399535998
4,0.6333163163163164,3248.423988972178,0.2480983934023561,0.2571281281281281,3179.4399535998
4,0.6353173173173173,3248.829298351796,0.2480983934023561,0.2571281281281281,3179.4399535998
4,0.6373183183183183,3249.233417446333,0.2480983934023561,0.2571281281281281,3179.4399535998
4,0.6393193193193193,3249.636338967913,0.2480983934023561,0.2571281281281281,3179.4399535998
4,0.6413203203203203,3250.038055832349,0.2480983934023561,0.2571281281281281,3179.4399535998
4,0.6433213213213214,3250.438561156246,0.2480983934023561,0.2571281281281281,3179.4399535998
4,0.6453223223223223,3250.83784825411,0.2480983934023561,0.2571281281281281,3179.4399535998
4,0.6473233233233233,3251.235910635553,0.2480983934023561,0.2571281281281281,3179.4399535998
4,0.6493243243243243,3251.632742002474,0.2480983934023561,0.2571281281281281,3179.4399535998
4,0.6513253253253253,3252.028336246276,0.2480983934023561,0.2571281281281281,3179.4399535998
4,0.6533263263263264,3252.422687445177,0.2480983934023561,0.2571281281281281,3179.4399535998
4,0.6553273273273273,3252.815789861452,0.2480983934023561,0.2571281281281281,3179.4399535998
4,0.6573283283283283,3253.207637938805,0.2480983934023561,0.2571281281281281,3179.4399535998
4,0.6593293293293293,3253.598226299736,0.2480983934023561,0.2571281281281281,3179.4399535998
4,0.6613303303303303,3253.98754974289,0.2480983934023561,0.2571281281281281,3179.4399535998
4,0.6633313313313314,3254.375603240524,0.2480983934023561,0.2571281281281281,3179.4399535998
4,0.6653323323323324,3254.76238193595,0.2480983934023561,0.2571281281281281,3179.4399535998
4,0.6673333333333333,3255.147881141025,0.2480983934023561,0.2571281281281281,3179.4399535998
4,0.6693343343343343,3255.532096333645,0.2480983934023561,0.2571281281281281,3179.4399535998
4,0.6713353353353353,3255.915023155309,0.2480983934023561,0.2571281281281281,3179.4399535998
4,0.6733363363363364,3256.296657408705,0.2480983934023561,0.2571281281281281,3179.4399535998
4,0.6753373373373374,3256.676995055292,0.2480983934023561,0.2571281281281281,3179.4399535998
4,0.6773383383383383,3257.056032212932,0.2480983934023561,0.2571281281281281,3179.4399535998
4,0.6793393393393393,3257.433765153561,0.2480983934023561,0.2571281281281281,3179.4399535998
4,0.6813403403403403,3257.810190300883,0.2480983934023561,0.2571281281281281,3179.4399535998
4,0.6833413413413414,3258.185304228084,0.2480983934023561,0.2571281281281281,3179.4399535998
4,0.6853423423423424,3258.559103655539,0.2480983934023561,0.2571281281281281,3179.4399535998
4,0.6873433433433433,3258.931585448666,0.2480983934023561,0.2571281281281281,3179.4399535998
4,0.6893443443443443,3259.302746615625,0.2480983934023561,0.2571281281281281,3179.4399535998
4,0.6913453453453453,3259.672584305225,0.2480983934023561,0.2571281281281281,3179.4399535998
4,0.6933463463463464,3260.041095804723,0.2480983934023561,0.2571281281281281,3179.4399535998
4,0.6953473473473474,3260.408278537721,0.2480983934023561,0.2571281281281281,3179.4399535998
4,0.6973483483483484,3260.774130062087,0.2480983934023561,0.2571281281281281,3179.4399535998
4,0.6993493493493493,3261.138648067829,0.2480983934023561,0.2571281281281281,3179.4399535998
4,0.7013503503503503,3261.501830375122,0.2480983934023561,0.2571281281281281,3179.4399535998
4,0.7033513513513514,3261.86367493222,0.2480983934023561,0.2571281281281281,3179.4399535998
4,0.7053523523523524,3262.224179813494,0.2480983934023561,0.2571281281281281,3179.4399535998
4,0.7073533533533534,3262.583343217455,0.2480983934023561,0.2571281281281281,3179.4399535998
4,0.7093543543543543,3262.941163464802,0.2480983934023561,0.2571281281281281,3179.4399535998
4,0.7113553553553553,3263.297638996495,0.2480983934023561,0.2571281281281281,3179.4399535998
4,0.7133563563563564,3263.652768371859,0.2480983934023561,0.2571281281281281,3179.4399535998
4,0.7153573573573574,3264.006550266703,0.2480983934023561,0.2571281281281281,3179.4399535998
4,0.7173583583583584,3264.358983471468,0.2480983934023561,0.2571281281281281,3179.4399535998
4,0.7193593593593594,3264.710066889386,0.2480983934023561,0.2571281281281281,3179.4399535998
4,0.7213603603603603,3265.059799534696,0.2480983934023561,0.2571281281281281,3179.4399535998
4,0.7233613613613614,3265.408180530815,0.2480983934023561,0.2571281281281281,3179.4399535998
4,0.7253623623623624,3265.75520910862,0.2480983934023561,0.2571281281281281,3179.4399535998
4,0.7273633633633634,3266.100884604662,0.2480983934023561,0.2571281281281281,3179.4399535998
4,0.7293643643643644,3266.445206459484,0.2480983934023561,0.2571281281281281,3179.4399535998
4,0.7313653653653653,3266.788174215884,0.2480983934023561,0.2571281281281281,3179.4399535998
4,0.7333663663663663,3267.12978751726,0.2480983934023561,0.2571281281281281,3179.4399535998
4,0.7353673673673674,3267.470046105956,0.2480983934023561,0.2571281281281281,3179.4399535998
4,0.7373683683683684,3267.808949821593,0.2480983934023561,0.2571281281281281,3179.4399535998
4,0.7393693693693694,3268.14649859949,0.2480983934023561,0.2571281281281281,3179.4399535998
4,0.7413703703703703,3268.482692469047,0.2480983934023561,0.2571281281281281,3179.4399535998
4,0.7433713713713713,3268.817531552156,0.2480983934023561,0.2571281281281281,3179.4399535998
4,0.7453723723723724,3269.151016061684,0.2480983934023561,0.2571281281281281,3179.4399535998
4,0.7473733733733734,3269.483146299895,0.2480983934023561,0.2571281281281281,3179.4399535998
4,0.7493743743743744,3269.813922656946,0.2480983934023561,0.2571281281281281,3179.4399535998
4,0.7513753753753754,3270.143345609394,0.2480983934023561,0.2571281281281281,3179.4399535998
4,0.7533763763763763,3270.471415718724,0.2480983934023561,0.2571281281281281,3179.4399535998
4,0.7553773773773774,3270.798133629848,0.2480983934023561,0.2571281281281281,3179.4399535998
4,0.7573783783783784,3271.123500069701,0.2480983934023561,0.2571281281281281,3179.4399535998
4,0.7593793793793794,3271.447515845811,0.2480983934023561,0.2571281281281281,3179.4399535998
4,0.7613803803803804,3271.770181844886,0.2480983934023561,0.2571281281281281,3179.4399535998
4,0.7633813813813813,3272.091499031408,0.2480983934023561,0.2571281281281281,3179.4399535998
4,0.7653823823823824,3272.411468446302,0.2480983934023561,0.2571281281281281,3179.4399535998
4,0.7673833833833834,3272.730091205537,0.2480983934023561,0.2571281281281281,3179.4399535998
4,0.7693843843843844,3273.047368498822,0.2480983934023561,0.2571281281281281,3179.4399535998
4,0.7713853853853854,3273.363301588292,0.2480983934023561,0.2571281281281281,3179.4399535998
4,0.7733863863863863,3273.677891807159,0.2480983934023561,0.2571281281281281,3179.4399535998
4,0.7753873873873874,3273.991140558484,0.2480983934023561,0.2571281281281281,3179.4399535998
4,0.7773883883883884,3274.303049313874,0.2480983934023561,0.2571281281281281,3179.4399535998
4,0.7793893893893894,3274.613619612239,0.2480983934023561,0.2571281281281281,3179.4399535998
4,0.7813903903903904,3274.922853058548,0.2480983934023561,0.2571281281281281,3179.4399535998
4,0.7833913913913914,3275.230751322625,0.2480983934023561,0.2571281281281281,3179.4399535998
4,0.7853923923923924,3275.53731613793,0.2480983934023561,0.2571281281281281,3179.4399535998
4,0.7873933933933934,3275.842549300367,0.2480983934023561,0.2571281281281281,3179.4399535998
4,0.7893943943943944,3276.146452667129,0.2480983934023561,0.2571281281281281,3179.4399535998
4,0.7913953953953954,3276.449028155529,0.2480983934023561,0.2571281281281281,3179.4399535998
4,0.7933963963963964,3276.750277741848,0.2480983934023561,0.2571281281281281,3179.4399535998
4,0.7953973973973975,3277.050203460216,0.2480983934023561,0.2571281281281281,3179.4399535998
4,0.7973983983983984,3277.348807401498,0.2480983934023561,0.2571281281281281,3179.4399535998
4,0.7993993993993994,3277.646091712205,0.2480983934023561,0.2571281281281281,3179.4399535998
4,0.8014004004004004,3277.94205859339,0.2480983934023561,0.2571281281281281,3179.4399535998
4,0.8034014014014014,3278.236710299587,0.2480983934023561,0.2571281281281281,3179.4399535998
4,0.8054024024024025,3278.530049137761,0.2480983934023561,0.2571281281281281,3179.4399535998
4,0.8074034034034034,3278.822077466263,0.2480983934023561,0.2571281281281281,3179.4399535998
4,0.8094044044044044,3279.112797693785,0.2480983934023561,0.2571281281281281,3179.4399535998
4,0.8114054054054054,3279.402212278378,0.2480983934023561,0.2571281281281281,3179.4399535998
4,0.8134064064064064,3279.690323726415,0.2480983934023561,0.2571281281281281,3179.4399535998
4,0.8154074074074074,3279.977134591647,0.2480983934023561,0.2571281281281281,3179.4399535998
4,0.8174084084084084,3280.262647474164,0.2480983934023561,0.2571281281281281,3179.4399535998
4,0.8194094094094094,3280.546865019508,0.2480983934023561,0.2571281281281281,3179.4399535998
4,0.8214104104104104,3280.829789917671,0.2480983934023561,0.2571281281281281,3179.4399535998
4,0.8234114114114114,3281.111424902183,0.2480983934023561,0.2571281281281281,3179.4399535998
4,0.8254124124124124,3281.391772749177,0.2480983934023561,0.2571281281281281,3179.4399535998
4,0.8274134134134135,3281.670836276485,0.2480983934023561,0.2571281281281281,3179.4399535998
4,0.8294144144144144,3281.948618342743,0.2480983934023561,0.2571281281281281,3179.4399535998
4,0.8314154154154154,3282.225121846491,0.2480983934023561,0.2571281281281281,3179.4399535998
4,0.8334164164164164,3282.500349725308,0.2480983934023561,0.2571281281281281,3179.4399535998
4,0.8354174174174174,3282.774304954963,0.2480983934023561,0.2571281281281281,3179.4399535998
4,0.8374184184184185,3283.04699054853,0.2480983934023561,0.2571281281281281,3179.4399535998
4,0.8394194194194194,3283.318409555585,0.2480983934023561,0.2571281281281281,3179.4399535998
4,0.8414204204204204,3283.588565061347,0.2480983934023561,0.2571281281281281,3179.4399535998
4,0.8434214214214214,3283.857460185903,0.2480983934023561,0.2571281281281281,3179.4399535998
4,0.8454224224224224,3284.125098083347,0.2480983934023561,0.2571281281281281,3179.4399535998
4,0.8474234234234235,3284.391481941036,0.2480983934023561,0.2571281281281281,3179.4399535998
4,0.8494244244244245,3284.656614978774,0.2480983934023561,0.2571281281281281,3179.4399535998
4,0.8514254254254254,3284.920500448071,0.2480983934023561,0.2571281281281281,3179.4399535998
4,0.8534264264264264,3285.183141631348,0.2480983934023561,0.2571281281281281,3179.4399535998
4,0.8554274274274274,3285.444541841205,0.2480983934023561,0.2571281281281281,3179.4399535998
4,0.8574284284284285,3285.704704419691,0.2480983934023561,0.2571281281281281,3179.4399535998
4,0.8594294294294295,3285.963632737541,0.2480983934023561,0.2571281281281281,3179.4399535998
4,0.8614304304304304,3286.221330193491,0.2480983934023561,0.2571281281281281,3179.4399535998
4,0.8634314314314314,3286.477800213549,0.2480983934023561,0.2571281281281281,3179.4399535998
4,0.8654324324324324,3286.733046250284,0.2480983934023561,0.2571281281281281,3179.4399535998
4,0.8674334334334335,3286.987071782187,0.2480983934023561,0.2571281281281281,3179.4399535998
4,0.8694344344344345,3287.239880312914,0.2480983934023561,0.2571281281281281,3179.4399535998
4,0.8714354354354354,3287.491475370698,0.2480983934023561,0.2571281281281281,3179.4399535998
4,0.8734364364364364,3287.741860507615,0.2480983934023561,0.2571281281281281,3179.4399535998
4,0.8754374374374374,3287.99103929898,0.2480983934023561,0.2571281281281281,3179.4399535998
4,0.8774384384384385,3288.239015342682,0.2480983934023561,0.2571281281281281,3179.4399535998
4,0.8794394394394395,3288.485792258572,0.2480983934023561,0.2571281281281281,3179.4399535998
4,0.8814404404404405,3288.731373687817,0.2480983934023561,0.2571281281281281,3179.4399535998
4,0.8834414414414414,3288.975763292286,0.2480983934023561,0.2571281281281281,3179.4399535998
4,0.8854424424424424,3289.218964753964,0.2480983934023561,0.2571281281281281,3179.4399535998
4,0.8874434434434435,3289.46098177434,0.2480983934023561,0.2571281281281281,3179.4399535998
4,0.8894444444444445,3289.701818073824,0.2480983934023561,0.2571281281281281,3179.4399535998
4,0.8914454454454455,3289.941477391142,0.2480983934023561,0.2571281281281281,3179.4399535998
4,0.8934464464464464,3290.179963482812,0.2480983934023561,0.2571281281281281,3179.4399535998
4,0.8954474474474474,3290.417280122554,0.2480983934023561,0.2571281281281281,3179.4399535998
4,0.8974484484484485,3290.653431100716,0.2480983934023561,0.2571281281281281,3179.4399535998
4,0.8994494494494495,3290.888420223763,0.2480983934023561,0.2571281281281281,3179.4399535998
4,0.9014504504504505,3291.122251313721,0.2480983934023561,0.2571281281281281,3179.4399535998
4,0.9034514514514514,3291.354928207639,0.2480983934023561,0.2571281281281281,3179.4399535998
4,0.9054524524524524,3291.586454757086,0.2480983934023561,0.2571281281281281,3179.4399535998
4,0.9074534534534534,3291.816834827606,0.2480983934023561,0.2571281281281281,3179.4399535998
4,0.9094544544544545,3292.046072298261,0.2480983934023561,0.2571281281281281,3179.4399535998
4,0.9114554554554555,3292.274171061058,0.2480983934023561,0.2571281281281281,3179.4399535998
4,0.9134564564564565,3292.501135020538,0.2480983934023561,0.2571281281281281,3179.4399535998
4,0.9154574574574574,3292.726968093217,0.2480983934023561,0.2571281281281281,3179.4399535998
4,0.9174584584584584,3292.95167420716,0.2480983934023561,0.2571281281281281,3179.4399535998
4,0.9194594594594595,3293.175257301496,0.2480983934023561,0.2571281281281281,3179.4399535998
4,0.9214604604604605,3293.397721325936,0.2480983934023561,0.2571281281281281,3179.4399535998
4,0.9234614614614615,3293.619070240346,0.2480983934023561,0.2571281281281281,3179.4399535998
4,0.9254624624624624,3293.839308014281,0.2480983934023561,0.2571281281281281,3179.4399535998
4,0.9274634634634634,3294.058438626532,0.2480983934023561,0.2571281281281281,3179.4399535998
4,0.9294644644644645,3294.276466064724,0.2480983934023561,0.2571281281281281,3179.4399535998
4,0.9314654654654655,3294.493394324858,0.2480983934023561,0.2571281281281281,3179.4399535998
4,0.9334664664664665,3294.709227410897,0.2480983934023561,0.2571281281281281,3179.4399535998
4,0.9354674674674675,3294.923969334356,0.2480983934023561,0.2571281281281281,3179.4399535998
4,0.9374684684684684,3295.137624113872,0.2480983934023561,0.2571281281281281,3179.4399535998
4,0.9394694694694695,3295.350195774847,0.2480983934023561,0.2571281281281281,3179.4399535998
4,0.9414704704704705,3295.561688348997,0.2480983934023561,0.2571281281281281,3179.4399535998
4,0.9434714714714715,3295.772105873999,0.2480983934023561,0.2571281281281281,3179.4399535998
4,0.9454724724724725,3295.981452393077,0.2480983934023561,0.2571281281281281,3179.4399535998
4,0.9474734734734734,3296.18973195468,0.2480983934023561,0.2571281281281281,3179.4399535998
4,0.9494744744744745,3296.396948612024,0.2480983934023561,0.2571281281281281,3179.4399535998
4,0.9514754754754755,3296.603106422815,0.2480983934023561,0.2571281281281281,3179.4399535998
4,0.9534764764764765,3296.808209448822,0.2480983934023561,0.2571281281281281,3179.4399535998
4,0.9554774774774775,3297.012261755563,0.2480983934023561,0.2571281281281281,3179.4399535998
4,0.9574784784784784,3297.215267411931,0.2480983934023561,0.2571281281281281,3179.4399535998
4,0.9594794794794795,3297.417230489877,0.2480983934023561,0.2571281281281281,3179.4399535998
4,0.9614804804804805,3297.618155064034,0.2480983934023561,0.2571281281281281,3179.4399535998
4,0.9634814814814815,3297.818045211437,0.2480983934023561,0.2571281281281281,3179.4399535998
4,0.9654824824824825,3298.016905011146,0.2480983934023561,0.2571281281281281,3179.4399535998
4,0.9674834834834835,3298.214738543962,0.2480983934023561,0.2571281281281281,3179.4399535998
4,0.9694844844844845,3298.411549892085,0.2480983934023561,0.2571281281281281,3179.4399535998
4,0.9714854854854855,3298.607343138827,0.2480983934023561,0.2571281281281281,3179.4399535998
4,0.9734864864864865,3298.802122368283,0.2480983934023561,0.2571281281281281,3179.4399535998
4,0.9754874874874875,3298.995891665058,0.2480983934023561,0.2571281281281281,3179.4399535998
4,0.9774884884884885,3299.18865511394,0.2480983934023561,0.2571281281281281,3179.4399535998
4,0.9794894894894896,3299.380416799635,0.2480983934023561,0.2571281281281281,3179.4399535998
4,0.9814904904904905,3299.571180806475,0.2480983934023561,0.2571281281281281,3179.4399535998
4,0.9834914914914915,3299.760951218132,0.2480983934023561,0.2571281281281281,3179.4399535998
4,0.9854924924924925,3299.949732117348,0.2480983934023561,0.2571281281281281,3179.4399535998
4,0.9874934934934935,3300.137527585655,0.2480983934023561,0.2571281281281281,3179.4399535998
4,0.9894944944944944,3300.324341703139,0.2480983934023561,0.2571281281281281,3179.4399535998
4,0.9914954954954955,3300.51017854813,0.2480983934023561,0.2571281281281281,3179.4399535998
4,0.9934964964964965,3300.695042196977,0.2480983934023561,0.2571281281281281,3179.4399535998
4,0.9954974974974975,3300.878936723795,0.2480983934023561,0.2571281281281281,3179.4399535998
4,0.9974984984984985,3301.061866200215,0.2480983934023561,0.2571281281281281,3179.4399535998
4,0.9994994994994995,3301.243834695123,0.2480983934023561,0.2571281281281281,3179.4399535998
4,1.0015005005005,3301.42484627444,0.2480983934023561,0.2571281281281281,3179.4399535998
4,1.003501501501501,3301.604905000885,0.2480983934023561,0.2571281281281281,3179.4399535998
4,1.005502502502502,3301.784014933741,0.2480983934023561,0.2571281281281281,3179.4399535998
4,1.007503503503503,3301.962180128613,0.2480983934023561,0.2571281281281281,3179.4399535998
4,1.009504504504504,3302.139404637239,0.2480983934023561,0.2571281281281281,3179.4399535998
4,1.011505505505505,3302.315692507237,0.2480983934023561,0.2571281281281281,3179.4399535998
4,1.013506506506506,3302.491047781913,0.2480983934023561,0.2571281281281281,3179.4399535998
4,1.015507507507508,3302.665474500048,0.2480983934023561,0.2571281281281281,3179.4399535998
4,1.017508508508508,3302.838976695668,0.2480983934023561,0.2571281281281281,3179.4399535998
4,1.019509509509509,3303.011558397882,0.2480983934023561,0.2571281281281281,3179.4399535998
4,1.02151051051051,3303.183223630634,0.2480983934023561,0.2571281281281281,3179.4399535998
4,1.023511511511511,3303.353976412565,0.2480983934023561,0.2571281281281281,3179.4399535998
4,1.025512512512512,3303.523820756772,0.2480983934023561,0.2571281281281281,3179.4399535998
4,1.027513513513513,3303.69276067063,0.2480983934023561,0.2571281281281281,3179.4399535998
4,1.029514514514514,3303.860800155642,0.2480983934023561,0.2571281281281281,3179.4399535998
4,1.031515515515515,3304.027943207207,0.2480983934023561,0.2571281281281281,3179.4399535998
4,1.033516516516516,3304.194193814481,0.2480983934023561,0.2571281281281281,3179.4399535998
4,1.035517517517517,3304.359555960183,0.2480983934023561,0.2571281281281281,3179.4399535998
4,1.037518518518519,3304.524033620444,0.2480983934023561,0.2571281281281281,3179.4399535998
4,1.039519519519519,3304.687630764613,0.2480983934023561,0.2571281281281281,3179.4399535998
4,1.04152052052052,3304.850351355117,0.2480983934023561,0.2571281281281281,3179.4399535998
4,1.043521521521521,3305.012199347282,0.2480983934023561,0.2571281281281281,3179.4399535998
4,1.045522522522522,3305.173178689199,0.2480983934023561,0.2571281281281281,3179.4399535998
4,1.047523523523523,3305.333293321541,0.2480983934023561,0.2571281281281281,3179.4399535998
4,1.049524524524524,3305.492547177445,0.2480983934023561,0.2571281281281281,3179.4399535998
4,1.051525525525525,3305.650944182323,0.2480983934023561,0.2571281281281281,3179.4399535998
4,1.053526526526526,3305.808488253763,0.2480983934023561,0.2571281281281281,3179.4399535998
4,1.055527527527527,3305.965183301341,0.2480983934023561,0.2571281281281281,3179.4399535998
4,1.057528528528529,3306.121033226538,0.2480983934023561,0.2571281281281281,3179.4399535998
4,1.05952952952953,3306.276041922549,0.2480983934023561,0.2571281281281281,3179.4399535998
4,1.06153053053053,3306.43021327417,0.2480983934023561,0.2571281281281281,3179.4399535998
4,1.063531531531531,3306.583551157688,0.2480983934023561,0.2571281281281281,3179.4399535998
4,1.065532532532532,3306.73605944073,0.2480983934023561,0.2571281281281281,3179.4399535998
4,1.067533533533533,3306.887741982142,0.2480983934023561,0.2571281281281281,3179.4399535998
4,1.069534534534534,3307.038602631883,0.2480983934023561,0.2571281281281281,3179.4399535998
4,1.071535535535535,3307.188645230881,0.2480983934023561,0.2571281281281281,3179.4399535998
4,1.073536536536536,3307.337873610927,0.2480983934023561,0.2571281281281281,3179.4399535998
4,1.075537537537537,3307.486291594584,0.2480983934023561,0.2571281281281281,3179.4399535998
4,1.077538538538539,3307.633902995043,0.2480983934023561,0.2571281281281281,3179.4399535998
4,1.07953953953954,3307.780711616028,0.2480983934023561,0.2571281281281281,3179.4399535998
4,1.08154054054054,3307.926721251688,0.2480983934023561,0.2571281281281281,3179.4399535998
4,1.083541541541541,3308.071935686508,0.2480983934023561,0.2571281281281281,3179.4399535998
4,1.085542542542542,3308.216358695181,0.2480983934023561,0.2571281281281281,3179.4399535998
4,1.087543543543543,3308.359994042528,0.2480983934023561,0.2571281281281281,3179.4399535998
4,1.089544544544544,3308.502845483396,0.2480983934023561,0.2571281281281281,3179.4399535998
4,1.091545545545545,3308.644916762573,0.2480983934023561,0.2571281281281281,3179.4399535998
4,1.093546546546546,3308.786211614689,0.2480983934023561,0.2571281281281281,3179.4399535998
4,1.095547547547547,3308.92673376411,0.2480983934023561,0.2571281281281281,3179.4399535998
4,1.097548548548549,3309.066486924893,0.2480983934023561,0.2571281281281281,3179.4399535998
4,1.09954954954955,3309.205474800661,0.2480983934023561,0.2571281281281281,3179.4399535998
4,1.101550550550551,3309.343701084528,0.2480983934023561,0.2571281281281281,3179.4399535998
4,1.103551551551551,3309.481169459047,0.2480983934023561,0.2571281281281281,3179.4399535998
4,1.105552552552552,3309.617883596096,0.2480983934023561,0.2571281281281281,3179.4399535998
4,1.107553553553553,3309.753847156821,0.2480983934023561,0.2571281281281281,3179.4399535998
4,1.109554554554554,3309.889063791554,0.2480983934023561,0.2571281281281281,3179.4399535998
4,1.111555555555555,3310.023537139761,0.2480983934023561,0.2571281281281281,3179.4399535998
4,1.113556556556556,3310.157270829935,0.2480983934023561,0.2571281281281281,3179.4399535998
4,1.115557557557557,3310.290268479551,0.2480983934023561,0.2571281281281281,3179.4399535998
4,1.117558558558558,3310.422533695009,0.2480983934023561,0.2571281281281281,3179.4399535998
4,1.11955955955956,3310.554070071548,0.2480983934023561,0.2571281281281281,3179.4399535998
4,1.121560560560561,3310.684881193198,0.2480983934023561,0.2571281281281281,3179.4399535998
4,1.123561561561562,3310.814970632722,0.2480983934023561,0.2571281281281281,3179.4399535998
4,1.125562562562562,3310.944341951527,0.2480983934023561,0.2571281281281281,3179.4399535998
4,1.127563563563563,3311.07299869966,0.2480983934023561,0.2571281281281281,3179.4399535998
4,1.129564564564564,3311.200944415708,0.2480983934023561,0.2571281281281281,3179.4399535998
4,1.131565565565565,3311.328182626761,0.2480983934023561,0.2571281281281281,3179.4399535998
4,1.133566566566566,3311.45471684836,0.2480983934023561,0.2571281281281281,3179.4399535998
4,1.135567567567567,3311.580550584459,0.2480983934023561,0.2571281281281281,3179.4399535998
4,1.137568568568568,3311.705687327356,0.2480983934023561,0.2571281281281281,3179.4399535998
4,1.13956956956957,3311.830130557648,0.2480983934023561,0.2571281281281281,3179.4399535998
4,1.141570570570571,3311.953883744202,0.2480983934023561,0.2571281281281281,3179.4399535998
4,1.143571571571572,3312.076950344108,0.2480983934023561,0.2571281281281281,3179.4399535998
4,1.145572572572573,3312.199333802632,0.2480983934023561,0.2571281281281281,3179.4399535998
4,1.147573573573573,3312.321037553166,0.2480983934023561,0.2571281281281281,3179.4399535998
4,1.149574574574574,3312.442065017213,0.2480983934023561,0.2571281281281281,3179.4399535998
4,1.151575575575575,3312.562419604339,0.2480983934023561,0.2571281281281281,3179.4399535998
4,1.153576576576576,3312.68210471211,0.2480983934023561,0.2571281281281281,3179.4399535998
4,1.155577577577577,3312.801123726121,0.2480983934023561,0.2571281281281281,3179.4399535998
4,1.157578578578578,3312.919480019904,0.2480983934023561,0.2571281281281281,3179.4399535998
4,1.15957957957958,3313.037176954912,0.2480983934023561,0.2571281281281281,3179.4399535998
4,1.161580580580581,3313.154217880527,0.2480983934023561,0.2571281281281281,3179.4399535998
4,1.163581581581582,3313.270606133962,0.2480983934023561,0.2571281281281281,3179.4399535998
4,1.165582582582583,3313.386345040301,0.2480983934023561,0.2571281281281281,3179.4399535998
4,1.167583583583583,3313.501437912436,0.2480983934023561,0.2571281281281281,3179.4399535998
4,1.169584584584584,3313.615888051054,0.2480983934023561,0.2571281281281281,3179.4399535998
4,1.171585585585585,3313.729698744595,0.2480983934023561,0.2571281281281281,3179.4399535998
4,1.173586586586586,3313.842873269274,0.2480983934023561,0.2571281281281281,3179.4399535998
4,1.175587587587587,3313.955414889015,0.2480983934023561,0.2571281281281281,3179.4399535998
4,1.177588588588588,3314.06732685545,0.2480983934023561,0.2571281281281281,3179.4399535998
4,1.17958958958959,3314.178612407898,0.2480983934023561,0.2571281281281281,3179.4399535998
4,1.181590590590591,3314.289274773369,0.2480983934023561,0.2571281281281281,3179.4399535998
4,1.183591591591592,3314.399317166515,0.2480983934023561,0.2571281281281281,3179.4399535998
4,1.185592592592593,3314.508742789611,0.2480983934023561,0.2571281281281281,3179.4399535998
4,1.187593593593594,3314.617554832608,0.2480983934023561,0.2571281281281281,3179.4399535998
4,1.189594594594594,3314.725756473025,0.2480983934023561,0.2571281281281281,3179.4399535998
4,1.191595595595595,3314.833350876017,0.2480983934023561,0.2571281281281281,3179.4399535998
4,1.193596596596596,3314.940341194319,0.2480983934023561,0.2571281281281281,3179.4399535998
4,1.195597597597597,3315.046730568261,0.2480983934023561,0.2571281281281281,3179.4399535998
4,1.197598598598598,3315.152522125733,0.2480983934023561,0.2571281281281281,3179.4399535998
4,1.199599599599599,3315.25771898222,0.2480983934023561,0.2571281281281281,3179.4399535998
4,1.201600600600601,3315.362324240753,0.2480983934023561,0.2571281281281281,3179.4399535998
4,1.203601601601602,3315.466340991928,0.2480983934023561,0.2571281281281281,3179.4399535998
4,1.205602602602603,3315.569772313898,0.2480983934023561,0.2571281281281281,3179.4399535998
4,1.207603603603604,3315.672621272359,0.2480983934023561,0.2571281281281281,3179.4399535998
4,1.209604604604605,3315.774890920571,0.2480983934023561,0.2571281281281281,3179.4399535998
4,1.211605605605605,3315.876584299334,0.2480983934023561,0.2571281281281281,3179.4399535998
4,1.213606606606606,3315.977704436996,0.2480983934023561,0.2571281281281281,3179.4399535998
4,1.215607607607607,3316.078254349449,0.2480983934023561,0.2571281281281281,3179.4399535998
4,1.217608608608608,3316.178237040156,0.2480983934023561,0.2571281281281281,3179.4399535998
4,1.219609609609609,3316.27765550011,0.2480983934023561,0.2571281281281281,3179.4399535998
4,1.221610610610611,3316.376512707874,0.2480983934023561,0.2571281281281281,3179.4399535998
4,1.223611611611612,3316.47481162956,0.2480983934023561,0.2571281281281281,3179.4399535998
4,1.225612612612613,3316.572555218854,0.2480983934023561,0.2571281281281281,3179.4399535998
4,1.227613613613614,3316.669746417007,0.2480983934023561,0.2571281281281281,3179.4399535998
4,1.229614614614615,3316.76638815285,0.2480983934023561,0.2571281281281281,3179.4399535998
4,1.231615615615615,3316.862483342798,0.2480983934023561,0.2571281281281281,3179.4399535998
4,1.233616616616616,3316.958034890855,0.2480983934023561,0.2571281281281281,3179.4399535998
4,1.235617617617617,3317.05304568863,0.2480983934023561,0.2571281281281281,3179.4399535998
4,1.237618618618618,3317.147518615345,0.2480983934023561,0.2571281281281281,3179.4399535998
4,1.239619619619619,3317.241456537836,0.2480983934023561,0.2571281281281281,3179.4399535998
4,1.241620620620621,3317.334862310568,0.2480983934023561,0.2571281281281281,3179.4399535998
4,1.243621621621622,3317.427738775657,0.2480983934023561,0.2571281281281281,3179.4399535998
4,1.245622622622623,3317.520088762875,0.2480983934023561,0.2571281281281281,3179.4399535998
4,1.247623623623624,3317.611915089656,0.2480983934023561,0.2571281281281281,3179.4399535998
4,1.249624624624625,3317.703220561126,0.2480983934023561,0.2571281281281281,3179.4399535998
4,1.251625625625626,3317.794007970083,0.2480983934023561,0.2571281281281281,3179.4399535998
4,1.253626626626626,3317.884280097078,0.2480983934023561,0.2571281281281281,3179.4399535998
4,1.255627627627627,3317.974039710351,0.2480983934023561,0.2571281281281281,3179.4399535998
4,1.257628628628628,3318.063289565908,0.2480983934023561,0.2571281281281281,3179.4399535998
4,1.259629629629629,3318.152032407499,0.2480983934023561,0.2571281281281281,3179.4399535998
4,1.261630630630631,3318.240270966661,0.2480983934023561,0.2571281281281281,3179.4399535998
4,1.263631631631632,3318.328007962732,0.2480983934023561,0.2571281281281281,3179.4399535998
4,1.265632632632633,3318.41524610285,0.2480983934023561,0.2571281281281281,3179.4399535998
4,1.267633633633634,3318.501988081985,0.2480983934023561,0.2571281281281281,3179.4399535998
4,1.269634634634635,3318.588236582984,0.2480983934023561,0.2571281281281281,3179.4399535998
4,1.271635635635636,3318.673994276534,0.2480983934023561,0.2571281281281281,3179.4399535998
4,1.273636636636637,3318.759263821245,0.2480983934023561,0.2571281281281281,3179.4399535998
4,1.275637637637637,3318.84404786362,0.2480983934023561,0.2571281281281281,3179.4399535998
4,1.277638638638638,3318.928349038102,0.2480983934023561,0.2571281281281281,3179.4399535998
4,1.279639639639639,3319.012169967099,0.2480983934023561,0.2571281281281281,3179.4399535998
4,1.28164064064064,3319.095513261008,0.2480983934023561,0.2571281281281281,3179.4399535998
4,1.283641641641642,3319.178381518201,0.2480983934023561,0.2571281281281281,3179.4399535998
4,1.285642642642643,3319.260777325109,0.2480983934023561,0.2571281281281281,3179.4399535998
4,1.287643643643644,3319.342703256201,0.2480983934023561,0.2571281281281281,3179.4399535998
4,1.289644644644645,3319.424161874024,0.2480983934023561,0.2571281281281281,3179.4399535998
4,1.291645645645646,3319.505155729223,0.2480983934023561,0.2571281281281281,3179.4399535998
4,1.293646646646647,3319.585687360579,0.2480983934023561,0.2571281281281281,3179.4399535998
4,1.295647647647648,3319.665759295018,0.2480983934023561,0.2571281281281281,3179.4399535998
4,1.297648648648648,3319.74537404764,0.2480983934023561,0.2571281281281281,3179.4399535998
4,1.299649649649649,3319.824534121764,0.2480983934023561,0.2571281281281281,3179.4399535998
4,1.30165065065065,3319.903242008931,0.2480983934023561,0.2571281281281281,3179.4399535998
4,1.303651651651652,3319.981500188946,0.2480983934023561,0.2571281281281281,3179.4399535998
4,1.305652652652653,3320.059311129903,0.2480983934023561,0.2571281281281281,3179.4399535998
4,1.307653653653654,3320.136677288203,0.2480983934023561,0.2571281281281281,3179.4399535998
4,1.309654654654655,3320.213601108597,0.2480983934023561,0.2571281281281281,3179.4399535998
4,1.311655655655656,3320.290085024209,0.2480983934023561,0.2571281281281281,3179.4399535998
4,1.313656656656657,3320.366131456563,0.2480983934023561,0.2571281281281281,3179.4399535998
4,1.315657657657658,3320.441742815626,0.2480983934023561,0.2571281281281281,3179.4399535998
4,1.317658658658658,3320.51692149979,0.2480983934023561,0.2571281281281281,3179.4399535998
4,1.319659659659659,3320.591669895988,0.2480983934023561,0.2571281281281281,3179.4399535998
4,1.32166066066066,3320.66599037964,0.2480983934023561,0.2571281281281281,3179.4399535998
4,1.323661661661662,3320.73988531473,0.2480983934023561,0.2571281281281281,3179.4399535998
4,1.325662662662663,3320.813357053821,0.2480983934023561,0.2571281281281281,3179.4399535998
4,1.327663663663664,3320.886407938084,0.2480983934023561,0.2571281281281281,3179.4399535998
4,1.329664664664665,3320.95904029736,0.2480983934023561,0.2571281281281281,3179.4399535998
4,1.331665665665666,3321.03125645015,0.2480983934023561,0.2571281281281281,3179.4399535998
4,1.333666666666667,3321.10305870366,0.2480983934023561,0.2571281281281281,3179.4399535998
4,1.335667667667668,3321.174449353852,0.2480983934023561,0.2571281281281281,3179.4399535998
4,1.337668668668669,3321.245430685447,0.2480983934023561,0.2571281281281281,3179.4399535998
4,1.339669669669669,3321.316004972004,0.2480983934023561,0.2571281281281281,3179.4399535998
4,1.34167067067067,3321.386174475881,0.2480983934023561,0.2571281281281281,3179.4399535998
4,1.343671671671672,3321.455941448345,0.2480983934023561,0.2571281281281281,3179.4399535998
4,1.345672672672673,3321.525308129549,0.2480983934023561,0.2571281281281281,3179.4399535998
4,1.347673673673674,3321.594276748606,0.2480983934023561,0.2571281281281281,3179.4399535998
4,1.349674674674675,3321.662849523579,0.2480983934023561,0.2571281281281281,3179.4399535998
4,1.351675675675676,3321.731028661572,0.2480983934023561,0.2571281281281281,3179.4399535998
4,1.353676676676677,3321.798816358707,0.2480983934023561,0.2571281281281281,3179.4399535998
4,1.355677677677678,3321.866214800192,0.2480983934023561,0.2571281281281281,3179.4399535998
4,1.357678678678679,3321.933226160357,0.2480983934023561,0.2571281281281281,3179.4399535998
4,1.35967967967968,3321.999852602676,0.2480983934023561,0.2571281281281281,3179.4399535998
4,1.36168068068068,3322.066096279795,0.2480983934023561,0.2571281281281281,3179.4399535998
4,1.363681681681682,3322.131959333594,0.2480983934023561,0.2571281281281281,3179.4399535998
4,1.365682682682683,3322.197443895202,0.2480983934023561,0.2571281281281281,3179.4399535998
4,1.367683683683684,3322.262552085027,0.2480983934023561,0.2571281281281281,3179.4399535998
4,1.369684684684685,3322.327286012822,0.2480983934023561,0.2571281281281281,3179.4399535998
4,1.371685685685686,3322.39164777768,0.2480983934023561,0.2571281281281281,3179.4399535998
4,1.373686686686687,3322.455639468109,0.2480983934023561,0.2571281281281281,3179.4399535998
4,1.375687687687688,3322.519263162051,0.2480983934023561,0.2571281281281281,3179.4399535998
4,1.377688688688689,3322.582520926891,0.2480983934023561,0.2571281281281281,3179.4399535998
4,1.37968968968969,3322.645414819554,0.2480983934023561,0.2571281281281281,3179.4399535998
4,1.381690690690691,3322.707946886491,0.2480983934023561,0.2571281281281281,3179.4399535998
4,1.383691691691691,3322.770119163736,0.2480983934023561,0.2571281281281281,3179.4399535998
4,1.385692692692693,3322.83193367693,0.2480983934023561,0.2571281281281281,3179.4399535998
4,1.387693693693694,3322.893392441388,0.2480983934023561,0.2571281281281281,3179.4399535998
4,1.389694694694695,3322.954497462092,0.2480983934023561,0.2571281281281281,3179.4399535998
4,1.391695695695696,3323.01525073377,0.2480983934023561,0.2571281281281281,3179.4399535998
4,1.393696696696697,3323.0756542409,0.2480983934023561,0.2571281281281281,3179.4399535998
4,1.395697697697698,3323.135709957764,0.2480983934023561,0.2571281281281281,3179.4399535998
4,1.397698698698699,3323.195419848509,0.2480983934023561,0.2571281281281281,3179.4399535998
4,1.3996996996997,3323.254785867113,0.2480983934023561,0.2571281281281281,3179.4399535998
4,1.401700700700701,3323.313809957504,0.2480983934023561,0.2571281281281281,3179.4399535998
4,1.403701701701701,3323.372494053559,0.2480983934023561,0.2571281281281281,3179.4399535998
4,1.405702702702703,3323.430840079119,0.2480983934023561,0.2571281281281281,3179.4399535998
4,1.407703703703704,3323.488849948074,0.2480983934023561,0.2571281281281281,3179.4399535998
4,1.409704704704705,3323.54652556439,0.2480983934023561,0.2571281281281281,3179.4399535998
4,1.411705705705706,3323.603868822103,0.2480983934023561,0.2571281281281281,3179.4399535998
4,1.413706706706707,3323.660881605413,0.2480983934023561,0.2571281281281281,3179.4399535998
4,1.415707707707708,3323.717565788698,0.2480983934023561,0.2571281281281281,3179.4399535998
4,1.417708708708709,3323.773923236546,0.2480983934023561,0.2571281281281281,3179.4399535998
4,1.41970970970971,3323.829955803803,0.2480983934023561,0.2571281281281281,3179.4399535998
4,1.421710710710711,3323.885665335605,0.2480983934023561,0.2571281281281281,3179.4399535998
4,1.423711711711712,3323.941053667434,0.2480983934023561,0.2571281281281281,3179.4399535998
4,1.425712712712713,3323.996122625121,0.2480983934023561,0.2571281281281281,3179.4399535998
4,1.427713713713714,3324.050874024913,0.2480983934023561,0.2571281281281281,3179.4399535998
4,1.429714714714715,3324.1053096735,0.2480983934023561,0.2571281281281281,3179.4399535998
4,1.431715715715716,3324.159431368073,0.2480983934023561,0.2571281281281281,3179.4399535998
4,1.433716716716717,3324.213240896329,0.2480983934023561,0.2571281281281281,3179.4399535998
4,1.435717717717718,3324.266740036529,0.2480983934023561,0.2571281281281281,3179.4399535998
4,1.437718718718719,3324.319930557531,0.2480983934023561,0.2571281281281281,3179.4399535998
4,1.43971971971972,3324.372814218838,0.2480983934023561,0.2571281281281281,3179.4399535998
4,1.441720720720721,3324.425392770621,0.2480983934023561,0.2571281281281281,3179.4399535998
4,1.443721721721722,3324.477667953774,0.2480983934023561,0.2571281281281281,3179.4399535998
4,1.445722722722723,3324.529641499936,0.2480983934023561,0.2571281281281281,3179.4399535998
4,1.447723723723724,3324.581315131535,0.2480983934023561,0.2571281281281281,3179.4399535998
4,1.449724724724725,3324.632690561841,0.2480983934023561,0.2571281281281281,3179.4399535998
4,1.451725725725726,3324.683769494985,0.2480983934023561,0.2571281281281281,3179.4399535998
4,1.453726726726727,3324.734553625991,0.2480983934023561,0.2571281281281281,3179.4399535998
4,1.455727727727728,3324.785044640849,0.2480983934023561,0.2571281281281281,3179.4399535998
4,1.457728728728729,3324.835244216518,0.2480983934023561,0.2571281281281281,3179.4399535998
4,1.45972972972973,3324.885154020988,0.2480983934023561,0.2571281281281281,3179.4399535998
4,1.461730730730731,3324.934775713284,0.2480983934023561,0.2571281281281281,3179.4399535998
4,1.463731731731732,3324.984110943561,0.2480983934023561,0.2571281281281281,3179.4399535998
4,1.465732732732733,3325.033161353087,0.2480983934023561,0.2571281281281281,3179.4399535998
4,1.467733733733734,3325.081928574323,0.2480983934023561,0.2571281281281281,3179.4399535998
4,1.469734734734735,3325.130414230921,0.2480983934023561,0.2571281281281281,3179.4399535998
4,1.471735735735736,3325.17861993779,0.2480983934023561,0.2571281281281281,3179.4399535998
4,1.473736736736737,3325.226547301133,0.2480983934023561,0.2571281281281281,3179.4399535998
4,1.475737737737738,3325.274197918486,0.2480983934023561,0.2571281281281281,3179.4399535998
4,1.477738738738739,3325.321573378724,0.2480983934023561,0.2571281281281281,3179.4399535998
4,1.47973973973974,3325.368675262144,0.2480983934023561,0.2571281281281281,3179.4399535998
4,1.481740740740741,3325.415505140488,0.2480983934023561,0.2571281281281281,3179.4399535998
4,1.483741741741742,3325.462064576952,0.2480983934023561,0.2571281281281281,3179.4399535998
4,1.485742742742743,3325.508355126278,0.2480983934023561,0.2571281281281281,3179.4399535998
4,1.487743743743744,3325.554378334733,0.2480983934023561,0.2571281281281281,3179.4399535998
4,1.489744744744745,3325.600135740195,0.2480983934023561,0.2571281281281281,3179.4399535998
4,1.491745745745746,3325.645628872169,0.2480983934023561,0.2571281281281281,3179.4399535998
4,1.493746746746747,3325.690859251821,0.2480983934023561,0.2571281281281281,3179.4399535998
4,1.495747747747748,3325.735828392025,0.2480983934023561,0.2571281281281281,3179.4399535998
4,1.497748748748749,3325.780537797396,0.2480983934023561,0.2571281281281281,3179.4399535998
4,1.49974974974975,3325.824988964324,0.2480983934023561,0.2571281281281281,3179.4399535998
4,1.501750750750751,3325.869183381024,0.2480983934023561,0.2571281281281281,3179.4399535998
4,1.503751751751752,3325.91312252757,0.2480983934023561,0.2571281281281281,3179.4399535998
4,1.505752752752753,3325.956807875903,0.2480983934023561,0.2571281281281281,3179.4399535998
4,1.507753753753754,3326.000240889924,0.2480983934023561,0.2571281281281281,3179.4399535998
4,1.509754754754755,3326.04342302547,0.2480983934023561,0.2571281281281281,3179.4399535998
4,1.511755755755756,3326.086355730415,0.2480983934023561,0.2571281281281281,3179.4399535998
4,1.513756756756757,3326.129040444641,0.2480983934023561,0.2571281281281281,3179.4399535998
4,1.515757757757758,3326.171478600128,0.2480983934023561,0.2571281281281281,3179.4399535998
4,1.517758758758759,3326.213671620956,0.2480983934023561,0.2571281281281281,3179.4399535998
4,1.51975975975976,3326.255620923363,0.2480983934023561,0.2571281281281281,3179.4399535998
4,1.521760760760761,3326.297327915784,0.2480983934023561,0.2571281281281281,3179.4399535998
4,1.523761761761762,3326.33879399885,0.2480983934023561,0.2571281281281281,3179.4399535998
4,1.525762762762763,3326.380020565489,0.2480983934023561,0.2571281281281281,3179.4399535998
4,1.527763763763764,3326.421009000889,0.2480983934023561,0.2571281281281281,3179.4399535998
4,1.529764764764765,3326.461760682605,0.2480983934023561,0.2571281281281281,3179.4399535998
4,1.531765765765766,3326.502276980535,0.2480983934023561,0.2571281281281281,3179.4399535998
4,1.533766766766767,3326.542559257002,0.2480983934023561,0.2571281281281281,3179.4399535998
4,1.535767767767768,3326.582608866769,0.2480983934023561,0.2571281281281281,3179.4399535998
4,1.537768768768769,3326.622427157059,0.2480983934023561,0.2571281281281281,3179.4399535998
4,1.53976976976977,3326.662015467634,0.2480983934023561,0.2571281281281281,3179.4399535998
4,1.541770770770771,3326.701375130782,0.2480983934023561,0.2571281281281281,3179.4399535998
4,1.543771771771772,3326.740507471412,0.2480983934023561,0.2571281281281281,3179.4399535998
4,1.545772772772773,3326.779413807012,0.2480983934023561,0.2571281281281281,3179.4399535998
4,1.547773773773774,3326.818095447754,0.2480983934023561,0.2571281281281281,3179.4399535998
4,1.549774774774775,3326.856553696496,0.2480983934023561,0.2571281281281281,3179.4399535998
4,1.551775775775776,3326.894789848829,0.2480983934023561,0.2571281281281281,3179.4399535998
4,1.553776776776777,3326.9328051931,0.2480983934023561,0.2571281281281281,3179.4399535998
4,1.555777777777778,3326.970601010461,0.2480983934023561,0.2571281281281281,3179.4399535998
4,1.557778778778779,3327.008178574891,0.2480983934023561,0.2571281281281281,3179.4399535998
4,1.55977977977978,3327.045539153251,0.2480983934023561,0.2571281281281281,3179.4399535998
4,1.561780780780781,3327.082684005285,0.2480983934023561,0.2571281281281281,3179.4399535998
4,1.563781781781782,3327.119614383694,0.2480983934023561,0.2571281281281281,3179.4399535998
4,1.565782782782783,3327.156331534154,0.2480983934023561,0.2571281281281281,3179.4399535998
4,1.567783783783784,3327.192836695336,0.2480983934023561,0.2571281281281281,3179.4399535998
4,1.569784784784785,3327.229131098955,0.2480983934023561,0.2571281281281281,3179.4399535998
4,1.571785785785786,3327.265215969814,0.2480983934023561,0.2571281281281281,3179.4399535998
4,1.573786786786787,3327.301092525821,0.2480983934023561,0.2571281281281281,3179.4399535998
4,1.575787787787788,3327.336761978027,0.2480983934023561,0.2571281281281281,3179.4399535998
4,1.577788788788789,3327.372225530672,0.2480983934023561,0.2571281281281281,3179.4399535998
4,1.57978978978979,3327.407484381205,0.2480983934023561,0.2571281281281281,3179.4399535998
4,1.581790790790791,3327.442539720314,0.2480983934023561,0.2571281281281281,3179.4399535998
4,1.583791791791792,3327.477392731984,0.2480983934023561,0.2571281281281281,3179.4399535998
4,1.585792792792793,3327.5120445935,0.2480983934023561,0.2571281281281281,3179.4399535998
4,1.587793793793794,3327.546496475519,0.2480983934023561,0.2571281281281281,3179.4399535998
4,1.589794794794795,3327.580749542051,0.2480983934023561,0.2571281281281281,3179.4399535998
4,1.591795795795796,3327.614804950548,0.2480983934023561,0.2571281281281281,3179.4399535998
4,1.593796796796797,3327.648663851893,0.2480983934023561,0.2571281281281281,3179.4399535998
4,1.595797797797798,3327.682327390461,0.2480983934023561,0.2571281281281281,3179.4399535998
4,1.597798798798799,3327.71579670414,0.2480983934023561,0.2571281281281281,3179.4399535998
4,1.5997997997998,3327.749072924367,0.2480983934023561,0.2571281281281281,3179.4399535998
4,1.601800800800801,3327.782157176155,0.2480983934023561,0.2571281281281281,3179.4399535998
4,1.603801801801802,3327.815050578133,0.2480983934023561,0.2571281281281281,3179.4399535998
4,1.605802802802803,3327.847754242599,0.2480983934023561,0.2571281281281281,3179.4399535998
4,1.607803803803804,3327.880269275482,0.2480983934023561,0.2571281281281281,3179.4399535998
4,1.609804804804805,3327.912596776463,0.2480983934023561,0.2571281281281281,3179.4399535998
4,1.611805805805806,3327.944737838956,0.2480983934023561,0.2571281281281281,3179.4399535998
4,1.613806806806807,3327.976693550145,0.2480983934023561,0.2571281281281281,3179.4399535998
4,1.615807807807808,3328.008464991023,0.2480983934023561,0.2571281281281281,3179.4399535998
4,1.617808808808809,3328.04005323643,0.2480983934023561,0.2571281281281281,3179.4399535998
4,1.61980980980981,3328.071459355074,0.2480983934023561,0.2571281281281281,3179.4399535998
4,1.621810810810811,3328.102684409561,0.2480983934023561,0.2571281281281281,3179.4399535998
4,1.623811811811812,3328.133729456433,0.2480983934023561,0.2571281281281281,3179.4399535998
4,1.625812812812813,3328.164595546206,0.2480983934023561,0.2571281281281281,3179.4399535998
4,1.627813813813814,3328.195283723384,0.2480983934023561,0.2571281281281281,3179.4399535998
4,1.629814814814815,3328.225795026517,0.2480983934023561,0.2571281281281281,3179.4399535998
4,1.631815815815816,3328.256130488192,0.2480983934023561,0.2571281281281281,3179.4399535998
4,1.633816816816817,3328.286291135097,0.2480983934023561,0.2571281281281281,3179.4399535998
4,1.635817817817818,3328.316277988049,0.2480983934023561,0.2571281281281281,3179.4399535998
4,1.637818818818819,3328.34609206201,0.2480983934023561,0.2571281281281281,3179.4399535998
4,1.63981981981982,3328.375734366128,0.2480983934023561,0.2571281281281281,3179.4399535998
4,1.641820820820821,3328.405205903752,0.2480983934023561,0.2571281281281281,3179.4399535998
4,1.643821821821822,3328.434507672502,0.2480983934023561,0.2571281281281281,3179.4399535998
4,1.645822822822823,3328.463640664251,0.2480983934023561,0.2571281281281281,3179.4399535998
4,1.647823823823824,3328.492605865184,0.2480983934023561,0.2571281281281281,3179.4399535998
4,1.649824824824825,3328.521404255818,0.2480983934023561,0.2571281281281281,3179.4399535998
4,1.651825825825826,3328.550036811048,0.2480983934023561,0.2571281281281281,3179.4399535998
4,1.653826826826827,3328.578504500133,0.2480983934023561,0.2571281281281281,3179.4399535998
4,1.655827827827828,3328.606808286793,0.2480983934023561,0.2571281281281281,3179.4399535998
4,1.657828828828829,3328.63494912917,0.2480983934023561,0.2571281281281281,3179.4399535998
4,1.65982982982983,3328.662927979919,0.2480983934023561,0.2571281281281281,3179.4399535998
4,1.661830830830831,3328.690745786176,0.2480983934023561,0.2571281281281281,3179.4399535998
4,1.663831831831832,3328.718403489651,0.2480983934023561,0.2571281281281281,3179.4399535998
4,1.665832832832833,3328.745902026599,0.2480983934023561,0.2571281281281281,3179.4399535998
4,1.667833833833834,3328.773242327883,0.2480983934023561,0.2571281281281281,3179.4399535998
4,1.669834834834835,3328.800425319009,0.2480983934023561,0.2571281281281281,3179.4399535998
4,1.671835835835836,3328.827451920122,0.2480983934023561,0.2571281281281281,3179.4399535998
4,1.673836836836837,3328.85432304606,0.2480983934023561,0.2571281281281281,3179.4399535998
4,1.675837837837838,3328.881039606373,0.2480983934023561,0.2571281281281281,3179.4399535998
4,1.677838838838839,3328.907602505361,0.2480983934023561,0.2571281281281281,3179.4399535998
4,1.67983983983984,3328.934012642083,0.2480983934023561,0.2571281281281281,3179.4399535998
4,1.681840840840841,3328.960270910417,0.2480983934023561,0.2571281281281281,3179.4399535998
4,1.683841841841842,3328.986378199051,0.2480983934023561,0.2571281281281281,3179.4399535998
4,1.685842842842843,3329.012335391537,0.2480983934023561,0.2571281281281281,3179.4399535998
4,1.687843843843844,3329.038143366305,0.2480983934023561,0.2571281281281281,3179.4399535998
4,1.689844844844845,3329.063802996703,0.2480983934023561,0.2571281281281281,3179.4399535998
4,1.691845845845846,3329.089315151007,0.2480983934023561,0.2571281281281281,3179.4399535998
4,1.693846846846847,3329.114680692473,0.2480983934023561,0.2571281281281281,3179.4399535998
4,1.695847847847848,3329.139900479336,0.2480983934023561,0.2571281281281281,3179.4399535998
4,1.697848848848849,3329.164975364864,0.2480983934023561,0.2571281281281281,3179.4399535998
4,1.69984984984985,3329.189906197364,0.2480983934023561,0.2571281281281281,3179.4399535998
4,1.701850850850851,3329.214693820215,0.2480983934023561,0.2571281281281281,3179.4399535998
4,1.703851851851852,3329.239339071919,0.2480983934023561,0.2571281281281281,3179.4399535998
4,1.705852852852853,3329.263842786072,0.2480983934023561,0.2571281281281281,3179.4399535998
4,1.707853853853854,3329.288205791447,0.2480983934023561,0.2571281281281281,3179.4399535998
4,1.709854854854855,3329.312428911998,0.2480983934023561,0.2571281281281281,3179.4399535998
4,1.711855855855856,3329.336512966883,0.2480983934023561,0.2571281281281281,3179.4399535998
4,1.713856856856857,3329.360458770487,0.2480983934023561,0.2571281281281281,3179.4399535998
4,1.715857857857858,3329.384267132469,0.2480983934023561,0.2571281281281281,3179.4399535998
4,1.717858858858859,3329.40793885776,0.2480983934023561,0.2571281281281281,3179.4399535998
4,1.71985985985986,3329.431474746608,0.2480983934023561,0.2571281281281281,3179.4399535998
4,1.721860860860861,3329.454875594604,0.2480983934023561,0.2571281281281281,3179.4399535998
4,1.723861861861862,3329.478142192696,0.2480983934023561,0.2571281281281281,3179.4399535998
4,1.725862862862863,3329.501275327223,0.2480983934023561,0.2571281281281281,3179.4399535998
4,1.727863863863864,3329.524275779938,0.2480983934023561,0.2571281281281281,3179.4399535998
4,1.729864864864865,3329.547144328036,0.2480983934023561,0.2571281281281281,3179.4399535998
4,1.731865865865866,3329.56988174417,0.2480983934023561,0.2571281281281281,3179.4399535998
4,1.733866866866867,3329.592488796488,0.2480983934023561,0.2571281281281281,3179.4399535998
4,1.735867867867868,3329.614966248658,0.2480983934023561,0.2571281281281281,3179.4399535998
4,1.737868868868869,3329.637314859879,0.2480983934023561,0.2571281281281281,3179.4399535998
4,1.73986986986987,3329.659535384915,0.2480983934023561,0.2571281281281281,3179.4399535998
4,1.741870870870871,3329.681628574123,0.2480983934023561,0.2571281281281281,3179.4399535998
4,1.743871871871872,3329.703595173478,0.2480983934023561,0.2571281281281281,3179.4399535998
4,1.745872872872873,3329.72543592458,0.2480983934023561,0.2571281281281281,3179.4399535998
4,1.747873873873874,3329.747151564708,0.2480983934023561,0.2571281281281281,3179.4399535998
4,1.749874874874875,3329.76874282681,0.2480983934023561,0.2571281281281281,3179.4399535998
4,1.751875875875876,3329.790210439551,0.2480983934023561,0.2571281281281281,3179.4399535998
4,1.753876876876877,3329.811555127341,0.2480983934023561,0.2571281281281281,3179.4399535998
4,1.755877877877878,3329.832777610332,0.2480983934023561,0.2571281281281281,3179.4399535998
4,1.757878878878879,3329.853878604473,0.2480983934023561,0.2571281281281281,3179.4399535998
4,1.75987987987988,3329.874858821496,0.2480983934023561,0.2571281281281281,3179.4399535998
4,1.761880880880881,3329.895718968994,0.2480983934023561,0.2571281281281281,3179.4399535998
4,1.763881881881882,3329.916459750389,0.2480983934023561,0.2571281281281281,3179.4399535998
4,1.765882882882883,3329.93708186499,0.2480983934023561,0.2571281281281281,3179.4399535998
4,1.767883883883884,3329.957586007988,0.2480983934023561,0.2571281281281281,3179.4399535998
4,1.769884884884885,3329.977972870522,0.2480983934023561,0.2571281281281281,3179.4399535998
4,1.771885885885886,3329.99824313965,0.2480983934023561,0.2571281281281281,3179.4399535998
4,1.773886886886887,3330.018397498418,0.2480983934023561,0.2571281281281281,3179.4399535998
4,1.775887887887888,3330.038436625842,0.2480983934023561,0.2571281281281281,3179.4399535998
4,1.777888888888889,3330.058361196976,0.2480983934023561,0.2571281281281281,3179.4399535998
4,1.77988988988989,3330.07817188289,0.2480983934023561,0.2571281281281281,3179.4399535998
4,1.781890890890891,3330.097869350717,0.2480983934023561,0.2571281281281281,3179.4399535998
4,1.783891891891892,3330.117454263668,0.2480983934023561,0.2571281281281281,3179.4399535998
4,1.785892892892893,3330.136927281071,0.2480983934023561,0.2571281281281281,3179.4399535998
4,1.787893893893894,3330.156289058352,0.2480983934023561,0.2571281281281281,3179.4399535998
4,1.789894894894895,3330.175540247103,0.2480983934023561,0.2571281281281281,3179.4399535998
4,1.791895895895896,3330.194681495074,0.2480983934023561,0.2571281281281281,3179.4399535998
4,1.793896896896897,3330.213713446214,0.2480983934023561,0.2571281281281281,3179.4399535998
4,1.795897897897898,3330.232636740679,0.2480983934023561,0.2571281281281281,3179.4399535998
4,1.797898898898899,3330.251452014843,0.2480983934023561,0.2571281281281281,3179.4399535998
4,1.7998998998999,3330.270159901373,0.2480983934023561,0.2571281281281281,3179.4399535998
4,1.801900900900901,3330.288761029161,0.2480983934023561,0.2571281281281281,3179.4399535998
4,1.803901901901902,3330.307256023436,0.2480983934023561,0.2571281281281281,3179.4399535998
4,1.805902902902903,3330.325645505725,0.2480983934023561,0.2571281281281281,3179.4399535998
4,1.807903903903904,3330.343930093897,0.2480983934023561,0.2571281281281281,3179.4399535998
4,1.809904904904905,3330.362110402185,0.2480983934023561,0.2571281281281281,3179.4399535998
4,1.811905905905906,3330.380187041195,0.2480983934023561,0.2571281281281281,3179.4399535998
4,1.813906906906907,3330.398160617945,0.2480983934023561,0.2571281281281281,3179.4399535998
4,1.815907907907908,3330.416031735853,0.2480983934023561,0.2571281281281281,3179.4399535998
4,1.817908908908909,3330.433800994811,0.2480983934023561,0.2571281281281281,3179.4399535998
4,1.81990990990991,3330.451468991152,0.2480983934023561,0.2571281281281281,3179.4399535998
4,1.821910910910911,3330.46903631769,0.2480983934023561,0.2571281281281281,3179.4399535998
4,1.823911911911912,3330.486503563742,0.2480983934023561,0.2571281281281281,3179.4399535998
4,1.825912912912913,3330.503871315164,0.2480983934023561,0.2571281281281281,3179.4399535998
4,1.827913913913914,3330.521140154336,0.2480983934023561,0.2571281281281281,3179.4399535998
4,1.829914914914915,3330.53831066021,0.2480983934023561,0.2571281281281281,3179.4399535998
4,1.831915915915916,3330.555383408316,0.2480983934023561,0.2571281281281281,3179.4399535998
4,1.833916916916917,3330.572358970783,0.2480983934023561,0.2571281281281281,3179.4399535998
4,1.835917917917918,3330.589237916381,0.2480983934023561,0.2571281281281281,3179.4399535998
4,1.837918918918919,3330.606020810482,0.2480983934023561,0.2571281281281281,3179.4399535998
4,1.83991991991992,3330.62270821517,0.2480983934023561,0.2571281281281281,3179.4399535998
4,1.841920920920921,3330.63930068915,0.2480983934023561,0.2571281281281281,3179.4399535998
4,1.843921921921922,3330.655798787874,0.2480983934023561,0.2571281281281281,3179.4399535998
4,1.845922922922923,3330.672203063482,0.2480983934023561,0.2571281281281281,3179.4399535998
4,1.847923923923924,3330.688514064864,0.2480983934023561,0.2571281281281281,3179.4399535998
4,1.849924924924925,3330.704732337666,0.2480983934023561,0.2571281281281281,3179.4399535998
4,1.851925925925926,3330.720858424306,0.2480983934023561,0.2571281281281281,3179.4399535998
4,1.853926926926927,3330.736892863975,0.2480983934023561,0.2571281281281281,3179.4399535998
4,1.855927927927928,3330.7528361927,0.2480983934023561,0.2571281281281281,3179.4399535998
4,1.857928928928929,3330.76868894333,0.2480983934023561,0.2571281281281281,3179.4399535998
4,1.85992992992993,3330.784451645567,0.2480983934023561,0.2571281281281281,3179.4399535998
4,1.861930930930931,3330.800124825957,0.2480983934023561,0.2571281281281281,3179.4399535998
4,1.863931931931932,3330.815709007964,0.2480983934023561,0.2571281281281281,3179.4399535998
4,1.865932932932933,3330.831204711923,0.2480983934023561,0.2571281281281281,3179.4399535998
4,1.867933933933934,3330.846612455105,0.2480983934023561,0.2571281281281281,3179.4399535998
4,1.869934934934935,3330.861932751716,0.2480983934023561,0.2571281281281281,3179.4399535998
4,1.871935935935936,3330.877166112919,0.2480983934023561,0.2571281281281281,3179.4399535998
4,1.873936936936937,3330.89231304685,0.2480983934023561,0.2571281281281281,3179.4399535998
4,1.875937937937938,3330.907374058633,0.2480983934023561,0.2571281281281281,3179.4399535998
4,1.877938938938939,3330.922349650397,0.2480983934023561,0.2571281281281281,3179.4399535998
4,1.87993993993994,3330.937240321312,0.2480983934023561,0.2571281281281281,3179.4399535998
4,1.881940940940941,3330.952046567569,0.2480983934023561,0.2571281281281281,3179.4399535998
4,1.883941941941942,3330.966768882445,0.2480983934023561,0.2571281281281281,3179.4399535998
4,1.885942942942943,3330.981407756268,0.2480983934023561,0.2571281281281281,3179.4399535998
4,1.887943943943944,3330.99596367648,0.2480983934023561,0.2571281281281281,3179.4399535998
4,1.889944944944945,3331.010437127629,0.2480983934023561,0.2571281281281281,3179.4399535998
4,1.891945945945946,3331.024828591379,0.2480983934023561,0.2571281281281281,3179.4399535998
4,1.893946946946947,3331.039138546566,0.2480983934023561,0.2571281281281281,3179.4399535998
4,1.895947947947948,3331.053367469149,0.2480983934023561,0.2571281281281281,3179.4399535998
4,1.897948948948949,3331.067515832311,0.2480983934023561,0.2571281281281281,3179.4399535998
4,1.89994994994995,3331.081584106389,0.2480983934023561,0.2571281281281281,3179.4399535998
4,1.901950950950951,3331.095572758952,0.2480983934023561,0.2571281281281281,3179.4399535998
4,1.903951951951952,3331.109482254792,0.2480983934023561,0.2571281281281281,3179.4399535998
4,1.905952952952953,3331.123313055946,0.2480983934023561,0.2571281281281281,3179.4399535998
4,1.907953953953954,3331.1370656217,0.2480983934023561,0.2571281281281281,3179.4399535998
4,1.909954954954955,3331.150740408644,0.2480983934023561,0.2571281281281281,3179.4399535998
4,1.911955955955956,3331.164337870612,0.2480983934023561,0.2571281281281281,3179.4399535998
4,1.913956956956957,3331.177858458796,0.2480983934023561,0.2571281281281281,3179.4399535998
4,1.915957957957958,3331.191302621679,0.2480983934023561,0.2571281281281281,3179.4399535998
4,1.917958958958959,3331.204670805099,0.2480983934023561,0.2571281281281281,3179.4399535998
4,1.91995995995996,3331.217963452228,0.2480983934023561,0.2571281281281281,3179.4399535998
4,1.921960960960961,3331.231181003631,0.2480983934023561,0.2571281281281281,3179.4399535998
4,1.923961961961962,3331.244323897256,0.2480983934023561,0.2571281281281281,3179.4399535998
4,1.925962962962963,3331.257392568432,0.2480983934023561,0.2571281281281281,3179.4399535998
4,1.927963963963964,3331.270387449918,0.2480983934023561,0.2571281281281281,3179.4399535998
4,1.929964964964965,3331.283308971912,0.2480983934023561,0.2571281281281281,3179.4399535998
4,1.931965965965966,3331.296157562037,0.2480983934023561,0.2571281281281281,3179.4399535998
4,1.933966966966967,3331.308933645404,0.2480983934023561,0.2571281281281281,3179.4399535998
4,1.935967967967968,3331.321637644573,0.2480983934023561,0.2571281281281281,3179.4399535998
4,1.937968968968969,3331.334269979613,0.2480983934023561,0.2571281281281281,3179.4399535998
4,1.93996996996997,3331.346831068089,0.2480983934023561,0.2571281281281281,3179.4399535998
4,1.941970970970971,3331.359321325097,0.2480983934023561,0.2571281281281281,3179.4399535998
4,1.943971971971972,3331.371741163257,0.2480983934023561,0.2571281281281281,3179.4399535998
4,1.945972972972973,3331.384090992747,0.2480983934023561,0.2571281281281281,3179.4399535998
4,1.947973973973974,3331.396371221303,0.2480983934023561,0.2571281281281281,3179.4399535998
4,1.949974974974975,3331.408582254245,0.2480983934023561,0.2571281281281281,3179.4399535998
4,1.951975975975976,3331.42072449448,0.2480983934023561,0.2571281281281281,3179.4399535998
4,1.953976976976977,3331.432798342526,0.2480983934023561,0.2571281281281281,3179.4399535998
4,1.955977977977978,3331.444804196512,0.2480983934023561,0.2571281281281281,3179.4399535998
4,1.957978978978979,3331.456742452222,0.2480983934023561,0.2571281281281281,3179.4399535998
4,1.95997997997998,3331.468613503069,0.2480983934023561,0.2571281281281281,3179.4399535998
4,1.961980980980981,3331.480417740144,0.2480983934023561,0.2571281281281281,3179.4399535998
4,1.963981981981982,3331.492155552209,0.2480983934023561,0.2571281281281281,3179.4399535998
4,1.965982982982983,3331.503827325701,0.2480983934023561,0.2571281281281281,3179.4399535998
4,1.967983983983984,3331.515433444791,0.2480983934023561,0.2571281281281281,3179.4399535998
4,1.969984984984985,3331.526974291346,0.2480983934023561,0.2571281281281281,3179.4399535998
4,1.971985985985986,3331.538450244965,0.2480983934023561,0.2571281281281281,3179.4399535998
4,1.973986986986987,3331.549861683003,0.2480983934023561,0.2571281281281281,3179.4399535998
4,1.975987987987988,3331.561208980566,0.2480983934023561,0.2571281281281281,3179.4399535998
4,1.977988988988989,3331.572492510524,0.2480983934023561,0.2571281281281281,3179.4399535998
4,1.97998998998999,3331.583712643551,0.2480983934023561,0.2571281281281281,3179.4399535998
4,1.981990990990991,3331.594869748098,0.2480983934023561,0.2571281281281281,3179.4399535998
4,1.983991991991992,3331.605964190441,0.2480983934023561,0.2571281281281281,3179.4399535998
4,1.985992992992993,3331.616996334661,0.2480983934023561,0.2571281281281281,3179.4399535998
4,1.987993993993994,3331.627966542694,0.2480983934023561,0.2571281281281281,3179.4399535998
4,1.989994994994995,3331.638875174325,0.2480983934023561,0.2571281281281281,3179.4399535998
4,1.991995995995996,3331.649722587192,0.2480983934023561,0.2571281281281281,3179.4399535998
4,1.993996996996997,3331.660509136806,0.2480983934023561,0.2571281281281281,3179.4399535998
4,1.995997997997998,3331.67123517657,0.2480983934023561,0.2571281281281281,3179.4399535998
4,1.997998998998999,3331.681901057794,0.2480983934023561,0.2571281281281281,3179.4399535998
4,2,3331.692507129681,0.2480983934023561,0.2571281281281281,3179.4399535998
5,0.001,3345.65605877954,0.199017098353669,0.2091041041041041,3210.741045799525
5,0.003001001001001001,3345.583826279228,0.199017098353669,0.2091041041041041,3210.741045799525
5,0.005002002002002002,3345.435898467363,0.199017098353669,0.2091041041041041,3210.741045799525
5,0.007003003003003003,3345.205471917847,0.199017098353669,0.2091041041041041,3210.741045799525
5,0.009004004004004005,3344.882567876927,0.199017098353669,0.2091041041041041,3210.741045799525
5,0.01100500500500501,3344.454327592077,0.199017098353669,0.2091041041041041,3210.741045799525
5,0.01300600600600601,3343.905440218852,0.199017098353669,0.2091041041041041,3210.741045799525
5,0.01500700700700701,3343.21872357542,0.199017098353669,0.2091041041041041,3210.741045799525
5,0.01700800800800801,3342.375871827086,0.199017098353669,0.2091041041041041,3210.741045799525
5,0.01900900900900901,3341.3583709823,0.199017098353669,0.2091041041041041,3210.741045799525
5,0.02101001001001001,3340.148562846177,0.199017098353669,0.2091041041041041,3210.741045799525
5,0.02301101101101101,3338.730812305062,0.199017098353669,0.2091041041041041,3210.741045799525
5,0.02501201201201201,3337.09270495015,0.199017098353669,0.2091041041041041,3210.741045799525
5,0.02701301301301301,3335.226177410755,0.199017098353669,0.2091041041041041,3210.741045799525
5,0.02901401401401402,3333.128467800689,0.199017098353669,0.2091041041041041,3210.741045799525
5,0.03101501501501502,3330.802774398322,0.199017098353669,0.2091041041041041,3210.741045799525
5,0.03301601601601602,3328.258530704304,0.199017098353669,0.2091041041041041,3210.741045799525
5,0.03501701701701702,3325.511243757088,0.199017098353669,0.2091041041041041,3210.741045799525
5,0.03701801801801802,3322.581894526805,0.199017098353669,0.2091041041041041,3210.741045799525
5,0.03901901901901902,3319.495954756663,0.199017098353669,0.2091041041041041,3210.741045799525
5,0.04102002002002002,3316.282122566814,0.199017098353669,0.2091041041041041,3210.741045799525
5,0.04302102102102102,3312.970909854893,0.199017098353669,0.2091041041041041,3210.741045799525
5,0.04502202202202202,3309.593222735894,0.199017098353669,0.2091041041041041,3210.741045799525
5,0.04702302302302303,3306.179062302389,0.199017098353669,0.2091041041041041,3210.741045799525
5,0.04902402402402403,3302.756442136221,0.199017098353669,0.2091041041041041,3210.741045799525
5,0.05102502502502503,3299.350579433337,0.199017098353669,0.2091041041041041,3210.741045799525
5,0.05302602602602603,3295.983376763501,0.199017098353669,0.2091041041041041,3210.741045799525
5,0.05502702702702703,3292.673178006564,0.199017098353669,0.2091041041041041,3210.741045799525
5,0.05702802802802803,3289.434758614787,0.199017098353669,0.2091041041041041,3210.741045799525
5,0.05902902902902903,3286.279497869295,0.199017098353669,0.2091041041041041,3210.741045799525
5,0.06103003003003003,3283.21567786009,0.199017098353669,0.2091041041041041,3210.741045799525
5,0.06303103103103103,3280.248857993105,0.199017098353669,0.2091041041041041,3210.741045799525
5,0.06503203203203203,3277.382282091172,0.199017098353669,0.2091041041041041,3210.741045799525
5,0.06703303303303304,3274.617285161657,0.199017098353669,0.2091041041041041,3210.741045799525
5,0.06903403403403403,3271.953676832453,0.199017098353669,0.2091041041041041,3210.741045799525
5,0.07103503503503504,3269.390087198398,0.199017098353669,0.2091041041041041,3210.741045799525
5,0.07303603603603603,3266.924267851215,0.199017098353669,0.2091041041041041,3210.741045799525
5,0.07503703703703704,3264.55334608189,0.199017098353669,0.2091041041041041,3210.741045799525
5,0.07703803803803803,3262.274033809715,0.199017098353669,0.2091041041041041,3210.741045799525
5,0.07903903903903904,3260.082794993117,0.199017098353669,0.2091041041041041,3210.741045799525
5,0.08104004004004003,3257.975976430291,0.199017098353669,0.2091041041041041,3210.741045799525
5,0.08304104104104104,3255.949907266946,0.199017098353669,0.2091041041041041,3210.741045799525
5,0.08504204204204205,3254.000972440577,0.199017098353669,0.2091041041041041,3210.741045799525
5,0.08704304304304304,3252.125664904569,0.199017098353669,0.2091041041041041,3210.741045799525
5,0.08904404404404405,3250.320620931941,0.199017098353669,0.2091041041041041,3210.741045799525
5,0.09104504504504504,3248.582642197077,0.199017098353669,0.2091041041041041,3210.741045799525
5,0.09304604604604605,3246.908707736019,0.199017098353669,0.2091041041041041,3210.741045799525
5,0.09504704704704704,3245.295978331851,0.199017098353669,0.2091041041041041,3210.741045799525
5,0.09704804804804805,3243.741795376624,0.199017098353669,0.2091041041041041,3210.741045799525
5,0.09904904904904906,3242.243675835884,0.199017098353669,0.2091041041041041,3210.741045799525
5,0.10105005005005,3240.799304583456,0.199017098353669,0.2091041041041041,3210.741045799525
5,0.1030510510510511,3239.406525078474,0.199017098353669,0.2091041041041041,3210.741045799525
5,0.1050520520520521,3238.063329117509,0.199017098353669,0.2091041041041041,3210.741045799525
5,0.1070530530530531,3236.767846202862,0.199017098353669,0.2091041041041041,3210.741045799525
5,0.1090540540540541,3235.518332917471,0.199017098353669,0.2091041041041041,3210.741045799525
5,0.1110550550550551,3234.313162579538,0.199017098353669,0.2091041041041041,3210.741045799525
5,0.1130560560560561,3233.150815360043,0.199017098353669,0.2091041041041041,3210.741045799525
5,0.1150570570570571,3232.029868977988,0.199017098353669,0.2091041041041041,3210.741045799525
5,0.1170580580580581,3230.948990037301,0.199017098353669,0.2091041041041041,3210.741045799525
5,0.1190590590590591,3229.906926033152,0.199017098353669,0.2091041041041041,3210.741045799525
5,0.1210600600600601,3228.902498027367,0.199017098353669,0.2091041041041041,3210.741045799525
5,0.1230610610610611,3227.934593975585,0.199017098353669,0.2091041041041041,3210.741045799525
5,0.1250620620620621,3227.002162675582,0.199017098353669,0.2091041041041041,3210.741045799525
5,0.1270630630630631,3226.104208299526,0.199017098353669,0.2091041041041041,3210.741045799525
5,0.1290640640640641,3225.239785467561,0.199017098353669,0.2091041041041041,3210.741045799525
5,0.1310650650650651,3224.407994819653,0.199017098353669,0.2091041041041041,3210.741045799525
5,0.1330660660660661,3223.607979041667,0.199017098353669,0.2091041041041041,3210.741045799525
5,0.1350670670670671,3222.838919303523,0.199017098353669,0.2091041041041041,3210.741045799525
5,0.1370680680680681,3222.100032069244,0.199017098353669,0.2091041041041041,3210.741045799525
5,0.1390690690690691,3221.390566240689,0.199017098353669,0.2091041041041041,3210.741045799525
5,0.1410700700700701,3220.709800600989,0.199017098353669,0.2091041041041041,3210.741045799525
5,0.1430710710710711,3220.057041524384,0.199017098353669,0.2091041041041041,3210.741045799525
5,0.1450720720720721,3219.431620924599,0.199017098353669,0.2091041041041041,3210.741045799525
5,0.1470730730730731,3218.832894414708,0.199017098353669,0.2091041041041041,3210.741045799525
5,0.1490740740740741,3218.260239655056,0.199017098353669,0.2091041041041041,3210.741045799525
5,0.1510750750750751,3217.713054868057,0.199017098353669,0.2091041041041041,3210.741045799525
5,0.1530760760760761,3217.190757501053,0.199017098353669,0.2091041041041041,3210.741045799525
5,0.1550770770770771,3216.69278302038,0.199017098353669,0.2091041041041041,3210.741045799525
5,0.1570780780780781,3216.218583821861,0.199017098353669,0.2091041041041041,3210.741045799525
5,0.1590790790790791,3215.767628244258,0.199017098353669,0.2091041041041041,3210.741045799525
5,0.1610800800800801,3215.339399674584,0.199017098353669,0.2091041041041041,3210.741045799525
5,0.1630810810810811,3214.933395734504,0.199017098353669,0.2091041041041041,3210.741045799525
5,0.1650820820820821,3214.549127538917,0.199017098353669,0.2091041041041041,3210.741045799525
5,0.1670830830830831,3214.18611901898,0.199017098353669,0.2091041041041041,3210.741045799525
5,0.1690840840840841,3213.843906302145,0.199017098353669,0.2091041041041041,3210.741045799525
5,0.1710850850850851,3213.52203714338,0.199017098353669,0.2091041041041041,3210.741045799525
5,0.1730860860860861,3213.220070401913,0.199017098353669,0.2091041041041041,3210.741045799525
5,0.1750870870870871,3212.937575558788,0.199017098353669,0.2091041041041041,3210.741045799525
5,0.1770880880880881,3212.674132271033,0.199017098353669,0.2091041041041041,3210.741045799525
5,0.1790890890890891,3212.429329958542,0.199017098353669,0.2091041041041041,3210.741045799525
5,0.1810900900900901,3212.202767420671,0.199017098353669,0.2091041041041041,3210.741045799525
5,0.1830910910910911,3211.994052479345,0.199017098353669,0.2091041041041041,3210.741045799525
5,0.1850920920920921,3211.80280164635,0.199017098353669,0.2091041041041041,3210.741045799525
5,0.1870930930930931,3211.628639812243,0.199017098353669,0.2091041041041041,3210.741045799525
5,0.1890940940940941,3211.471199955299,0.199017098353669,0.2091041041041041,3210.741045799525
5,0.1910950950950951,3211.330122868235,0.199017098353669,0.2091041041041041,3210.741045799525
5,0.1930960960960961,3211.205056901324,0.199017098353669,0.2091041041041041,3210.741045799525
5,0.1950970970970971,3211.095657720642,0.199017098353669,0.2091041041041041,3210.741045799525
5,0.1970980980980981,3211.001588079846,0.199017098353669,0.2091041041041041,3210.741045799525
5,0.1990990990990991,3210.922517604595,0.199017098353669,0.2091041041041041,3210.741045799525
5,0.2011001001001001,3210.858122588414,0.199017098353669,0.2091041041041041,3210.741045799525
5,0.2031011011011011,3210.808085799391,0.199017098353669,0.2091041041041041,3210.741045799525
5,0.2051021021021021,3210.772096296413,0.199017098353669,0.2091041041041041,3210.741045799525
5,0.2071031031031031,3210.749849254686,0.199017098353669,0.2091041041041041,3210.741045799525
5,0.2091041041041041,3210.741045799525,0.199017098353669,0.2091041041041041,3210.741045799525
5,0.2111051051051051,3210.745392847952,0.199017098353669,0.2091041041041041,3210.741045799525
5,0.2131061061061061,3210.762602957592,0.199017098353669,0.2091041041041041,3210.741045799525
5,0.2151071071071071,3210.792394182167,0.199017098353669,0.2091041041041041,3210.741045799525
5,0.2171081081081081,3210.834489933452,0.199017098353669,0.2091041041041041,3210.741045799525
5,0.2191091091091091,3210.888618848919,0.199017098353669,0.2091041041041041,3210.741045799525
5,0.2211101101101101,3210.954514664995,0.199017098353669,0.2091041041041041,3210.741045799525
5,0.2231111111111111,3211.031916095352,0.199017098353669,0.2091041041041041,3210.741045799525
5,0.2251121121121121,3211.120566714147,0.199017098353669,0.2091041041041041,3210.741045799525
5,0.2271131131131131,3211.220214843587,0.199017098353669,0.2091041041041041,3210.741045799525
5,0.2291141141141141,3211.330613445962,0.199017098353669,0.2091041041041041,3210.741045799525
5,0.2311151151151151,3211.451520019536,0.199017098353669,0.2091041041041041,3210.741045799525
5,0.2331161161161161,3211.582696498226,0.199017098353669,0.2091041041041041,3210.741045799525
5,0.2351171171171171,3211.723909154952,0.199017098353669,0.2091041041041041,3210.741045799525
5,0.2371181181181181,3211.874928508164,0.199017098353669,0.2091041041041041,3210.741045799525
5,0.2391191191191191,3212.035529231751,0.199017098353669,0.2091041041041041,3210.741045799525
5,0.2411201201201201,3212.205490067784,0.199017098353669,0.2091041041041041,3210.741045799525
5,0.2431211211211211,3212.38459374226,0.199017098353669,0.2091041041041041,3210.741045799525
5,0.2451221221221221,3212.572626883412,0.199017098353669,0.2091041041041041,3210.741045799525
5,0.2471231231231231,3212.769379942703,0.199017098353669,0.2091041041041041,3210.741045799525
5,0.2491241241241241,3212.974647118234,0.199017098353669,0.2091041041041041,3210.741045799525
5,0.2511251251251251,3213.188226280433,0.199017098353669,0.2091041041041041,3210.741045799525
5,0.2531261261261261,3213.409918899935,0.199017098353669,0.2091041041041041,3210.741045799525
5,0.2551271271271272,3213.639529977718,0.199017098353669,0.2091041041041041,3210.741045799525
5,0.2571281281281281,3213.87686797703,0.199017098353669,0.2091041041041041,3210.741045799525
5,0.2591291291291291,3214.121744757432,0.199017098353669,0.2091041041041041,3210.741045799525
5,0.2611301301301301,3214.37397551053,0.199017098353669,0.2091041041041041,3210.741045799525
5,0.2631311311311311,3214.633378697525,0.199017098353669,0.2091041041041041,3210.741045799525
5,0.2651321321321322,3214.899775988449,0.199017098353669,0.2091041041041041,3210.741045799525
5,0.2671331331331331,3215.17299220292,0.199017098353669,0.2091041041041041,3210.741045799525
5,0.2691341341341341,3215.452855252545,0.199017098353669,0.2091041041041041,3210.741045799525
5,0.2711351351351352,3215.739196084701,0.199017098353669,0.2091041041041041,3210.741045799525
5,0.2731361361361361,3216.031848627781,0.199017098353669,0.2091041041041041,3210.741045799525
5,0.2751371371371372,3216.330649737754,0.199017098353669,0.2091041041041041,3210.741045799525
5,0.2771381381381381,3216.635439146108,0.199017098353669,0.2091041041041041,3210.741045799525
5,0.2791391391391391,3216.946059408905,0.199017098353669,0.2091041041041041,3210.741045799525
5,0.2811401401401402,3217.26235585715,0.199017098353669,0.2091041041041041,3210.741045799525
5,0.2831411411411411,3217.584176548344,0.199017098353669,0.2091041041041041,3210.741045799525
5,0.2851421421421421,3217.911372219013,0.199017098353669,0.2091041041041041,3210.741045799525
5,0.2871431431431432,3218.243796238443,0.199017098353669,0.2091041041041041,3210.741045799525
5,0.2891441441441441,3218.581304563389,0.199017098353669,0.2091041041041041,3210.741045799525
5,0.2911451451451452,3218.923755693818,0.199017098353669,0.2091041041041041,3210.741045799525
5,0.2931461461461461,3219.27101062955,0.199017098353669,0.2091041041041041,3210.741045799525
5,0.2951471471471471,3219.622932827933,0.199017098353669,0.2091041041041041,3210.741045799525
5,0.2971481481481482,3219.97938816235,0.199017098353669,0.2091041041041041,3210.741045799525
5,0.2991491491491491,3220.340244881565,0.199017098353669,0.2091041041041041,3210.741045799525
5,0.3011501501501502,3220.705373570048,0.199017098353669,0.2091041041041041,3210.741045799525
5,0.3031511511511512,3221.074647108941,0.199017098353669,0.2091041041041041,3210.741045799525
5,0.3051521521521521,3221.44794063795,0.199017098353669,0.2091041041041041,3210.741045799525
5,0.3071531531531532,3221.82513151796,0.199017098353669,0.2091041041041041,3210.741045799525
5,0.3091541541541541,3222.206099294337,0.199017098353669,0.2091041041041041,3210.741045799525
5,0.3111551551551552,3222.59072566104,0.199017098353669,0.2091041041041041,3210.741045799525
5,0.3131561561561562,3222.978894425389,0.199017098353669,0.2091041041041041,3210.741045799525
5,0.3151571571571571,3223.370491473492,0.199017098353669,0.2091041041041041,3210.741045799525
5,0.3171581581581582,3223.765404736344,0.199017098353669,0.2091041041041041,3210.741045799525
5,0.3191591591591592,3224.163524156632,0.199017098353669,0.2091041041041041,3210.741045799525
5,0.3211601601601601,3224.564741656023,0.199017098353669,0.2091041041041041,3210.741045799525
5,0.3231611611611612,3224.968951103227,0.199017098353669,0.2091041041041041,3210.741045799525
5,0.3251621621621621,3225.37604828246,0.199017098353669,0.2091041041041041,3210.741045799525
5,0.3271631631631632,3225.785930862651,0.199017098353669,0.2091041041041041,3210.741045799525
5,0.3291641641641642,3226.198498367135,0.199017098353669,0.2091041041041041,3210.741045799525
5,0.3311651651651651,3226.613652143831,0.199017098353669,0.2091041041041041,3210.741045799525
5,0.3331661661661662,3227.031295336096,0.199017098353669,0.2091041041041041,3210.741045799525
5,0.3351671671671672,3227.451332853934,0.199017098353669,0.2091041041041041,3210.741045799525
5,0.3371681681681682,3227.873671345816,0.199017098353669,0.2091041041041041,3210.741045799525
5,0.3391691691691692,3228.298219170948,0.199017098353669,0.2091041041041041,3210.741045799525
5,0.3411701701701702,3228.724886372043,0.199017098353669,0.2091041041041041,3210.741045799525
5,0.3431711711711712,3229.153584648546,0.199017098353669,0.2091041041041041,3210.741045799525
5,0.3451721721721722,3229.584227330274,0.199017098353669,0.2091041041041041,3210.741045799525
5,0.3471731731731732,3230.01672935159,0.199017098353669,0.2091041041041041,3210.741045799525
5,0.3491741741741742,3230.451007225959,0.199017098353669,0.2091041041041041,3210.741045799525
5,0.3511751751751752,3230.886979020926,0.199017098353669,0.2091041041041041,3210.741045799525
5,0.3531761761761762,3231.324564333505,0.199017098353669,0.2091041041041041,3210.741045799525
5,0.3551771771771772,3231.763684266034,0.199017098353669,0.2091041041041041,3210.741045799525
5,0.3571781781781782,3232.204261402358,0.199017098353669,0.2091041041041041,3210.741045799525
5,0.3591791791791792,3232.64621978442,0.199017098353669,0.2091041041041041,3210.741045799525
5,0.3611801801801802,3233.089484889276,0.199017098353669,0.2091041041041041,3210.741045799525
5,0.3631811811811812,3233.533983606421,0.199017098353669,0.2091041041041041,3210.741045799525
5,0.3651821821821822,3233.979644215531,0.199017098353669,0.2091041041041041,3210.741045799525
5,0.3671831831831832,3234.42639636452,0.199017098353669,0.2091041041041041,3210.741045799525
5,0.3691841841841842,3234.874171047981,0.199017098353669,0.2091041041041041,3210.741045799525
5,0.3711851851851852,3235.322900585959,0.199017098353669,0.2091041041041041,3210.741045799525
5,0.3731861861861862,3235.772518603073,0.199017098353669,0.2091041041041041,3210.741045799525
5,0.3751871871871872,3236.222960007927,0.199017098353669,0.2091041041041041,3210.741045799525
5,0.3771881881881882,3236.674160972886,0.199017098353669,0.2091041041041041,3210.741045799525
5,0.3791891891891892,3237.126058914184,0.199017098353669,0.2091041041041041,3210.741045799525
5,0.3811901901901902,3237.57859247226,0.199017098353669,0.2091041041041041,3210.741045799525
5,0.3831911911911912,3238.031701492494,0.199017098353669,0.2091041041041041,3210.741045799525
5,0.3851921921921922,3238.485327006222,0.199017098353669,0.2091041041041041,3210.741045799525
5,0.3871931931931932,3238.939411211958,0.199017098353669,0.2091041041041041,3210.741045799525
5,0.3891941941941942,3239.393897457035,0.199017098353669,0.2091041041041041,3210.741045799525
5,0.3911951951951952,3239.848730219452,0.199017098353669,0.2091041041041041,3210.741045799525
5,0.3931961961961962,3240.303855089997,0.199017098353669,0.2091041041041041,3210.741045799525
5,0.3951971971971972,3240.759218754699,0.199017098353669,0.2091041041041041,3210.741045799525
5,0.3971981981981982,3241.214768977429,0.199017098353669,0.2091041041041041,3210.741045799525
5,0.3991991991991992,3241.670454582964,0.199017098353669,0.2091041041041041,3210.741045799525
5,0.4012002002002002,3242.126225440057,0.199017098353669,0.2091041041041041,3210.741045799525
5,0.4032012012012012,3242.58203244503,0.199017098353669,0.2091041041041041,3210.741045799525
5,0.4052022022022022,3243.037827505384,0.199017098353669,0.2091041041041041,3210.741045799525
5,0.4072032032032032,3243.493563523773,0.199017098353669,0.2091041041041041,3210.741045799525
5,0.4092042042042042,3243.94919438222,0.199017098353669,0.2091041041041041,3210.741045799525
5,0.4112052052052052,3244.404674926561,0.199017098353669,0.2091041041041041,3210.741045799525
5,0.4132062062062062,3244.859960951058,0.199017098353669,0.2091041041041041,3210.741045799525
5,0.4152072072072072,3245.31500918334,0.199017098353669,0.2091041041041041,3210.741045799525
5,0.4172082082082082,3245.769777269515,0.199017098353669,0.2091041041041041,3210.741045799525
5,0.4192092092092092,3246.224223759485,0.199017098353669,0.2091041041041041,3210.741045799525
5,0.4212102102102102,3246.678308092546,0.199017098353669,0.2091041041041041,3210.741045799525
5,0.4232112112112112,3247.131990583143,0.199017098353669,0.2091041041041041,3210.741045799525
5,0.4252122122122122,3247.585232406854,0.199017098353669,0.2091041041041041,3210.741045799525
5,0.4272132132132132,3248.0379955866,0.199017098353669,0.2091041041041041,3210.741045799525
5,0.4292142142142142,3248.490242979005,0.199017098353669,0.2091041041041041,3210.741045799525
5,0.4312152152152152,3248.941938261072,0.199017098353669,0.2091041041041041,3210.741045799525
5,0.4332162162162162,3249.393045916879,0.199017098353669,0.2091041041041041,3210.741045799525
5,0.4352172172172172,3249.843531224681,0.199017098353669,0.2091041041041041,3210.741045799525
5,0.4372182182182182,3250.293360243981,0.199017098353669,0.2091041041041041,3210.741045799525
5,0.4392192192192192,3250.74249980302,0.199017098353669,0.2091041041041041,3210.741045799525
5,0.4412202202202202,3251.190917486254,0.199017098353669,0.2091041041041041,3210.741045799525
5,0.4432212212212212,3251.638581622108,0.199017098353669,0.2091041041041041,3210.741045799525
5,0.4452222222222222,3252.08546127094,0.199017098353669,0.2091041041041041,3210.741045799525
5,0.4472232232232232,3252.531526213098,0.199017098353669,0.2091041041041041,3210.741045799525
5,0.4492242242242243,3252.976746937213,0.199017098353669,0.2091041041041041,3210.741045799525
5,0.4512252252252252,3253.42109462865,0.199017098353669,0.2091041041041041,3210.741045799525
5,0.4532262262262262,3253.864541158121,0.199017098353669,0.2091041041041041,3210.741045799525
5,0.4552272272272272,3254.307059070443,0.199017098353669,0.2091041041041041,3210.741045799525
5,0.4572282282282282,3254.748621573553,0.199017098353669,0.2091041041041041,3210.741045799525
5,0.4592292292292292,3255.189202527524,0.199017098353669,0.2091041041041041,3210.741045799525
5,0.4612302302302302,3255.628776433919,0.199017098353669,0.2091041041041041,3210.741045799525
5,0.4632312312312312,3256.067318425157,0.199017098353669,0.2091041041041041,3210.741045799525
5,0.4652322322322323,3256.504804254151,0.199017098353669,0.2091041041041041,3210.741045799525
5,0.4672332332332332,3256.94121028397,0.199017098353669,0.2091041041041041,3210.741045799525
5,0.4692342342342342,3257.376513477808,0.199017098353669,0.2091041041041041,3210.741045799525
5,0.4712352352352353,3257.810691388929,0.199017098353669,0.2091041041041041,3210.741045799525
5,0.4732362362362362,3258.243722150909,0.199017098353669,0.2091041041041041,3210.741045799525
5,0.4752372372372373,3258.675584467933,0.199017098353669,0.2091041041041041,3210.741045799525
5,0.4772382382382382,3259.106257605256,0.199017098353669,0.2091041041041041,3210.741045799525
5,0.4792392392392392,3259.535721379817,0.199017098353669,0.2091041041041041,3210.741045799525
5,0.4812402402402403,3259.963956150958,0.199017098353669,0.2091041041041041,3210.741045799525
5,0.4832412412412412,3260.390942811333,0.199017098353669,0.2091041041041041,3210.741045799525
5,0.4852422422422423,3260.816662777896,0.199017098353669,0.2091041041041041,3210.741045799525
5,0.4872432432432433,3261.241097983029,0.199017098353669,0.2091041041041041,3210.741045799525
5,0.4892442442442442,3261.664230865842,0.199017098353669,0.2091041041041041,3210.741045799525
5,0.4912452452452453,3262.086044363567,0.199017098353669,0.2091041041041041,3210.741045799525
5,0.4932462462462462,3262.506521903064,0.199017098353669,0.2091041041041041,3210.741045799525
5,0.4952472472472472,3262.925647392483,0.199017098353669,0.2091041041041041,3210.741045799525
5,0.4972482482482483,3263.34340521304,0.199017098353669,0.2091041041041041,3210.741045799525
5,0.4992492492492492,3263.759780210903,0.199017098353669,0.2091041041041041,3210.741045799525
5,0.5012502502502503,3264.1747576892,0.199017098353669,0.2091041041041041,3210.741045799525
5,0.5032512512512513,3264.58832340016,0.199017098353669,0.2091041041041041,3210.741045799525
5,0.5052522522522522,3265.000463537364,0.199017098353669,0.2091041041041041,3210.741045799525
5,0.5072532532532532,3265.411164728055,0.199017098353669,0.2091041041041041,3210.741045799525
5,0.5092542542542543,3265.820414025685,0.199017098353669,0.2091041041041041,3210.741045799525
5,0.5112552552552553,3266.22819890243,0.199017098353669,0.2091041041041041,3210.741045799525
5,0.5132562562562563,3266.634507241941,0.199017098353669,0.2091041041041041,3210.741045799525
5,0.5152572572572572,3267.039327332071,0.199017098353669,0.2091041041041041,3210.741045799525
5,0.5172582582582582,3267.442647857855,0.199017098353669,0.2091041041041041,3210.741045799525
5,0.5192592592592593,3267.844457894478,0.199017098353669,0.2091041041041041,3210.741045799525
5,0.5212602602602603,3268.244746900386,0.199017098353669,0.2091041041041041,3210.741045799525
5,0.5232612612612613,3268.643504710531,0.199017098353669,0.2091041041041041,3210.741045799525
5,0.5252622622622622,3269.040721529668,0.199017098353669,0.2091041041041041,3210.741045799525
5,0.5272632632632632,3269.436387925749,0.199017098353669,0.2091041041041041,3210.741045799525
5,0.5292642642642643,3269.830494823495,0.199017098353669,0.2091041041041041,3210.741045799525
5,0.5312652652652653,3270.223033497923,0.199017098353669,0.2091041041041041,3210.741045799525
5,0.5332662662662663,3270.613995568146,0.199017098353669,0.2091041041041041,3210.741045799525
5,0.5352672672672673,3271.003372991077,0.199017098353669,0.2091041041041041,3210.741045799525
5,0.5372682682682682,3271.391158055379,0.199017098353669,0.2091041041041041,3210.741045799525
5,0.5392692692692693,3271.777343375429,0.199017098353669,0.2091041041041041,3210.741045799525
5,0.5412702702702703,3272.161921885375,0.199017098353669,0.2091041041041041,3210.741045799525
5,0.5432712712712713,3272.544886833331,0.199017098353669,0.2091041041041041,3210.741045799525
5,0.5452722722722723,3272.926231775571,0.199017098353669,0.2091041041041041,3210.741045799525
5,0.5472732732732732,3273.30595057091,0.199017098353669,0.2091041041041041,3210.741045799525
5,0.5492742742742743,3273.684037375095,0.199017098353669,0.2091041041041041,3210.741045799525
5,0.5512752752752753,3274.060486635311,0.199017098353669,0.2091041041041041,3210.741045799525
5,0.5532762762762763,3274.435293084775,0.199017098353669,0.2091041041041041,3210.741045799525
5,0.5552772772772773,3274.808451737372,0.199017098353669,0.2091041041041041,3210.741045799525
5,0.5572782782782782,3275.179957882428,0.199017098353669,0.2091041041041041,3210.741045799525
5,0.5592792792792792,3275.54980707954,0.199017098353669,0.2091041041041041,3210.741045799525
5,0.5612802802802803,3275.917995153439,0.199017098353669,0.2091041041041041,3210.741045799525
5,0.5632812812812813,3276.284518189021,0.199017098353669,0.2091041041041041,3210.741045799525
5,0.5652822822822823,3276.649372526345,0.199017098353669,0.2091041041041041,3210.741045799525
5,0.5672832832832833,3277.012554755823,0.199017098353669,0.2091041041041041,3210.741045799525
5,0.5692842842842842,3277.374061713364,0.199017098353669,0.2091041041041041,3210.741045799525
5,0.5712852852852853,3277.733890475708,0.199017098353669,0.2091041041041041,3210.741045799525
5,0.5732862862862863,3278.092038355731,0.199017098353669,0.2091041041041041,3210.741045799525
5,0.5752872872872873,3278.448502897872,0.199017098353669,0.2091041041041041,3210.741045799525
5,0.5772882882882883,3278.803281873664,0.199017098353669,0.2091041041041041,3210.741045799525
5,0.5792892892892892,3279.15637327721,0.199017098353669,0.2091041041041041,3210.741045799525
5,0.5812902902902903,3279.507775320885,0.199017098353669,0.2091041041041041,3210.741045799525
5,0.5832912912912913,3279.857486430989,0.199017098353669,0.2091041041041041,3210.741045799525
5,0.5852922922922923,3280.205505243528,0.199017098353669,0.2091041041041041,3210.741045799525
5,0.5872932932932933,3280.551830600013,0.199017098353669,0.2091041041041041,3210.741045799525
5,0.5892942942942943,3280.896461543363,0.199017098353669,0.2091041041041041,3210.741045799525
5,0.5912952952952953,3281.23939731385,0.199017098353669,0.2091041041041041,3210.741045799525
5,0.5932962962962963,3281.580637345125,0.199017098353669,0.2091041041041041,3210.741045799525
5,0.5952972972972973,3281.920181260271,0.199017098353669,0.2091041041041041,3210.741045799525
5,0.5972982982982983,3282.258028867952,0.199017098353669,0.2091041041041041,3210.741045799525
5,0.5992992992992993,3282.594180158633,0.199017098353669,0.2091041041041041,3210.741045799525
5,0.6013003003003003,3282.928635300771,0.199017098353669,0.2091041041041041,3210.741045799525
5,0.6033013013013013,3283.26139463719,0.199017098353669,0.2091041041041041,3210.741045799525
5,0.6053023023023023,3283.592458681428,0.199017098353669,0.2091041041041041,3210.741045799525
5,0.6073033033033033,3283.921828114158,0.199017098353669,0.2091041041041041,3210.741045799525
5,0.6093043043043043,3284.249503779671,0.199017098353669,0.2091041041041041,3210.741045799525
5,0.6113053053053054,3284.575486682424,0.199017098353669,0.2091041041041041,3210.741045799525
5,0.6133063063063063,3284.89977798361,0.199017098353669,0.2091041041041041,3210.741045799525
5,0.6153073073073073,3285.222378997872,0.199017098353669,0.2091041041041041,3210.741045799525
5,0.6173083083083083,3285.54329118988,0.199017098353669,0.2091041041041041,3210.741045799525
5,0.6193093093093093,3285.862516171202,0.199017098353669,0.2091041041041041,3210.741045799525
5,0.6213103103103104,3286.18005569702,0.199017098353669,0.2091041041041041,3210.741045799525
5,0.6233113113113113,3286.495911663029,0.199017098353669,0.2091041041041041,3210.741045799525
5,0.6253123123123123,3286.810086102349,0.199017098353669,0.2091041041041041,3210.741045799525
5,0.6273133133133133,3287.122581182404,0.199017098353669,0.2091041041041041,3210.741045799525
5,0.6293143143143143,3287.433399202004,0.199017098353669,0.2091041041041041,3210.741045799525
5,0.6313153153153154,3287.742542588347,0.199017098353669,0.2091041041041041,3210.741045799525
5,0.6333163163163164,3288.050013894144,0.199017098353669,0.2091041041041041,3210.741045799525
5,0.6353173173173173,3288.355815794716,0.199017098353669,0.2091041041041041,3210.741045799525
5,0.6373183183183183,3288.659951085211,0.199017098353669,0.2091041041041041,3210.741045799525
5,0.6393193193193193,3288.962422677847,0.199017098353669,0.2091041041041041,3210.741045799525
5,0.6413203203203203,3289.263233599157,0.199017098353669,0.2091041041041041,3210.741045799525
5,0.6433213213213214,3289.562386987325,0.199017098353669,0.2091041041041041,3210.741045799525
5,0.6453223223223223,3289.859886089564,0.199017098353669,0.2091041041041041,3210.741045799525
5,0.6473233233233233,3290.155734259492,0.199017098353669,0.2091041041041041,3210.741045799525
5,0.6493243243243243,3290.449934954606,0.199017098353669,0.2091041041041041,3210.741045799525
5,0.6513253253253253,3290.742491733758,0.199017098353669,0.2091041041041041,3210.741045799525
5,0.6533263263263264,3291.033408254706,0.199017098353669,0.2091041041041041,3210.741045799525
5,0.6553273273273273,3291.32268827164,0.199017098353669,0.2091041041041041,3210.741045799525
5,0.6573283283283283,3291.610335632854,0.199017098353669,0.2091041041041041,3210.741045799525
5,0.6593293293293293,3291.896354278339,0.199017098353669,0.2091041041041041,3210.741045799525
5,0.6613303303303303,3292.180748237529,0.199017098353669,0.2091041041041041,3210.741045799525
5,0.6633313313313314,3292.463521626962,0.199017098353669,0.2091041041041041,3210.741045799525
5,0.6653323323323324,3292.744678648101,0.199017098353669,0.2091041041041041,3210.741045799525
5,0.6673333333333333,3293.024223585124,0.199017098353669,0.2091041041041041,3210.741045799525
5,0.6693343343343343,3293.302160802727,0.199017098353669,0.2091041041041041,3210.741045799525
5,0.6713353353353353,3293.578494744036,0.199017098353669,0.2091041041041041,3210.741045799525
5,0.6733363363363364,3293.853229928504,0.199017098353669,0.2091041041041041,3210.741045799525
5,0.6753373373373374,3294.126370949852,0.199017098353669,0.2091041041041041,3210.741045799525
5,0.6773383383383383,3294.397922474055,0.199017098353669,0.2091041041041041,3210.741045799525
5,0.6793393393393393,3294.667889237342,0.199017098353669,0.2091041041041041,3210.741045799525
5,0.6813403403403403,3294.936276044269,0.199017098353669,0.2091041041041041,3210.741045799525
5,0.6833413413413414,3295.203087765765,0.199017098353669,0.2091041041041041,3210.741045799525
5,0.6853423423423424,3295.468329337247,0.199017098353669,0.2091041041041041,3210.741045799525
5,0.6873433433433433,3295.732005756806,0.199017098353669,0.2091041041041041,3210.741045799525
5,0.6893443443443443,3295.99412208334,0.199017098353669,0.2091041041041041,3210.741045799525
5,0.6913453453453453,3296.254683434761,0.199017098353669,0.2091041041041041,3210.741045799525
5,0.6933463463463464,3296.513694986257,0.199017098353669,0.2091041041041041,3210.741045799525
5,0.6953473473473474,3296.771161968545,0.199017098353669,0.2091041041041041,3210.741045799525
5,0.6973483483483484,3297.027089666164,0.199017098353669,0.2091041041041041,3210.741045799525
5,0.6993493493493493,3297.281483415813,0.199017098353669,0.2091041041041041,3210.741045799525
5,0.7013503503503503,3297.534348604709,0.199017098353669,0.2091041041041041,3210.741045799525
5,0.7033513513513514,3297.785690668939,0.199017098353669,0.2091041041041041,3210.741045799525
5,0.7053523523523524,3298.035515091921,0.199017098353669,0.2091041041041041,3210.741045799525
5,0.7073533533533534,3298.28382740281,0.199017098353669,0.2091041041041041,3210.741045799525
5,0.7093543543543543,3298.530633174974,0.199017098353669,0.2091041041041041,3210.741045799525
5,0.7113553553553553,3298.775938024494,0.199017098353669,0.2091041041041041,3210.741045799525
5,0.7133563563563564,3299.019747608672,0.199017098353669,0.2091041041041041,3210.741045799525
5,0.7153573573573574,3299.262067624595,0.199017098353669,0.2091041041041041,3210.741045799525
5,0.7173583583583584,3299.502903807695,0.199017098353669,0.2091041041041041,3210.741045799525
5,0.7193593593593594,3299.742261930354,0.199017098353669,0.2091041041041041,3210.741045799525
5,0.7213603603603603,3299.980147800496,0.199017098353669,0.2091041041041041,3210.741045799525
5,0.7233613613613614,3300.216567260313,0.199017098353669,0.2091041041041041,3210.741045799525
5,0.7253623623623624,3300.451526184844,0.199017098353669,0.2091041041041041,3210.741045799525
5,0.7273633633633634,3300.685030480724,0.199017098353669,0.2091041041041041,3210.741045799525
5,0.7293643643643644,3300.917086084904,0.199017098353669,0.2091041041041041,3210.741045799525
5,0.7313653653653653,3301.147698963373,0.199017098353669,0.2091041041041041,3210.741045799525
5,0.7333663663663663,3301.376875109921,0.199017098353669,0.2091041041041041,3210.741045799525
5,0.7353673673673674,3301.604620544954,0.199017098353669,0.2091041041041041,3210.741045799525
5,0.7373683683683684,3301.830941314277,0.199017098353669,0.2091041041041041,3210.741045799525
5,0.7393693693693694,3302.055843487957,0.199017098353669,0.2091041041041041,3210.741045799525
5,0.7413703703703703,3302.279333159127,0.199017098353669,0.2091041041041041,3210.741045799525
5,0.7433713713713713,3302.501416442911,0.199017098353669,0.2091041041041041,3210.741045799525
5,0.7453723723723724,3302.722099475299,0.199017098353669,0.2091041041041041,3210.741045799525
5,0.7473733733733734,3302.941388412049,0.199017098353669,0.2091041041041041,3210.741045799525
5,0.7493743743743744,3303.15928942766,0.199017098353669,0.2091041041041041,3210.741045799525
5,0.7513753753753754,3303.375808714284,0.199017098353669,0.2091041041041041,3210.741045799525
5,0.7533763763763763,3303.59095248074,0.199017098353669,0.2091041041041041,3210.741045799525
5,0.7553773773773774,3303.804726951486,0.199017098353669,0.2091041041041041,3210.741045799525
5,0.7573783783783784,3304.01713836566,0.199017098353669,0.2091041041041041,3210.741045799525
5,0.7593793793793794,3304.228192976062,0.199017098353669,0.2091041041041041,3210.741045799525
5,0.7613803803803804,3304.437897048271,0.199017098353669,0.2091041041041041,3210.741045799525
5,0.7633813813813813,3304.64625685967,0.199017098353669,0.2091041041041041,3210.741045799525
5,0.7653823823823824,3304.853278698551,0.199017098353669,0.2091041041041041,3210.741045799525
5,0.7673833833833834,3305.05896886323,0.199017098353669,0.2091041041041041,3210.741045799525
5,0.7693843843843844,3305.263333661129,0.199017098353669,0.2091041041041041,3210.741045799525
5,0.7713853853853854,3305.466379407978,0.199017098353669,0.2091041041041041,3210.741045799525
5,0.7733863863863863,3305.66811242692,0.199017098353669,0.2091041041041041,3210.741045799525
5,0.7753873873873874,3305.868539047719,0.199017098353669,0.2091041041041041,3210.741045799525
5,0.7773883883883884,3306.067665605936,0.199017098353669,0.2091041041041041,3210.741045799525
5,0.7793893893893894,3306.26549844212,0.199017098353669,0.2091041041041041,3210.741045799525
5,0.7813903903903904,3306.462043901066,0.199017098353669,0.2091041041041041,3210.741045799525
5,0.7833913913913914,3306.657308331032,0.199017098353669,0.2091041041041041,3210.741045799525
5,0.7853923923923924,3306.851298082993,0.199017098353669,0.2091041041041041,3210.741045799525
5,0.7873933933933934,3307.044019509899,0.199017098353669,0.2091041041041041,3210.741045799525
5,0.7893943943943944,3307.235478966,0.199017098353669,0.2091041041041041,3210.741045799525
5,0.7913953953953954,3307.42568280609,0.199017098353669,0.2091041041041041,3210.741045799525
5,0.7933963963963964,3307.614637384854,0.199017098353669,0.2091041041041041,3210.741045799525
5,0.7953973973973975,3307.802349056192,0.199017098353669,0.2091041041041041,3210.741045799525
5,0.7973983983983984,3307.988824172545,0.199017098353669,0.2091041041041041,3210.741045799525
5,0.7993993993993994,3308.174069084268,0.199017098353669,0.2091041041041041,3210.741045799525
5,0.8014004004004004,3308.358090138991,0.199017098353669,0.2091041041041041,3210.741045799525
5,0.8034014014014014,3308.540893680999,0.199017098353669,0.2091041041041041,3210.741045799525
5,0.8054024024024025,3308.722486050623,0.199017098353669,0.2091041041041041,3210.741045799525
5,0.8074034034034034,3308.902873583641,0.199017098353669,0.2091041041041041,3210.741045799525
5,0.8094044044044044,3309.082062610756,0.199017098353669,0.2091041041041041,3210.741045799525
5,0.8114054054054054,3309.260059456929,0.199017098353669,0.2091041041041041,3210.741045799525
5,0.8134064064064064,3309.436870440925,0.199017098353669,0.2091041041041041,3210.741045799525
5,0.8154074074074074,3309.612501874698,0.199017098353669,0.2091041041041041,3210.741045799525
5,0.8174084084084084,3309.786960062893,0.199017098353669,0.2091041041041041,3210.741045799525
5,0.8194094094094094,3309.960251302336,0.199017098353669,0.2091041041041041,3210.741045799525
5,0.8214104104104104,3310.132381881505,0.199017098353669,0.2091041041041041,3210.741045799525
5,0.8234114114114114,3310.303358080045,0.199017098353669,0.2091041041041041,3210.741045799525
5,0.8254124124124124,3310.473186168283,0.199017098353669,0.2091041041041041,3210.741045799525
5,0.8274134134134135,3310.641872406765,0.199017098353669,0.2091041041041041,3210.741045799525
5,0.8294144144144144,3310.809423045758,0.199017098353669,0.2091041041041041,3210.741045799525
5,0.8314154154154154,3310.975844324853,0.199017098353669,0.2091041041041041,3210.741045799525
5,0.8334164164164164,3311.141142472485,0.199017098353669,0.2091041041041041,3210.741045799525
5,0.8354174174174174,3311.305323705493,0.199017098353669,0.2091041041041041,3210.741045799525
5,0.8374184184184185,3311.468394228761,0.199017098353669,0.2091041041041041,3210.741045799525
5,0.8394194194194194,3311.630360234727,0.199017098353669,0.2091041041041041,3210.741045799525
5,0.8414204204204204,3311.791227903033,0.199017098353669,0.2091041041041041,3210.741045799525
5,0.8434214214214214,3311.951003400128,0.199017098353669,0.2091041041041041,3210.741045799525
5,0.8454224224224224,3312.109692878877,0.199017098353669,0.2091041041041041,3210.741045799525
5,0.8474234234234235,3312.2673024782,0.199017098353669,0.2091041041041041,3210.741045799525
5,0.8494244244244245,3312.423838322672,0.199017098353669,0.2091041041041041,3210.741045799525
5,0.8514254254254254,3312.579306522248,0.199017098353669,0.2091041041041041,3210.741045799525
5,0.8534264264264264,3312.733713171816,0.199017098353669,0.2091041041041041,3210.741045799525
5,0.8554274274274274,3312.887064350968,0.199017098353669,0.2091041041041041,3210.741045799525
5,0.8574284284284285,3313.039366123575,0.199017098353669,0.2091041041041041,3210.741045799525
5,0.8594294294294295,3313.190624537524,0.199017098353669,0.2091041041041041,3210.741045799525
5,0.8614304304304304,3313.340845624424,0.199017098353669,0.2091041041041041,3210.741045799525
5,0.8634314314314314,3313.490035399218,0.199017098353669,0.2091041041041041,3210.741045799525
5,0.8654324324324324,3313.638199860005,0.199017098353669,0.2091041041041041,3210.741045799525
5,0.8674334334334335,3313.785344987668,0.199017098353669,0.2091041041041041,3210.741045799525
5,0.8694344344344345,3313.93147674561,0.199017098353669,0.2091041041041041,3210.741045799525
5,0.8714354354354354,3314.076601079524,0.199017098353669,0.2091041041041041,3210.741045799525
5,0.8734364364364364,3314.220723917077,0.199017098353669,0.2091041041041041,3210.741045799525
5,0.8754374374374374,3314.36385116769,0.199017098353669,0.2091041041041041,3210.741045799525
5,0.8774384384384385,3314.505988722264,0.199017098353669,0.2091041041041041,3210.741045799525
5,0.8794394394394395,3314.647142452988,0.199017098353669,0.2091041041041041,3210.741045799525
5,0.8814404404404405,3314.787318213014,0.199017098353669,0.2091041041041041,3210.741045799525
5,0.8834414414414414,3314.92652183633,0.199017098353669,0.2091041041041041,3210.741045799525
5,0.8854424424424424,3315.064759137479,0.199017098353669,0.2091041041041041,3210.741045799525
5,0.8874434434434435,3315.202035911345,0.199017098353669,0.2091041041041041,3210.741045799525
5,0.8894444444444445,3315.338357932979,0.199017098353669,0.2091041041041041,3210.741045799525
5,0.8914454454454455,3315.473730957377,0.199017098353669,0.2091041041041041,3210.741045799525
5,0.8934464464464464,3315.608160719281,0.199017098353669,0.2091041041041041,3210.741045799525
5,0.8954474474474474,3315.741652932994,0.199017098353669,0.2091041041041041,3210.741045799525
5,0.8974484484484485,3315.874213292193,0.199017098353669,0.2091041041041041,3210.741045799525
5,0.8994494494494495,3316.005847469803,0.199017098353669,0.2091041041041041,3210.741045799525
5,0.9014504504504505,3316.136561117734,0.199017098353669,0.2091041041041041,3210.741045799525
5,0.9034514514514514,3316.266359866791,0.199017098353669,0.2091041041041041,3210.741045799525
5,0.9054524524524524,3316.395249326489,0.199017098353669,0.2091041041041041,3210.741045799525
5,0.9074534534534534,3316.52323508489,0.199017098353669,0.2091041041041041,3210.741045799525
5,0.9094544544544545,3316.650322708485,0.199017098353669,0.2091041041041041,3210.741045799525
5,0.9114554554554555,3316.776517742013,0.199017098353669,0.2091041041041041,3210.741045799525
5,0.9134564564564565,3316.901825708361,0.199017098353669,0.2091041041041041,3210.741045799525
5,0.9154574574574574,3317.026252108413,0.199017098353669,0.2091041041041041,3210.741045799525
5,0.9174584584584584,3317.149802420917,0.199017098353669,0.2091041041041041,3210.741045799525
5,0.9194594594594595,3317.272482102367,0.199017098353669,0.2091041041041041,3210.741045799525
5,0.9214604604604605,3317.39429658692,0.199017098353669,0.2091041041041041,3210.741045799525
5,0.9234614614614615,3317.515251286221,0.199017098353669,0.2091041041041041,3210.741045799525
5,0.9254624624624624,3317.63535158935,0.199017098353669,0.2091041041041041,3210.741045799525
5,0.9274634634634634,3317.754602862695,0.199017098353669,0.2091041041041041,3210.741045799525
5,0.9294644644644645,3317.873010449857,0.199017098353669,0.2091041041041041,3210.741045799525
5,0.9314654654654655,3317.990579671562,0.199017098353669,0.2091041041041041,3210.741045799525
5,0.9334664664664665,3318.107315825558,0.199017098353669,0.2091041041041041,3210.741045799525
5,0.9354674674674675,3318.223224186556,0.199017098353669,0.2091041041041041,3210.741045799525
5,0.9374684684684684,3318.338310006131,0.199017098353669,0.2091041041041041,3210.741045799525
5,0.9394694694694695,3318.452578512633,0.199017098353669,0.2091041041041041,3210.741045799525
5,0.9414704704704705,3318.566034911143,0.199017098353669,0.2091041041041041,3210.741045799525
5,0.9434714714714715,3318.678684383397,0.199017098353669,0.2091041041041041,3210.741045799525
5,0.9454724724724725,3318.790532087705,0.199017098353669,0.2091041041041041,3210.741045799525
5,0.9474734734734734,3318.901583158919,0.199017098353669,0.2091041041041041,3210.741045799525
5,0.9494744744744745,3319.011842708336,0.199017098353669,0.2091041041041041,3210.741045799525
5,0.9514754754754755,3319.121315823709,0.199017098353669,0.2091041041041041,3210.741045799525
5,0.9534764764764765,3319.230007569105,0.199017098353669,0.2091041041041041,3210.741045799525
5,0.9554774774774775,3319.337922984961,0.199017098353669,0.2091041041041041,3210.741045799525
5,0.9574784784784784,3319.445067087965,0.199017098353669,0.2091041041041041,3210.741045799525
5,0.9594794794794795,3319.551444871054,0.199017098353669,0.2091041041041041,3210.741045799525
5,0.9614804804804805,3319.65706130338,0.199017098353669,0.2091041041041041,3210.741045799525
5,0.9634814814814815,3319.761921330253,0.199017098353669,0.2091041041041041,3210.741045799525
5,0.9654824824824825,3319.866029873139,0.199017098353669,0.2091041041041041,3210.741045799525
5,0.9674834834834835,3319.969391829616,0.199017098353669,0.2091041041041041,3210.741045799525
5,0.9694844844844845,3320.07201207335,0.199017098353669,0.2091041041041041,3210.741045799525
5,0.9714854854854855,3320.173895454114,0.199017098353669,0.2091041041041041,3210.741045799525
5,0.9734864864864865,3320.275046797722,0.199017098353669,0.2091041041041041,3210.741045799525
5,0.9754874874874875,3320.375470906021,0.199017098353669,0.2091041041041041,3210.741045799525
5,0.9774884884884885,3320.475172556919,0.199017098353669,0.2091041041041041,3210.741045799525
5,0.9794894894894896,3320.574156504349,0.199017098353669,0.2091041041041041,3210.741045799525
5,0.9814904904904905,3320.672427478252,0.199017098353669,0.2091041041041041,3210.741045799525
5,0.9834914914914915,3320.7699901846,0.199017098353669,0.2091041041041041,3210.741045799525
5,0.9854924924924925,3320.866849305396,0.199017098353669,0.2091041041041041,3210.741045799525
5,0.9874934934934935,3320.963009498652,0.199017098353669,0.2091041041041041,3210.741045799525
5,0.9894944944944944,3321.058475398409,0.199017098353669,0.2091041041041041,3210.741045799525
5,0.9914954954954955,3321.153251614755,0.199017098353669,0.2091041041041041,3210.741045799525
5,0.9934964964964965,3321.247342733828,0.199017098353669,0.2091041041041041,3210.741045799525
5,0.9954974974974975,3321.340753317811,0.199017098353669,0.2091041041041041,3210.741045799525
5,0.9974984984984985,3321.433487904961,0.199017098353669,0.2091041041041041,3210.741045799525
5,0.9994994994994995,3321.525551009659,0.199017098353669,0.2091041041041041,3210.741045799525
5,1.0015005005005,3321.61694712236,0.199017098353669,0.2091041041041041,3210.741045799525
5,1.003501501501501,3321.707680709667,0.199017098353669,0.2091041041041041,3210.741045799525
5,1.005502502502502,3321.797756214341,0.199017098353669,0.2091041041041041,3210.741045799525
5,1.007503503503503,3321.887178055317,0.199017098353669,0.2091041041041041,3210.741045799525
5,1.009504504504504,3321.97595062776,0.199017098353669,0.2091041041041041,3210.741045799525
5,1.011505505505505,3322.064078303052,0.199017098353669,0.2091041041041041,3210.741045799525
5,1.013506506506506,3322.151565428855,0.199017098353669,0.2091041041041041,3210.741045799525
5,1.015507507507508,3322.238416329147,0.199017098353669,0.2091041041041041,3210.741045799525
5,1.017508508508508,3322.324635304234,0.199017098353669,0.2091041041041041,3210.741045799525
5,1.019509509509509,3322.410226630792,0.199017098353669,0.2091041041041041,3210.741045799525
5,1.02151051051051,3322.495194561941,0.199017098353669,0.2091041041041041,3210.741045799525
5,1.023511511511511,3322.579543327237,0.199017098353669,0.2091041041041041,3210.741045799525
5,1.025512512512512,3322.663277132743,0.199017098353669,0.2091041041041041,3210.741045799525
5,1.027513513513513,3322.746400161067,0.199017098353669,0.2091041041041041,3210.741045799525
5,1.029514514514514,3322.828916571408,0.199017098353669,0.2091041041041041,3210.741045799525
5,1.031515515515515,3322.910830499588,0.199017098353669,0.2091041041041041,3210.741045799525
5,1.033516516516516,3322.992146058148,0.199017098353669,0.2091041041041041,3210.741045799525
5,1.035517517517517,3323.072867336341,0.199017098353669,0.2091041041041041,3210.741045799525
5,1.037518518518519,3323.152998400199,0.199017098353669,0.2091041041041041,3210.741045799525
5,1.039519519519519,3323.232543292622,0.199017098353669,0.2091041041041041,3210.741045799525
5,1.04152052052052,3323.311506033396,0.199017098353669,0.2091041041041041,3210.741045799525
5,1.043521521521521,3323.38989061925,0.199017098353669,0.2091041041041041,3210.741045799525
5,1.045522522522522,3323.467701023925,0.199017098353669,0.2091041041041041,3210.741045799525
5,1.047523523523523,3323.544941198247,0.199017098353669,0.2091041041041041,3210.741045799525
5,1.049524524524524,3323.621615070136,0.199017098353669,0.2091041041041041,3210.741045799525
5,1.051525525525525,3323.697726544742,0.199017098353669,0.2091041041041041,3210.741045799525
5,1.053526526526526,3323.77327950443,0.199017098353669,0.2091041041041041,3210.741045799525
5,1.055527527527527,3323.848277808895,0.199017098353669,0.2091041041041041,3210.741045799525
5,1.057528528528529,3323.92272529521,0.199017098353669,0.2091041041041041,3210.741045799525
5,1.05952952952953,3323.996625777897,0.199017098353669,0.2091041041041041,3210.741045799525
5,1.06153053053053,3324.069983048968,0.199017098353669,0.2091041041041041,3210.741045799525
5,1.063531531531531,3324.142800878042,0.199017098353669,0.2091041041041041,3210.741045799525
5,1.065532532532532,3324.215083012352,0.199017098353669,0.2091041041041041,3210.741045799525
5,1.067533533533533,3324.286833176885,0.199017098353669,0.2091041041041041,3210.741045799525
5,1.069534534534534,3324.358055074381,0.199017098353669,0.2091041041041041,3210.741045799525
5,1.071535535535535,3324.428752385461,0.199017098353669,0.2091041041041041,3210.741045799525
5,1.073536536536536,3324.498928768662,0.199017098353669,0.2091041041041041,3210.741045799525
5,1.075537537537537,3324.568587860537,0.199017098353669,0.2091041041041041,3210.741045799525
5,1.077538538538539,3324.637733275701,0.199017098353669,0.2091041041041041,3210.741045799525
5,1.07953953953954,3324.706368606934,0.199017098353669,0.2091041041041041,3210.741045799525
5,1.08154054054054,3324.774497425252,0.199017098353669,0.2091041041041041,3210.741045799525
5,1.083541541541541,3324.842123279957,0.199017098353669,0.2091041041041041,3210.741045799525
5,1.085542542542542,3324.909249698754,0.199017098353669,0.2091041041041041,3210.741045799525
5,1.087543543543543,3324.975880187789,0.199017098353669,0.2091041041041041,3210.741045799525
5,1.089544544544544,3325.042018231752,0.199017098353669,0.2091041041041041,3210.741045799525
5,1.091545545545545,3325.107667293948,0.199017098353669,0.2091041041041041,3210.741045799525
5,1.093546546546546,3325.172830816391,0.199017098353669,0.2091041041041041,3210.741045799525
5,1.095547547547547,3325.237512219881,0.199017098353669,0.2091041041041041,3210.741045799525
5,1.097548548548549,3325.301714904032,0.199017098353669,0.2091041041041041,3210.741045799525
5,1.09954954954955,3325.365442247452,0.199017098353669,0.2091041041041041,3210.741045799525
5,1.101550550550551,3325.428697607746,0.199017098353669,0.2091041041041041,3210.741045799525
5,1.103551551551551,3325.491484321621,0.199017098353669,0.2091041041041041,3210.741045799525
5,1.105552552552552,3325.553805704989,0.199017098353669,0.2091041041041041,3210.741045799525
5,1.107553553553553,3325.615665053027,0.199017098353669,0.2091041041041041,3210.741045799525
5,1.109554554554554,3325.677065640265,0.199017098353669,0.2091041041041041,3210.741045799525
5,1.111555555555555,3325.738010720679,0.199017098353669,0.2091041041041041,3210.741045799525
5,1.113556556556556,3325.798503527779,0.199017098353669,0.2091041041041041,3210.741045799525
5,1.115557557557557,3325.858547274674,0.199017098353669,0.2091041041041041,3210.741045799525
5,1.117558558558558,3325.918145154184,0.199017098353669,0.2091041041041041,3210.741045799525
5,1.11955955955956,3325.977300338912,0.199017098353669,0.2091041041041041,3210.741045799525
5,1.121560560560561,3326.036015981322,0.199017098353669,0.2091041041041041,3210.741045799525
5,1.123561561561562,3326.094295213856,0.199017098353669,0.2091041041041041,3210.741045799525
5,1.125562562562562,3326.15214114898,0.199017098353669,0.2091041041041041,3210.741045799525
5,1.127563563563563,3326.209556879317,0.199017098353669,0.2091041041041041,3210.741045799525
5,1.129564564564564,3326.266545477691,0.199017098353669,0.2091041041041041,3210.741045799525
5,1.131565565565565,3326.323109997257,0.199017098353669,0.2091041041041041,3210.741045799525
5,1.133566566566566,3326.379253471547,0.199017098353669,0.2091041041041041,3210.741045799525
5,1.135567567567567,3326.43497891461,0.199017098353669,0.2091041041041041,3210.741045799525
5,1.137568568568568,3326.490289321036,0.199017098353669,0.2091041041041041,3210.741045799525
5,1.13956956956957,3326.545187666116,0.199017098353669,0.2091041041041041,3210.741045799525
5,1.141570570570571,3326.599676905874,0.199017098353669,0.2091041041041041,3210.741045799525
5,1.143571571571572,3326.653759977192,0.199017098353669,0.2091041041041041,3210.741045799525
5,1.145572572572573,3326.707439797876,0.199017098353669,0.2091041041041041,3210.741045799525
5,1.147573573573573,3326.760719266772,0.199017098353669,0.2091041041041041,3210.741045799525
5,1.149574574574574,3326.813601263835,0.199017098353669,0.2091041041041041,3210.741045799525
5,1.151575575575575,3326.86608865022,0.199017098353669,0.2091041041041041,3210.741045799525
5,1.153576576576576,3326.918184268385,0.199017098353669,0.2091041041041041,3210.741045799525
5,1.155577577577577,3326.969890942189,0.199017098353669,0.2091041041041041,3210.741045799525
5,1.157578578578578,3327.021211476934,0.199017098353669,0.2091041041041041,3210.741045799525
5,1.15957957957958,3327.072148659519,0.199017098353669,0.2091041041041041,3210.741045799525
5,1.161580580580581,3327.122705258518,0.199017098353669,0.2091041041041041,3210.741045799525
5,1.163581581581582,3327.172884024197,0.199017098353669,0.2091041041041041,3210.741045799525
5,1.165582582582583,3327.222687688733,0.199017098353669,0.2091041041041041,3210.741045799525
5,1.167583583583583,3327.272118966181,0.199017098353669,0.2091041041041041,3210.741045799525
5,1.169584584584584,3327.32118055266,0.199017098353669,0.2091041041041041,3210.741045799525
5,1.171585585585585,3327.369875126371,0.199017098353669,0.2091041041041041,3210.741045799525
5,1.173586586586586,3327.418205347748,0.199017098353669,0.2091041041041041,3210.741045799525
5,1.175587587587587,3327.466173859514,0.199017098353669,0.2091041041041041,3210.741045799525
5,1.177588588588588,3327.513783286763,0.199017098353669,0.2091041041041041,3210.741045799525
5,1.17958958958959,3327.561036237101,0.199017098353669,0.2091041041041041,3210.741045799525
5,1.181590590590591,3327.607935300667,0.199017098353669,0.2091041041041041,3210.741045799525
5,1.183591591591592,3327.654483050294,0.199017098353669,0.2091041041041041,3210.741045799525
5,1.185592592592593,3327.700682041563,0.199017098353669,0.2091041041041041,3210.741045799525
5,1.187593593593594,3327.746534812869,0.199017098353669,0.2091041041041041,3210.741045799525
5,1.189594594594594,3327.792043885584,0.199017098353669,0.2091041041041041,3210.741045799525
5,1.191595595595595,3327.837211764078,0.199017098353669,0.2091041041041041,3210.741045799525
5,1.193596596596596,3327.88204093584,0.199017098353669,0.2091041041041041,3210.741045799525
5,1.195597597597597,3327.926533871578,0.199017098353669,0.2091041041041041,3210.741045799525
5,1.197598598598598,3327.970693025274,0.199017098353669,0.2091041041041041,3210.741045799525
5,1.199599599599599,3328.01452083433,0.199017098353669,0.2091041041041041,3210.741045799525
5,1.201600600600601,3328.058019719595,0.199017098353669,0.2091041041041041,3210.741045799525
5,1.203601601601602,3328.10119208552,0.199017098353669,0.2091041041041041,3210.741045799525
5,1.205602602602603,3328.144040320172,0.199017098353669,0.2091041041041041,3210.741045799525
5,1.207603603603604,3328.186566795404,0.199017098353669,0.2091041041041041,3210.741045799525
5,1.209604604604605,3328.22877386688,0.199017098353669,0.2091041041041041,3210.741045799525
5,1.211605605605605,3328.270663874206,0.199017098353669,0.2091041041041041,3210.741045799525
5,1.213606606606606,3328.312239141012,0.199017098353669,0.2091041041041041,3210.741045799525
5,1.215607607607607,3328.353501975022,0.199017098353669,0.2091041041041041,3210.741045799525
5,1.217608608608608,3328.394454668158,0.199017098353669,0.2091041041041041,3210.741045799525
5,1.219609609609609,3328.435099496634,0.199017098353669,0.2091041041041041,3210.741045799525
5,1.221610610610611,3328.475438721018,0.199017098353669,0.2091041041041041,3210.741045799525
5,1.223611611611612,3328.515474586367,0.199017098353669,0.2091041041041041,3210.741045799525
5,1.225612612612613,3328.555209322276,0.199017098353669,0.2091041041041041,3210.741045799525
5,1.227613613613614,3328.594645142974,0.199017098353669,0.2091041041041041,3210.741045799525
5,1.229614614614615,3328.63378424743,0.199017098353669,0.2091041041041041,3210.741045799525
5,1.231615615615615,3328.672628819407,0.199017098353669,0.2091041041041041,3210.741045799525
5,1.233616616616616,3328.711181027596,0.199017098353669,0.2091041041041041,3210.741045799525
5,1.235617617617617,3328.749443025661,0.199017098353669,0.2091041041041041,3210.741045799525
5,1.237618618618618,3328.787416952353,0.199017098353669,0.2091041041041041,3210.741045799525
5,1.239619619619619,3328.82510493157,0.199017098353669,0.2091041041041041,3210.741045799525
5,1.241620620620621,3328.862509072492,0.199017098353669,0.2091041041041041,3210.741045799525
5,1.243621621621622,3328.899631469602,0.199017098353669,0.2091041041041041,3210.741045799525
5,1.245622622622623,3328.936474202828,0.199017098353669,0.2091041041041041,3210.741045799525
5,1.247623623623624,3328.973039337606,0.199017098353669,0.2091041041041041,3210.741045799525
5,1.249624624624625,3329.00932892495,0.199017098353669,0.2091041041041041,3210.741045799525
5,1.251625625625626,3329.045345001582,0.199017098353669,0.2091041041041041,3210.741045799525
5,1.253626626626626,3329.081089589969,0.199017098353669,0.2091041041041041,3210.741045799525
5,1.255627627627627,3329.116564698437,0.199017098353669,0.2091041041041041,3210.741045799525
5,1.257628628628628,3329.151772321245,0.199017098353669,0.2091041041041041,3210.741045799525
5,1.259629629629629,3329.186714438685,0.199017098353669,0.2091041041041041,3210.741045799525
5,1.261630630630631,3329.221393017125,0.199017098353669,0.2091041041041041,3210.741045799525
5,1.263631631631632,3329.255810009155,0.199017098353669,0.2091041041041041,3210.741045799525
5,1.265632632632633,3329.289967353613,0.199017098353669,0.2091041041041041,3210.741045799525
5,1.267633633633634,3329.323866975697,0.199017098353669,0.2091041041041041,3210.741045799525
5,1.269634634634635,3329.357510787054,0.199017098353669,0.2091041041041041,3210.741045799525
5,1.271635635635636,3329.39090068584,0.199017098353669,0.2091041041041041,3210.741045799525
5,1.273636636636637,3329.424038556822,0.199017098353669,0.2091041041041041,3210.741045799525
5,1.275637637637637,3329.456926271451,0.199017098353669,0.2091041041041041,3210.741045799525
5,1.277638638638638,3329.489565687934,0.199017098353669,0.2091041041041041,3210.741045799525
5,1.279639639639639,3329.521958651349,0.199017098353669,0.2091041041041041,3210.741045799525
5,1.28164064064064,3329.554106993689,0.199017098353669,0.2091041041041041,3210.741045799525
5,1.283641641641642,3329.586012533955,0.199017098353669,0.2091041041041041,3210.741045799525
5,1.285642642642643,3329.617677078263,0.199017098353669,0.2091041041041041,3210.741045799525
5,1.287643643643644,3329.649102419869,0.199017098353669,0.2091041041041041,3210.741045799525
5,1.289644644644645,3329.6802903393,0.199017098353669,0.2091041041041041,3210.741045799525
5,1.291645645645646,3329.711242604422,0.199017098353669,0.2091041041041041,3210.741045799525
5,1.293646646646647,3329.741960970498,0.199017098353669,0.2091041041041041,3210.741045799525
5,1.295647647647648,3329.772447180292,0.199017098353669,0.2091041041041041,3210.741045799525
5,1.297648648648648,3329.802702964118,0.199017098353669,0.2091041041041041,3210.741045799525
5,1.299649649649649,3329.83273003996,0.199017098353669,0.2091041041041041,3210.741045799525
5,1.30165065065065,3329.862530113528,0.199017098353669,0.2091041041041041,3210.741045799525
5,1.303651651651652,3329.892104878314,0.199017098353669,0.2091041041041041,3210.741045799525
5,1.305652652652653,3329.921456015708,0.199017098353669,0.2091041041041041,3210.741045799525
5,1.307653653653654,3329.950585195064,0.199017098353669,0.2091041041041041,3210.741045799525
5,1.309654654654655,3329.97949407375,0.199017098353669,0.2091041041041041,3210.741045799525
5,1.311655655655656,3330.008184297255,0.199017098353669,0.2091041041041041,3210.741045799525
5,1.313656656656657,3330.036657499273,0.199017098353669,0.2091041041041041,3210.741045799525
5,1.315657657657658,3330.064915301727,0.199017098353669,0.2091041041041041,3210.741045799525
5,1.317658658658658,3330.092959314911,0.199017098353669,0.2091041041041041,3210.741045799525
5,1.319659659659659,3330.120791137515,0.199017098353669,0.2091041041041041,3210.741045799525
5,1.32166066066066,3330.148412356717,0.199017098353669,0.2091041041041041,3210.741045799525
5,1.323661661661662,3330.175824548281,0.199017098353669,0.2091041041041041,3210.741045799525
5,1.325662662662663,3330.203029276569,0.199017098353669,0.2091041041041041,3210.741045799525
5,1.327663663663664,3330.230028094694,0.199017098353669,0.2091041041041041,3210.741045799525
5,1.329664664664665,3330.256822544523,0.199017098353669,0.2091041041041041,3210.741045799525
5,1.331665665665666,3330.283414156799,0.199017098353669,0.2091041041041041,3210.741045799525
5,1.333666666666667,3330.309804451187,0.199017098353669,0.2091041041041041,3210.741045799525
5,1.335667667667668,3330.335994936359,0.199017098353669,0.2091041041041041,3210.741045799525
5,1.337668668668669,3330.36198711006,0.199017098353669,0.2091041041041041,3210.741045799525
5,1.339669669669669,3330.387782459176,0.199017098353669,0.2091041041041041,3210.741045799525
5,1.34167067067067,3330.413382459822,0.199017098353669,0.2091041041041041,3210.741045799525
5,1.343671671671672,3330.438788577396,0.199017098353669,0.2091041041041041,3210.741045799525
5,1.345672672672673,3330.464002266649,0.199017098353669,0.2091041041041041,3210.741045799525
5,1.347673673673674,3330.489024971771,0.199017098353669,0.2091041041041041,3210.741045799525
5,1.349674674674675,3330.513858126451,0.199017098353669,0.2091041041041041,3210.741045799525
5,1.351675675675676,3330.538503153939,0.199017098353669,0.2091041041041041,3210.741045799525
5,1.353676676676677,3330.562961467137,0.199017098353669,0.2091041041041041,3210.741045799525
5,1.355677677677678,3330.587234468644,0.199017098353669,0.2091041041041041,3210.741045799525
5,1.357678678678679,3330.611323550832,0.199017098353669,0.2091041041041041,3210.741045799525
5,1.35967967967968,3330.635230095931,0.199017098353669,0.2091041041041041,3210.741045799525
5,1.36168068068068,3330.658955476082,0.199017098353669,0.2091041041041041,3210.741045799525
5,1.363681681681682,3330.682501053383,0.199017098353669,0.2091041041041041,3210.741045799525
5,1.365682682682683,3330.705868180001,0.199017098353669,0.2091041041041041,3210.741045799525
5,1.367683683683684,3330.729058198223,0.199017098353669,0.2091041041041041,3210.741045799525
5,1.369684684684685,3330.752072440487,0.199017098353669,0.2091041041041041,3210.741045799525
5,1.371685685685686,3330.774912229511,0.199017098353669,0.2091041041041041,3210.741045799525
5,1.373686686686687,3330.797578878293,0.199017098353669,0.2091041041041041,3210.741045799525
5,1.375687687687688,3330.820073690235,0.199017098353669,0.2091041041041041,3210.741045799525
5,1.377688688688689,3330.842397959167,0.199017098353669,0.2091041041041041,3210.741045799525
5,1.37968968968969,3330.864552969432,0.199017098353669,0.2091041041041041,3210.741045799525
5,1.381690690690691,3330.886539995944,0.199017098353669,0.2091041041041041,3210.741045799525
5,1.383691691691691,3330.908360304254,0.199017098353669,0.2091041041041041,3210.741045799525
5,1.385692692692693,3330.930015150607,0.199017098353669,0.2091041041041041,3210.741045799525
5,1.387693693693694,3330.951505782006,0.199017098353669,0.2091041041041041,3210.741045799525
5,1.389694694694695,3330.972833436309,0.199017098353669,0.2091041041041041,3210.741045799525
5,1.391695695695696,3330.993999342221,0.199017098353669,0.2091041041041041,3210.741045799525
5,1.393696696696697,3331.015004719441,0.199017098353669,0.2091041041041041,3210.741045799525
5,1.395697697697698,3331.035850778635,0.199017098353669,0.2091041041041041,3210.741045799525
5,1.397698698698699,3331.056538721585,0.199017098353669,0.2091041041041041,3210.741045799525
5,1.3996996996997,3331.077069741179,0.199017098353669,0.2091041041041041,3210.741045799525
5,1.401700700700701,3331.097445021526,0.199017098353669,0.2091041041041041,3210.741045799525
5,1.403701701701701,3331.117665737966,0.199017098353669,0.2091041041041041,3210.741045799525
5,1.405702702702703,3331.137733057175,0.199017098353669,0.2091041041041041,3210.741045799525
5,1.407703703703704,3331.157648137215,0.199017098353669,0.2091041041041041,3210.741045799525
5,1.409704704704705,3331.177412127555,0.199017098353669,0.2091041041041041,3210.741045799525
5,1.411705705705706,3331.197026169186,0.199017098353669,0.2091041041041041,3210.741045799525
5,1.413706706706707,3331.216491394642,0.199017098353669,0.2091041041041041,3210.741045799525
5,1.415707707707708,3331.235808928079,0.199017098353669,0.2091041041041041,3210.741045799525
5,1.417708708708709,3331.254979885312,0.199017098353669,0.2091041041041041,3210.741045799525
5,1.41970970970971,3331.274005373903,0.199017098353669,0.2091041041041041,3210.741045799525
5,1.421710710710711,3331.292886493178,0.199017098353669,0.2091041041041041,3210.741045799525
5,1.423711711711712,3331.311624334351,0.199017098353669,0.2091041041041041,3210.741045799525
5,1.425712712712713,3331.330219980479,0.199017098353669,0.2091041041041041,3210.741045799525
5,1.427713713713714,3331.348674506612,0.199017098353669,0.2091041041041041,3210.741045799525
5,1.429714714714715,3331.366988979819,0.199017098353669,0.2091041041041041,3210.741045799525
5,1.431715715715716,3331.385164459231,0.199017098353669,0.2091041041041041,3210.741045799525
5,1.433716716716717,3331.403201996093,0.199017098353669,0.2091041041041041,3210.741045799525
5,1.435717717717718,3331.421102633837,0.199017098353669,0.2091041041041041,3210.741045799525
5,1.437718718718719,3331.438867408146,0.199017098353669,0.2091041041041041,3210.741045799525
5,1.43971971971972,3331.456497346974,0.199017098353669,0.2091041041041041,3210.741045799525
5,1.441720720720721,3331.473993470632,0.199017098353669,0.2091041041041041,3210.741045799525
5,1.443721721721722,3331.491356791824,0.199017098353669,0.2091041041041041,3210.741045799525
5,1.445722722722723,3331.508588315702,0.199017098353669,0.2091041041041041,3210.741045799525
5,1.447723723723724,3331.525689039931,0.199017098353669,0.2091041041041041,3210.741045799525
5,1.449724724724725,3331.542659954739,0.199017098353669,0.2091041041041041,3210.741045799525
5,1.451725725725726,3331.559502042953,0.199017098353669,0.2091041041041041,3210.741045799525
5,1.453726726726727,3331.57621628006,0.199017098353669,0.2091041041041041,3210.741045799525
5,1.455727727727728,3331.592803634279,0.199017098353669,0.2091041041041041,3210.741045799525
5,1.457728728728729,3331.609265066588,0.199017098353669,0.2091041041041041,3210.741045799525
5,1.45972972972973,3331.625601530779,0.199017098353669,0.2091041041041041,3210.741045799525
5,1.461730730730731,3331.641813973519,0.199017098353669,0.2091041041041041,3210.741045799525
5,1.463731731731732,3331.657903334388,0.199017098353669,0.2091041041041041,3210.741045799525
5,1.465732732732733,3331.673870545947,0.199017098353669,0.2091041041041041,3210.741045799525
5,1.467733733733734,3331.689716533765,0.199017098353669,0.2091041041041041,3210.741045799525
5,1.469734734734735,3331.705442216498,0.199017098353669,0.2091041041041041,3210.741045799525
5,1.471735735735736,3331.721048505898,0.199017098353669,0.2091041041041041,3210.741045799525
5,1.473736736736737,3331.736536306909,0.199017098353669,0.2091041041041041,3210.741045799525
5,1.475737737737738,3331.751906517681,0.199017098353669,0.2091041041041041,3210.741045799525
5,1.477738738738739,3331.767160029631,0.199017098353669,0.2091041041041041,3210.741045799525
5,1.47973973973974,3331.782297727495,0.199017098353669,0.2091041041041041,3210.741045799525
5,1.481740740740741,3331.797320489368,0.199017098353669,0.2091041041041041,3210.741045799525
5,1.483741741741742,3331.812229186755,0.199017098353669,0.2091041041041041,3210.741045799525
5,1.485742742742743,3331.82702468462,0.199017098353669,0.2091041041041041,3210.741045799525
5,1.487743743743744,3331.84170784143,0.199017098353669,0.2091041041041041,3210.741045799525
5,1.489744744744745,3331.8562795092,0.199017098353669,0.2091041041041041,3210.741045799525
5,1.491745745745746,3331.870740533557,0.199017098353669,0.2091041041041041,3210.741045799525
5,1.493746746746747,3331.885091753754,0.199017098353669,0.2091041041041041,3210.741045799525
5,1.495747747747748,3331.899334002738,0.199017098353669,0.2091041041041041,3210.741045799525
5,1.497748748748749,3331.9134681072,0.199017098353669,0.2091041041041041,3210.741045799525
5,1.49974974974975,3331.927494887612,0.199017098353669,0.2091041041041041,3210.741045799525
5,1.501750750750751,3331.941415158246,0.199017098353669,0.2091041041041041,3210.741045799525
5,1.503751751751752,3331.955229727279,0.199017098353669,0.2091041041041041,3210.741045799525
5,1.505752752752753,3331.968939396778,0.199017098353669,0.2091041041041041,3210.741045799525
5,1.507753753753754,3331.98254496278,0.199017098353669,0.2091041041041041,3210.741045799525
5,1.509754754754755,3331.996047215328,0.199017098353669,0.2091041041041041,3210.741045799525
5,1.511755755755756,3332.009446938492,0.199017098353669,0.2091041041041041,3210.741045799525
5,1.513756756756757,3332.022744910451,0.199017098353669,0.2091041041041041,3210.741045799525
5,1.515757757757758,3332.035941903504,0.199017098353669,0.2091041041041041,3210.741045799525
5,1.517758758758759,3332.049038684134,0.199017098353669,0.2091041041041041,3210.741045799525
5,1.51975975975976,3332.062036013035,0.199017098353669,0.2091041041041041,3210.741045799525
5,1.521760760760761,3332.074934645167,0.199017098353669,0.2091041041041041,3210.741045799525
5,1.523761761761762,3332.087735329776,0.199017098353669,0.2091041041041041,3210.741045799525
5,1.525762762762763,3332.100438810458,0.199017098353669,0.2091041041041041,3210.741045799525
5,1.527763763763764,3332.113045825212,0.199017098353669,0.2091041041041041,3210.741045799525
5,1.529764764764765,3332.125557106436,0.199017098353669,0.2091041041041041,3210.741045799525
5,1.531765765765766,3332.137973380991,0.199017098353669,0.2091041041041041,3210.741045799525
5,1.533766766766767,3332.150295370272,0.199017098353669,0.2091041041041041,3210.741045799525
5,1.535767767767768,3332.162523790204,0.199017098353669,0.2091041041041041,3210.741045799525
5,1.537768768768769,3332.174659351295,0.199017098353669,0.2091041041041041,3210.741045799525
5,1.53976976976977,3332.186702758688,0.199017098353669,0.2091041041041041,3210.741045799525
5,1.541770770770771,3332.198654712181,0.199017098353669,0.2091041041041041,3210.741045799525
5,1.543771771771772,3332.210515906282,0.199017098353669,0.2091041041041041,3210.741045799525
5,1.545772772772773,3332.222287030249,0.199017098353669,0.2091041041041041,3210.741045799525
5,1.547773773773774,3332.233968768105,0.199017098353669,0.2091041041041041,3210.741045799525
5,1.549774774774775,3332.245561798715,0.199017098353669,0.2091041041041041,3210.741045799525
5,1.551775775775776,3332.257066795787,0.199017098353669,0.2091041041041041,3210.741045799525
5,1.553776776776777,3332.268484427924,0.199017098353669,0.2091041041041041,3210.741045799525
5,1.555777777777778,3332.27981535868,0.199017098353669,0.2091041041041041,3210.741045799525
5,1.557778778778779,3332.291060246564,0.199017098353669,0.2091041041041041,3210.741045799525
5,1.55977977977978,3332.302219745102,0.199017098353669,0.2091041041041041,3210.741045799525
5,1.561780780780781,3332.31329450286,0.199017098353669,0.2091041041041041,3210.741045799525
5,1.563781781781782,3332.324285163483,0.199017098353669,0.2091041041041041,3210.741045799525
5,1.565782782782783,3332.335192365742,0.199017098353669,0.2091041041041041,3210.741045799525
5,1.567783783783784,3332.346016743562,0.199017098353669,0.2091041041041041,3210.741045799525
5,1.569784784784785,3332.356758926054,0.199017098353669,0.2091041041041041,3210.741045799525
5,1.571785785785786,3332.367419537554,0.199017098353669,0.2091041041041041,3210.741045799525
5,1.573786786786787,3332.37799919766,0.199017098353669,0.2091041041041041,3210.741045799525
5,1.575787787787788,3332.388498521268,0.199017098353669,0.2091041041041041,3210.741045799525
5,1.577788788788789,3332.39891811861,0.199017098353669,0.2091041041041041,3210.741045799525
5,1.57978978978979,3332.409258595262,0.199017098353669,0.2091041041041041,3210.741045799525
5,1.581790790790791,3332.419520552229,0.199017098353669,0.2091041041041041,3210.741045799525
5,1.583791791791792,3332.429704585928,0.199017098353669,0.2091041041041041,3210.741045799525
5,1.585792792792793,3332.439811288257,0.199017098353669,0.2091041041041041,3210.741045799525
5,1.587793793793794,3332.449841246609,0.199017098353669,0.2091041041041041,3210.741045799525
5,1.589794794794795,3332.459795043914,0.199017098353669,0.2091041041041041,3210.741045799525
5,1.591795795795796,3332.469673258669,0.199017098353669,0.2091041041041041,3210.741045799525
5,1.593796796796797,3332.479476464976,0.199017098353669,0.2091041041041041,3210.741045799525
5,1.595797797797798,3332.489205232569,0.199017098353669,0.2091041041041041,3210.741045799525
5,1.597798798798799,3332.498860126851,0.199017098353669,0.2091041041041041,3210.741045799525
5,1.5997997997998,3332.508441708912,0.199017098353669,0.2091041041041041,3210.741045799525
5,1.601800800800801,3332.517950535585,0.199017098353669,0.2091041041041041,3210.741045799525
5,1.603801801801802,3332.527387159468,0.199017098353669,0.2091041041041041,3210.741045799525
5,1.605802802802803,3332.536752128945,0.199017098353669,0.2091041041041041,3210.741045799525
5,1.607803803803804,3332.546045988232,0.199017098353669,0.2091041041041041,3210.741045799525
5,1.609804804804805,3332.555269277394,0.199017098353669,0.2091041041041041,3210.741045799525
5,1.611805805805806,3332.564422532401,0.199017098353669,0.2091041041041041,3210.741045799525
5,1.613806806806807,3332.573506285109,0.199017098353669,0.2091041041041041,3210.741045799525
5,1.615807807807808,3332.582521063363,0.199017098353669,0.2091041041041041,3210.741045799525
5,1.617808808808809,3332.591467390962,0.199017098353669,0.2091041041041041,3210.741045799525
5,1.61980980980981,3332.600345787722,0.199017098353669,0.2091041041041041,3210.741045799525
5,1.621810810810811,3332.609156769497,0.199017098353669,0.2091041041041041,3210.741045799525
5,1.623811811811812,3332.617900848209,0.199017098353669,0.2091041041041041,3210.741045799525
5,1.625812812812813,3332.626578531884,0.199017098353669,0.2091041041041041,3210.741045799525
5,1.627813813813814,3332.635190324678,0.199017098353669,0.2091041041041041,3210.741045799525
5,1.629814814814815,3332.643736726895,0.199017098353669,0.2091041041041041,3210.741045799525
5,1.631815815815816,3332.652218235021,0.199017098353669,0.2091041041041041,3210.741045799525
5,1.633816816816817,3332.660635341774,0.199017098353669,0.2091041041041041,3210.741045799525
5,1.635817817817818,3332.66898853611,0.199017098353669,0.2091041041041041,3210.741045799525
5,1.637818818818819,3332.677278303242,0.199017098353669,0.2091041041041041,3210.741045799525
5,1.63981981981982,3332.68550512469,0.199017098353669,0.2091041041041041,3210.741045799525
5,1.641820820820821,3332.693669478316,0.199017098353669,0.2091041041041041,3210.741045799525
5,1.643821821821822,3332.701771838309,0.199017098353669,0.2091041041041041,3210.741045799525
5,1.645822822822823,3332.709812675264,0.199017098353669,0.2091041041041041,3210.741045799525
5,1.647823823823824,3332.717792456174,0.199017098353669,0.2091041041041041,3210.741045799525
5,1.649824824824825,3332.725711644471,0.199017098353669,0.2091041041041041,3210.741045799525
5,1.651825825825826,3332.733570700051,0.199017098353669,0.2091041041041041,3210.741045799525
5,1.653826826826827,3332.741370079296,0.199017098353669,0.2091041041041041,3210.741045799525
5,1.655827827827828,3332.749110235115,0.199017098353669,0.2091041041041041,3210.741045799525
5,1.657828828828829,3332.756791616942,0.199017098353669,0.2091041041041041,3210.741045799525
5,1.65982982982983,3332.764414670799,0.199017098353669,0.2091041041041041,3210.741045799525
5,1.661830830830831,3332.771979839279,0.199017098353669,0.2091041041041041,3210.741045799525
5,1.663831831831832,3332.779487561637,0.199017098353669,0.2091041041041041,3210.741045799525
5,1.665832832832833,3332.786938273719,0.199017098353669,0.2091041041041041,3210.741045799525
5,1.667833833833834,3332.794332408093,0.199017098353669,0.2091041041041041,3210.741045799525
5,1.669834834834835,3332.801670393985,0.199017098353669,0.2091041041041041,3210.741045799525
5,1.671835835835836,3332.80895265737,0.199017098353669,0.2091041041041041,3210.741045799525
5,1.673836836836837,3332.816179620947,0.199017098353669,0.2091041041041041,3210.741045799525
5,1.675837837837838,3332.823351704207,0.199017098353669,0.2091041041041041,3210.741045799525
5,1.677838838838839,3332.830469323418,0.199017098353669,0.2091041041041041,3210.741045799525
5,1.67983983983984,3332.837532891684,0.199017098353669,0.2091041041041041,3210.741045799525
5,1.681840840840841,3332.84454281894,0.199017098353669,0.2091041041041041,3210.741045799525
5,1.683841841841842,3332.851499511987,0.199017098353669,0.2091041041041041,3210.741045799525
5,1.685842842842843,3332.858403374534,0.199017098353669,0.2091041041041041,3210.741045799525
5,1.687843843843844,3332.865254807183,0.199017098353669,0.2091041041041041,3210.741045799525
5,1.689844844844845,3332.872054207496,0.199017098353669,0.2091041041041041,3210.741045799525
5,1.691845845845846,3332.878801969989,0.199017098353669,0.2091041041041041,3210.741045799525
5,1.693846846846847,3332.88549848615,0.199017098353669,0.2091041041041041,3210.741045799525
5,1.695847847847848,3332.892144144491,0.199017098353669,0.2091041041041041,3210.741045799525
5,1.697848848848849,3332.898739330537,0.199017098353669,0.2091041041041041,3210.741045799525
5,1.69984984984985,3332.905284426887,0.199017098353669,0.2091041041041041,3210.741045799525
5,1.701850850850851,3332.911779813209,0.199017098353669,0.2091041041041041,3210.741045799525
5,1.703851851851852,3332.918225866249,0.199017098353669,0.2091041041041041,3210.741045799525
5,1.705852852852853,3332.924622959897,0.199017098353669,0.2091041041041041,3210.741045799525
5,1.707853853853854,3332.930971465173,0.199017098353669,0.2091041041041041,3210.741045799525
5,1.709854854854855,3332.937271750266,0.199017098353669,0.2091041041041041,3210.741045799525
5,1.711855855855856,3332.943524180536,0.199017098353669,0.2091041041041041,3210.741045799525
5,1.713856856856857,3332.949729118569,0.199017098353669,0.2091041041041041,3210.741045799525
5,1.715857857857858,3332.955886924167,0.199017098353669,0.2091041041041041,3210.741045799525
5,1.717858858858859,3332.961997954376,0.199017098353669,0.2091041041041041,3210.741045799525
5,1.71985985985986,3332.968062563519,0.199017098353669,0.2091041041041041,3210.741045799525
5,1.721860860860861,3332.974081103211,0.199017098353669,0.2091041041041041,3210.741045799525
5,1.723861861861862,3332.980053922372,0.199017098353669,0.2091041041041041,3210.741045799525
5,1.725862862862863,3332.985981367249,0.199017098353669,0.2091041041041041,3210.741045799525
5,1.727863863863864,3332.991863781459,0.199017098353669,0.2091041041041041,3210.741045799525
5,1.729864864864865,3332.997701505982,0.199017098353669,0.2091041041041041,3210.741045799525
5,1.731865865865866,3333.003494879171,0.199017098353669,0.2091041041041041,3210.741045799525
5,1.733866866866867,3333.009244236819,0.199017098353669,0.2091041041041041,3210.741045799525
5,1.735867867867868,3333.01494991214,0.199017098353669,0.2091041041041041,3210.741045799525
5,1.737868868868869,3333.020612235789,0.199017098353669,0.2091041041041041,3210.741045799525
5,1.73986986986987,3333.02623153591,0.199017098353669,0.2091041041041041,3210.741045799525
5,1.741870870870871,3333.031808138122,0.199017098353669,0.2091041041041041,3210.741045799525
5,1.743871871871872,3333.037342365564,0.199017098353669,0.2091041041041041,3210.741045799525
5,1.745872872872873,3333.042834538895,0.199017098353669,0.2091041041041041,3210.741045799525
5,1.747873873873874,3333.04828497632,0.199017098353669,0.2091041041041041,3210.741045799525
5,1.749874874874875,3333.053693993629,0.199017098353669,0.2091041041041041,3210.741045799525
5,1.751875875875876,3333.059061904169,0.199017098353669,0.2091041041041041,3210.741045799525
5,1.753876876876877,3333.064389018901,0.199017098353669,0.2091041041041041,3210.741045799525
5,1.755877877877878,3333.069675646413,0.199017098353669,0.2091041041041041,3210.741045799525
5,1.757878878878879,3333.07492209293,0.199017098353669,0.2091041041041041,3210.741045799525
5,1.75987987987988,3333.080128662333,0.199017098353669,0.2091041041041041,3210.741045799525
5,1.761880880880881,3333.085295656169,0.199017098353669,0.2091041041041041,3210.741045799525
5,1.763881881881882,3333.090423373704,0.199017098353669,0.2091041041041041,3210.741045799525
5,1.765882882882883,3333.095512111882,0.199017098353669,0.2091041041041041,3210.741045799525
5,1.767883883883884,3333.100562165397,0.199017098353669,0.2091041041041041,3210.741045799525
5,1.769884884884885,3333.105573826686,0.199017098353669,0.2091041041041041,3210.741045799525
5,1.771885885885886,3333.110547385946,0.199017098353669,0.2091041041041041,3210.741045799525
5,1.773886886886887,3333.115483131147,0.199017098353669,0.2091041041041041,3210.741045799525
5,1.775887887887888,3333.120381348071,0.199017098353669,0.2091041041041041,3210.741045799525
5,1.777888888888889,3333.125242320302,0.199017098353669,0.2091041041041041,3210.741045799525
5,1.77988988988989,3333.130066329268,0.199017098353669,0.2091041041041041,3210.741045799525
5,1.781890890890891,3333.134853654229,0.199017098353669,0.2091041041041041,3210.741045799525
5,1.783891891891892,3333.139604572314,0.199017098353669,0.2091041041041041,3210.741045799525
5,1.785892892892893,3333.144319358541,0.199017098353669,0.2091041041041041,3210.741045799525
5,1.787893893893894,3333.148998285805,0.199017098353669,0.2091041041041041,3210.741045799525
5,1.789894894894895,3333.153641624936,0.199017098353669,0.2091041041041041,3210.741045799525
5,1.791895895895896,3333.158249644692,0.199017098353669,0.2091041041041041,3210.741045799525
5,1.793896896896897,3333.162822611755,0.199017098353669,0.2091041041041041,3210.741045799525
5,1.795897897897898,3333.167360790771,0.199017098353669,0.2091041041041041,3210.741045799525
5,1.797898898898899,3333.171864444382,0.199017098353669,0.2091041041041041,3210.741045799525
5,1.7998998998999,3333.176333833209,0.199017098353669,0.2091041041041041,3210.741045799525
5,1.801900900900901,3333.180769215883,0.199017098353669,0.2091041041041041,3210.741045799525
5,1.803901901901902,3333.185170849046,0.199017098353669,0.2091041041041041,3210.741045799525
5,1.805902902902903,3333.189538987396,0.199017098353669,0.2091041041041041,3210.741045799525
5,1.807903903903904,3333.193873883663,0.199017098353669,0.2091041041041041,3210.741045799525
5,1.809904904904905,3333.198175788666,0.199017098353669,0.2091041041041041,3210.741045799525
5,1.811905905905906,3333.202444951289,0.199017098353669,0.2091041041041041,3210.741045799525
5,1.813906906906907,3333.206681618525,0.199017098353669,0.2091041041041041,3210.741045799525
5,1.815907907907908,3333.210886035465,0.199017098353669,0.2091041041041041,3210.741045799525
5,1.817908908908909,3333.215058445349,0.199017098353669,0.2091041041041041,3210.741045799525
5,1.81990990990991,3333.219199089533,0.199017098353669,0.2091041041041041,3210.741045799525
5,1.821910910910911,3333.223308207528,0.199017098353669,0.2091041041041041,3210.741045799525
5,1.823911911911912,3333.227386037043,0.199017098353669,0.2091041041041041,3210.741045799525
5,1.825912912912913,3333.231432813946,0.199017098353669,0.2091041041041041,3210.741045799525
5,1.827913913913914,3333.235448772309,0.199017098353669,0.2091041041041041,3210.741045799525
5,1.829914914914915,3333.239434144408,0.199017098353669,0.2091041041041041,3210.741045799525
5,1.831915915915916,3333.243389160747,0.199017098353669,0.2091041041041041,3210.741045799525
5,1.833916916916917,3333.247314050082,0.199017098353669,0.2091041041041041,3210.741045799525
5,1.835917917917918,3333.251209039403,0.199017098353669,0.2091041041041041,3210.741045799525
5,1.837918918918919,3333.255074353977,0.199017098353669,0.2091041041041041,3210.741045799525
5,1.83991991991992,3333.258910217332,0.199017098353669,0.2091041041041041,3210.741045799525
5,1.841920920920921,3333.262716851309,0.199017098353669,0.2091041041041041,3210.741045799525
5,1.843921921921922,3333.266494476053,0.199017098353669,0.2091041041041041,3210.741045799525
5,1.845922922922923,3333.270243310008,0.199017098353669,0.2091041041041041,3210.741045799525
5,1.847923923923924,3333.273963569978,0.199017098353669,0.2091041041041041,3210.741045799525
5,1.849924924924925,3333.277655471072,0.199017098353669,0.2091041041041041,3210.741045799525
5,1.851925925925926,3333.281319226795,0.199017098353669,0.2091041041041041,3210.741045799525
5,1.853926926926927,3333.284955048994,0.199017098353669,0.2091041041041041,3210.741045799525
5,1.855927927927928,3333.288563147917,0.199017098353669,0.2091041041041041,3210.741045799525
5,1.857928928928929,3333.292143732197,0.199017098353669,0.2091041041041041,3210.741045799525
5,1.85992992992993,3333.295697008862,0.199017098353669,0.2091041041041041,3210.741045799525
5,1.861930930930931,3333.299223183389,0.199017098353669,0.2091041041041041,3210.741045799525
5,1.863931931931932,3333.302722459664,0.199017098353669,0.2091041041041041,3210.741045799525
5,1.865932932932933,3333.306195040007,0.199017098353669,0.2091041041041041,3210.741045799525
5,1.867933933933934,3333.309641125229,0.199017098353669,0.2091041041041041,3210.741045799525
5,1.869934934934935,3333.313060914566,0.199017098353669,0.2091041041041041,3210.741045799525
5,1.871935935935936,3333.316454605763,0.199017098353669,0.2091041041041041,3210.741045799525
5,1.873936936936937,3333.319822395053,0.199017098353669,0.2091041041041041,3210.741045799525
5,1.875937937937938,3333.323164477155,0.199017098353669,0.2091041041041041,3210.741045799525
5,1.877938938938939,3333.326481045314,0.199017098353669,0.2091041041041041,3210.741045799525
5,1.87993993993994,3333.329772291298,0.199017098353669,0.2091041041041041,3210.741045799525
5,1.881940940940941,3333.333038405412,0.199017098353669,0.2091041041041041,3210.741045799525
5,1.883941941941942,3333.336279576501,0.199017098353669,0.2091041041041041,3210.741045799525
5,1.885942942942943,3333.339495992,0.199017098353669,0.2091041041041041,3210.741045799525
5,1.887943943943944,3333.342687837863,0.199017098353669,0.2091041041041041,3210.741045799525
5,1.889944944944945,3333.345855298665,0.199017098353669,0.2091041041041041,3210.741045799525
5,1.891945945945946,3333.348998557562,0.199017098353669,0.2091041041041041,3210.741045799525
5,1.893946946946947,3333.352117796308,0.199017098353669,0.2091041041041041,3210.741045799525
5,1.895947947947948,3333.355213195285,0.199017098353669,0.2091041041041041,3210.741045799525
5,1.897948948948949,3333.358284933477,0.199017098353669,0.2091041041041041,3210.741045799525
5,1.89994994994995,3333.361333188533,0.199017098353669,0.2091041041041041,3210.741045799525
5,1.901950950950951,3333.364358136705,0.199017098353669,0.2091041041041041,3210.741045799525
5,1.903951951951952,3333.367359952951,0.199017098353669,0.2091041041041041,3210.741045799525
5,1.905952952952953,3333.370338810863,0.199017098353669,0.2091041041041041,3210.741045799525
5,1.907953953953954,3333.373294882706,0.199017098353669,0.2091041041041041,3210.741045799525
5,1.909954954954955,3333.376228339466,0.199017098353669,0.2091041041041041,3210.741045799525
5,1.911955955955956,3333.379139350797,0.199017098353669,0.2091041041041041,3210.741045799525
5,1.913956956956957,3333.382028085053,0.199017098353669,0.2091041041041041,3210.741045799525
5,1.915957957957958,3333.384894709334,0.199017098353669,0.2091041041041041,3210.741045799525
5,1.917958958958959,3333.387739389448,0.199017098353669,0.2091041041041041,3210.741045799525
5,1.91995995995996,3333.390562289939,0.199017098353669,0.2091041041041041,3210.741045799525
5,1.921960960960961,3333.393363574114,0.199017098353669,0.2091041041041041,3210.741045799525
5,1.923961961961962,3333.396143404017,0.199017098353669,0.2091041041041041,3210.741045799525
5,1.925962962962963,3333.398901940464,0.199017098353669,0.2091041041041041,3210.741045799525
5,1.927963963963964,3333.401639343051,0.199017098353669,0.2091041041041041,3210.741045799525
5,1.929964964964965,3333.404355770163,0.199017098353669,0.2091041041041041,3210.741045799525
5,1.931965965965966,3333.407051378957,0.199017098353669,0.2091041041041041,3210.741045799525
5,1.933966966966967,3333.40972632542,0.199017098353669,0.2091041041041041,3210.741045799525
5,1.935967967967968,3333.412380764334,0.199017098353669,0.2091041041041041,3210.741045799525
5,1.937968968968969,3333.415014849313,0.199017098353669,0.2091041041041041,3210.741045799525
5,1.93996996996997,3333.417628732793,0.199017098353669,0.2091041041041041,3210.741045799525
5,1.941970970970971,3333.420222566067,0.199017098353669,0.2091041041041041,3210.741045799525
5,1.943971971971972,3333.422796499247,0.199017098353669,0.2091041041041041,3210.741045799525
5,1.945972972972973,3333.425350681335,0.199017098353669,0.2091041041041041,3210.741045799525
5,1.947973973973974,3333.427885260177,0.199017098353669,0.2091041041041041,3210.741045799525
5,1.949974974974975,3333.430400382506,0.199017098353669,0.2091041041041041,3210.741045799525
5,1.951975975975976,3333.432896193936,0.199017098353669,0.2091041041041041,3210.741045799525
5,1.953976976976977,3333.435372838971,0.199017098353669,0.2091041041041041,3210.741045799525
5,1.955977977977978,3333.437830461023,0.199017098353669,0.2091041041041041,3210.741045799525
5,1.957978978978979,3333.440269202398,0.199017098353669,0.2091041041041041,3210.741045799525
5,1.95997997997998,3333.44268920435,0.199017098353669,0.2091041041041041,3210.741045799525
5,1.961980980980981,3333.445090607014,0.199017098353669,0.2091041041041041,3210.741045799525
5,1.963981981981982,3333.447473549509,0.199017098353669,0.2091041041041041,3210.741045799525
5,1.965982982982983,3333.449838169865,0.199017098353669,0.2091041041041041,3210.741045799525
5,1.967983983983984,3333.452184605073,0.199017098353669,0.2091041041041041,3210.741045799525
5,1.969984984984985,3333.454512991082,0.199017098353669,0.2091041041041041,3210.741045799525
5,1.971985985985986,3333.456823462811,0.199017098353669,0.2091041041041041,3210.741045799525
5,1.973986986986987,3333.459116154148,0.199017098353669,0.2091041041041041,3210.741045799525
5,1.975987987987988,3333.461391197964,0.199017098353669,0.2091041041041041,3210.741045799525
5,1.977988988988989,3333.463648726136,0.199017098353669,0.2091041041041041,3210.741045799525
5,1.97998998998999,3333.465888869518,0.199017098353669,0.2091041041041041,3210.741045799525
5,1.981990990990991,3333.468111757984,0.199017098353669,0.2091041041041041,3210.741045799525
5,1.983991991991992,3333.470317520413,0.199017098353669,0.2091041041041041,3210.741045799525
5,1.985992992992993,3333.472506284719,0.199017098353669,0.2091041041041041,3210.741045799525
5,1.987993993993994,3333.474678177843,0.199017098353669,0.2091041041041041,3210.741045799525
5,1.989994994994995,3333.476833325735,0.199017098353669,0.2091041041041041,3210.741045799525
5,1.991995995995996,3333.478971853434,0.199017098353669,0.2091041041041041,3210.741045799525
5,1.993996996996997,3333.481093885001,0.199017098353669,0.2091041041041041,3210.741045799525
5,1.995997997997998,3333.483199543553,0.199017098353669,0.2091041041041041,3210.741045799525
5,1.997998998998999,3333.485288951296,0.199017098353669,0.2091041041041041,3210.741045799525
5,2,3333.487362229489,0.199017098353669,0.2091041041041041,3210.741045799525
